股票代码,股票简称,首次预约,初次变更,二次变更,三次变更,实际披露,报告期,预留,orgId
000001,平安银行,2026-08-15,,,,,2026-06-30,,gssz0000001
000002,万  科Ａ,2026-08-28,,,,,2026-06-30,,gssz0000002
000006,深振业Ａ,2026-08-26,,,,,2026-06-30,,gssz0000006
000007,全新好,2026-08-26,,,,,2026-06-30,,gssz0000007
000008,神州高铁,2026-08-29,,,,,2026-06-30,,gssz0000008
000009,中国宝安,2026-08-29,,,,,2026-06-30,,gssz0000009
000010,*ST美丽,2026-08-29,,,,,2026-06-30,,gssz0000010
000011,深物业A,2026-08-29,,,,,2026-06-30,,gssz0000011
000012,南  玻Ａ,2026-08-28,,,,,2026-06-30,,gssz0000012
000014,沙河股份,2026-08-28,,,,,2026-06-30,,gssz0000014
000016,*ST康佳A,2026-08-29,,,,,2026-06-30,,gssz0000016
000017,深中华A,2026-08-25,,,,,2026-06-30,,gssz0000017
000019,深粮控股,2026-08-28,,,,,2026-06-30,,gssz0000019
000020,深华发Ａ,2026-08-18,,,,,2026-06-30,,gssz0000020
000021,深科技,2026-08-26,,,,,2026-06-30,,gssz0000021
000025,特  力Ａ,2026-08-22,,,,,2026-06-30,,gssz0000025
000026,飞亚达,2026-08-21,,,,,2026-06-30,,gssz0000026
000027,深圳能源,2026-08-26,,,,,2026-06-30,,gssz0000027
000028,国药一致,2026-08-25,,2026-08-29,,,2026-06-30,,gssz0000028
000029,深深房Ａ,2026-08-26,,,,,2026-06-30,,gssz0000029
000030,富奥股份,2026-08-28,,,,,2026-06-30,,gssz0000030
000031,大悦城,2026-08-29,,,,,2026-06-30,,gssz0000031
000032,深桑达Ａ,2026-08-27,,,,,2026-06-30,,gssz0000032
000034,神州数码,2026-08-29,,,,,2026-06-30,,gssz0000034
000035,中国天楹,2026-08-29,,,,,2026-06-30,,gssz0000035
000036,华联控股,2026-08-28,,,,,2026-06-30,,gssz0000036
000037,深南电A,2026-08-25,,,,,2026-06-30,,gssz0000037
000039,中集集团,2026-08-29,,,,,2026-06-30,,gssz0000039
000042,中洲控股,2026-08-21,,,,,2026-06-30,,gssz0000042
000045,深纺织Ａ,2026-08-26,,,,,2026-06-30,,gssz0000045
000048,京基智农,2026-08-24,,,,,2026-06-30,,gssz0000048
000049,德赛电池,2026-08-18,,,,,2026-06-30,,gssz0000049
000050,深天马Ａ,2026-08-25,,,,,2026-06-30,,gssz0000050
000055,方大集团,2026-08-25,,,,,2026-06-30,,gssz0000055
000056,*ST皇庭,2026-08-25,,,,,2026-06-30,,gssz0000056
000058,深 赛 格,2026-08-27,,,,,2026-06-30,,gssz0000058
000059,华锦股份,2026-08-20,,,,,2026-06-30,,gssz0000059
000060,中金岭南,2026-08-20,,2026-08-28,,,2026-06-30,,gssz0000060
000061,农 产 品,2026-08-25,,,,,2026-06-30,,gssz0000061
000062,深圳华强,2026-08-28,,,,,2026-06-30,,gssz0000062
000063,中兴通讯,2026-08-22,,,,,2026-06-30,,gssz0000063
000065,北方国际,2026-08-24,,,,,2026-06-30,,gssz0000065
000066,中国长城,2026-08-29,,,,,2026-06-30,,gssz0000066
000068,华控赛格,2026-08-27,,,,,2026-06-30,,gssz0000068
000069,华侨城Ａ,2026-08-25,,,,,2026-06-30,,gssz0000069
000070,特发信息,2026-08-27,,,,,2026-06-30,,gssz0000070
000078,ST海王,2026-08-26,,,,,2026-06-30,,gssz0000078
000088,盐 田 港,2026-08-25,,,,,2026-06-30,,gssz0000088
000089,深圳机场,2026-08-20,,,,,2026-06-30,,gssz0000089
000090,天健集团,2026-08-22,,,,,2026-06-30,,gssz0000090
000096,广聚能源,2026-08-28,,,,,2026-06-30,,gssz0000096
000099,中信海直,2026-08-25,,,,,2026-06-30,,gssz0000099
000100,TCL科技,2026-08-29,,,,,2026-06-30,,gssz0000100
000151,中成股份,2026-08-27,,,,,2026-06-30,,gssz0000151
000153,丰原药业,2026-08-21,,,,,2026-06-30,,gssz0000153
000155,川能动力,2026-08-25,,,,,2026-06-30,,gssz0000155
000156,华数传媒,2026-08-29,,,,,2026-06-30,,gssz0000156
000157,中联重科,2026-08-28,,,,,2026-06-30,,gssz0000157
000158,常山北明,2026-08-29,,,,,2026-06-30,,gssz0000158
000159,国际实业,2026-08-29,,,,,2026-06-30,,gssz0000159
000166,申万宏源,2026-08-28,,,,,2026-06-30,,qsgn0000301
000301,东方盛虹,2026-08-29,,,,,2026-06-30,,gssz0000301
000333,美的集团,2026-08-29,,,,,2026-06-30,,9900005965
000338,潍柴动力,2026-08-28,,,,,2026-06-30,,9900002961
000400,许继电气,2026-08-20,,,,,2026-06-30,,gssz0000400
000401,金隅冀东,2026-08-28,,,,,2026-06-30,,gssz0000401
000402,金 融 街,2026-08-26,,,,,2026-06-30,,gssz0000402
000403,派林生物,2026-08-24,,,,,2026-06-30,,gssz0000403
000404,长虹华意,2026-08-13,,,,,2026-06-30,,gssz0000404
000407,胜利股份,2026-08-15,,,,,2026-06-30,,gssz0000407
000408,藏格矿业,2026-08-11,,,,,2026-06-30,,gssz0000408
000409,云鼎科技,2026-08-28,,,,,2026-06-30,,gssz0000409
000410,沈阳机床,2026-08-29,,,,,2026-06-30,,gssz0000410
000411,英特集团,2026-08-26,,,,,2026-06-30,,gssz0000411
000415,渤海租赁,2026-08-20,,,,,2026-06-30,,gssz0000415
000417,合百集团,2026-08-28,,,,,2026-06-30,,gssz0000417
000419,通程控股,2026-08-22,,,,,2026-06-30,,gssz0000419
000420,吉林化纤,2026-08-27,,,,,2026-06-30,,gssz0000420
000421,南京公用,2026-08-24,,,,,2026-06-30,,gssz0000421
000422,湖北宜化,2026-08-12,,,,,2026-06-30,,gssz0000422
000423,东阿阿胶,2026-08-21,,,,,2026-06-30,,gssz0000423
000425,徐工机械,2026-08-29,,,,,2026-06-30,,gssz0000425
000426,兴业银锡,2026-08-29,,,,,2026-06-30,,gssz0000426
000428,华天酒店,2026-08-25,,,,,2026-06-30,,gssz0000428
000429,粤高速Ａ,2026-08-25,,,,,2026-06-30,,gssz0000429
000430,张家界,2026-08-18,,,,,2026-06-30,,gssz0000430
000488,ST晨鸣,2026-08-29,,,,,2026-06-30,,gssz0000488
000498,山东路桥,2026-08-26,,,,,2026-06-30,,gssz0000498
000501,武商集团,2026-08-28,,,,,2026-06-30,,gssz0000501
000503,国新健康,2026-08-26,,,,,2026-06-30,,gssz0000503
000504,南华生物,2026-08-24,,,,,2026-06-30,,gssz0000504
000505,京粮控股,2026-08-27,,,,,2026-06-30,,gssz0000505
000506,招金黄金,2026-08-18,,,,,2026-06-30,,gssz0000506
000507,珠海港,2026-08-29,,,,,2026-06-30,,gssz0000507
000509,华塑控股,2026-08-26,,,,,2026-06-30,,gssz0000509
000510,新金路,2026-08-28,,,,,2026-06-30,,gssz0000510
000513,丽珠集团,2026-08-22,,,,,2026-06-30,,gssz0000513
000514,渝 开 发,2026-08-25,,,,,2026-06-30,,gssz0000514
000516,国际医学,2026-08-21,,,,,2026-06-30,,gssz0000516
000517,荣安地产,2026-08-29,,,,,2026-06-30,,gssz0000517
000518,四环生物,2026-08-21,,,,,2026-06-30,,gssz0000518
000519,中兵红箭,2026-08-21,,,,,2026-06-30,,gssz0000519
000520,凤凰航运,2026-08-20,,,,,2026-06-30,,gssz0000520
000521,长虹美菱,2026-08-20,,,,,2026-06-30,,gssz0000521
000523,红棉股份,2026-08-27,,,,,2026-06-30,,gssz0000523
000524,岭南控股,2026-08-27,,,,,2026-06-30,,gssz0000524
000525,红太阳,2026-08-18,,,,,2026-06-30,,gssz0000525
000526,学大教育,2026-08-18,,,,,2026-06-30,,gssz0000526
000528,柳    工,2026-08-27,,,,,2026-06-30,,gssz0000528
000529,广弘控股,2026-08-27,,,,,2026-06-30,,gssz0000529
000530,冰山冷热,2026-08-13,,,,,2026-06-30,,gssz0000530
000531,穗恒运Ａ,2026-08-29,,,,,2026-06-30,,gssz0000531
000532,华金资本,2026-08-21,,,,,2026-06-30,,gssz0000532
000533,顺钠股份,2026-08-20,,,,,2026-06-30,,gssz0000533
000534,万泽股份,2026-08-21,,,,,2026-06-30,,gssz0000534
000536,华映科技,2026-08-14,,,,,2026-06-30,,gssz0000536
000537,绿发电力,2026-08-28,,,,,2026-06-30,,gssz0000537
000538,云南白药,2026-08-29,,,,,2026-06-30,,gssz0000538
000539,粤电力Ａ,2026-08-26,,,,,2026-06-30,,gssz0000539
000541,佛山照明,2026-08-25,,,,,2026-06-30,,gssz0000541
000543,皖能电力,2026-08-29,,,,,2026-06-30,,gssz0000543
000544,中原环保,2026-08-24,,,,,2026-06-30,,gssz0000544
000545,金浦钛业,2026-08-21,,,,,2026-06-30,,gssz0000545
000546,金圆股份,2026-08-26,,,,,2026-06-30,,gssz0000546
000547,航天发展,2026-08-20,,,,,2026-06-30,,gssz0000547
000548,湖南投资,2026-08-29,,,,,2026-06-30,,gssz0000548
000550,江铃汽车,2026-08-24,,,,,2026-06-30,,gssz0000550
000551,创元科技,2026-08-18,,,,,2026-06-30,,gssz0000551
000552,甘肃能化,2026-08-25,,,,,2026-06-30,,gssz0000552
000553,安道麦A,2026-08-19,,,,,2026-06-30,,gssz0000553
000554,泰山石油,2026-08-27,,,,,2026-06-30,,gssz0000554
000555,神州信息,2026-08-29,,,,,2026-06-30,,gssz0000555
000557,西部创业,2026-08-27,,,,,2026-06-30,,gssz0000557
000558,天府文旅,2026-08-26,,,,,2026-06-30,,gssz0000558
000559,万向钱潮,2026-08-21,,,,,2026-06-30,,gssz0000559
000560,我爱我家,2026-08-28,,,,,2026-06-30,,gssz0000560
000561,烽火电子,2026-08-28,,,,,2026-06-30,,gssz0000561
000563,陕国投Ａ,2026-08-26,,,,,2026-06-30,,gssz0000563
000564,供销大集,2026-08-28,,,,,2026-06-30,,gssz0000564
000565,渝三峡Ａ,2026-08-25,,,,,2026-06-30,,gssz0000565
000566,海南海药,2026-08-22,,,,,2026-06-30,,gssz0000566
000567,海德股份,2026-08-28,,,,,2026-06-30,,gssz0000567
000568,泸州老窖,2026-08-26,,,,,2026-06-30,,gssz0000568
000570,苏常柴Ａ,2026-08-21,,,,,2026-06-30,,gssz0000570
000571,新大洲Ａ,2026-08-27,,,,,2026-06-30,,gssz0000571
000572,海马汽车,2026-08-25,,,,,2026-06-30,,gssz0000572
000573,粤宏远Ａ,2026-08-29,,,,,2026-06-30,,gssz0000573
000576,甘化科工,2026-08-27,,,,,2026-06-30,,gssz0000576
000581,威孚高科,2026-08-26,,,,,2026-06-30,,gssz0000581
000582,北部湾港,2026-08-18,,,,,2026-06-30,,gssz0000582
000586,汇源通信,2026-08-25,,,,,2026-06-30,,gssz0000586
000589,贵州轮胎,2026-08-29,,,,,2026-06-30,,gssz0000589
000590,古汉医药,2026-08-27,,,,,2026-06-30,,gssz0000590
000591,太阳能,2026-08-28,,,,,2026-06-30,,gssz0000591
000592,平潭发展,2026-08-27,,,,,2026-06-30,,gssz0000592
000593,德龙汇能,2026-08-22,,,,,2026-06-30,,gssz0000593
000595,新能股份,2026-08-15,,,,,2026-06-30,,gssz0000595
000596,古井贡酒,2026-08-29,,,,,2026-06-30,,gssz0000596
000597,东北制药,2026-08-25,,,,,2026-06-30,,gssz0000597
000598,兴蓉环境,2026-08-26,,,,,2026-06-30,,gssz0000598
000599,青岛双星,2026-08-14,,,,,2026-06-30,,gssz0000599
000600,建投能源,2026-08-29,,,,,2026-06-30,,gssz0000600
000601,韶能股份,2026-08-24,,,,,2026-06-30,,gssz0000601
000603,盛达资源,2026-08-27,,,,,2026-06-30,,gssz0000603
000605,渤海股份,2026-08-29,,,,,2026-06-30,,gssz0000605
000607,华媒控股,2026-08-22,,,,,2026-06-30,,gssz0000607
000608,阳光股份,2026-08-27,,,,,2026-06-30,,gssz0000608
000609,*ST中迪,2026-08-20,,,,,2026-06-30,,gssz0000609
000610,*ST西旅,2026-08-21,,,,,2026-06-30,,gssz0000610
000612,焦作万方,2026-08-29,,,,,2026-06-30,,gssz0000612
000615,*ST美谷,2026-08-24,,,,,2026-06-30,,gssz0000615
000617,中油资本,2026-08-28,,,,,2026-06-30,,gssz0000617
000619,海螺新材,2026-08-28,,,,,2026-06-30,,gssz0000619
000620,盈新发展,2026-08-22,,,,,2026-06-30,,gssz0000620
000623,吉林敖东,2026-08-27,,2026-08-29,,,2026-06-30,,gssz0000623
000625,长安汽车,2026-08-29,,,,,2026-06-30,,gssz0000625
000626,远大控股,2026-08-27,,,,,2026-06-30,,gssz0000626
000628,高新发展,2026-08-24,,,,,2026-06-30,,gssz0000628
000629,钒钛股份,2026-08-24,,,,,2026-06-30,,gssz0000629
000630,铜陵有色,2026-08-28,,,,,2026-06-30,,gssz0000630
000631,顺发恒能,2026-08-27,,,,,2026-06-30,,gssz0000631
000632,ST三木,2026-08-26,,,,,2026-06-30,,gssz0000632
000633,合金投资,2026-07-31,,,,,2026-06-30,,gssz0000633
000635,英 力 特,2026-08-15,,,,,2026-06-30,,gssz0000635
000636,风华高科,2026-08-28,,,,,2026-06-30,,gssz0000636
000637,茂化实华,2026-08-28,,,,,2026-06-30,,gssz0000637
000639,ST西王,2026-08-22,,,,,2026-06-30,,gssz0000639
000650,仁和药业,2026-08-26,,,,,2026-06-30,,gssz0000650
000651,格力电器,2026-08-27,,,,,2026-06-30,,gssz0000651
000652,泰达股份,2026-08-22,,,,,2026-06-30,,gssz0000652
000655,金岭矿业,2026-08-22,,,,,2026-06-30,,gssz0000655
000656,金科股份,2026-08-25,,,,,2026-06-30,,gssz0000656
000657,中钨高新,2026-08-24,,,,,2026-06-30,,gssz0000657
000659,珠海中富,2026-08-19,,,,,2026-06-30,,gssz0000659
000661,长春高新,2026-08-21,,,,,2026-06-30,,gssz0000661
000663,永安林业,2026-08-28,,,,,2026-06-30,,gssz0000663
000665,湖北广电,2026-08-25,,,,,2026-06-30,,gssz0000665
000668,荣丰控股,2026-08-22,,,,,2026-06-30,,gssz0000668
000669,ST金鸿,2026-08-22,,,,,2026-06-30,,gssz0000669
000670,盈方微,2026-08-25,,,,,2026-06-30,,gssz0000670
000672,上峰材料,2026-08-24,,,,,2026-06-30,,gssz0000672
000676,智度股份,2026-08-29,,,,,2026-06-30,,gssz0000676
000677,ST海龙,2026-08-26,,,,,2026-06-30,,gssz0000677
000678,襄阳轴承,2026-08-27,,,,,2026-06-30,,gssz0000678
000679,大连友谊,2026-08-28,,,,,2026-06-30,,gssz0000679
000680,山推股份,2026-08-11,,,,,2026-06-30,,gssz0000680
000681,视觉中国,2026-08-25,,,,,2026-06-30,,gssz0000681
000682,东方电子,2026-08-20,,,,,2026-06-30,,gssz0000682
000683,博源化工,2026-07-31,,,,,2026-06-30,,gssz0000683
000685,中山公用,2026-08-29,,,,,2026-06-30,,gssz0000685
000686,东北证券,2026-08-20,,,,,2026-06-30,,gssz0000686
000688,国城矿业,2026-08-27,,,,,2026-06-30,,gssz0000688
000690,宝新能源,2026-08-22,,,,,2026-06-30,,gssz0000690
000691,亚太实业,2026-08-22,,,,,2026-06-30,,gssz0000691
000692,惠天热电,2026-08-25,,,,,2026-06-30,,gssz0000692
000695,滨海能源,2026-08-08,,,,,2026-06-30,,gssz0000695
000697,炼石航空,2026-08-21,,,,,2026-06-30,,gssz0000697
000698,ST沈化,2026-08-15,,,,,2026-06-30,,gssz0000698
000700,模塑科技,2026-08-26,,,,,2026-06-30,,gssz0000700
000701,厦门信达,2026-08-20,,,,,2026-06-30,,gssz0000701
000702,正虹科技,2026-08-26,,,,,2026-06-30,,gssz0000702
000703,恒逸石化,2026-08-11,,,,,2026-06-30,,gssz0000703
000705,浙江震元,2026-08-21,,,,,2026-06-30,,gssz0000705
000707,双环科技,2026-08-24,,,,,2026-06-30,,gssz0000707
000708,中信特钢,2026-08-21,,,,,2026-06-30,,gssz0000708
000709,河钢股份,2026-08-26,,,,,2026-06-30,,gssz0000709
000710,贝瑞基因,2026-08-24,,,,,2026-06-30,,gssz0000710
000711,ST京蓝,2026-08-28,,,,,2026-06-30,,gssz0000711
000712,锦龙股份,2026-08-28,,,,,2026-06-30,,gssz0000712
000713,国投丰乐,2026-08-21,,,,,2026-06-30,,gssz0000713
000715,中兴商业,2026-08-22,,,,,2026-06-30,,gssz0000715
000716,黑芝麻,2026-08-29,,,,,2026-06-30,,gssz0000716
000717,中南股份,2026-08-27,,,,,2026-06-30,,gssz0000717
000718,苏宁环球,2026-08-29,,,,,2026-06-30,,gssz0000718
000719,中原传媒,2026-08-24,,,,,2026-06-30,,gssz0000719
000720,新能泰山,2026-08-25,,,,,2026-06-30,,gssz0000720
000721,西安饮食,2026-08-20,,,,,2026-06-30,,gssz0000721
000722,湖南发展,2026-08-26,,,,,2026-06-30,,gssz0000722
000723,美锦能源,2026-08-27,,,,,2026-06-30,,gssz0000723
000725,京东方Ａ,2026-08-29,,,,,2026-06-30,,gssz0000725
000726,鲁  泰Ａ,2026-08-29,,,,,2026-06-30,,gssz0000726
000727,冠捷科技,2026-08-26,,,,,2026-06-30,,gssz0000727
000728,国元证券,2026-08-18,,2026-08-25,,,2026-06-30,,gssz0000728
000729,燕京啤酒,2026-08-21,,,,,2026-06-30,,gssz0000729
000731,四川美丰,2026-08-25,,,,,2026-06-30,,gssz0000731
000733,振华科技,2026-08-26,,,,,2026-06-30,,gssz0000733
000735,罗 牛 山,2026-08-22,,,,,2026-06-30,,gssz0000735
000736,中交发展,2026-08-20,,,,,2026-06-30,,gssz0000736
000737,北方铜业,2026-08-27,,,,,2026-06-30,,gssz0000737
000738,航发控制,2026-08-20,,,,,2026-06-30,,gssz0000738
000739,普洛药业,2026-08-20,,,,,2026-06-30,,gssz0000739
000750,国海证券,2026-08-22,,,,,2026-06-30,,gssz0000750
000751,锌业股份,2026-08-28,,,,,2026-06-30,,gssz0000751
000752,*ST西发,2026-08-24,,,,,2026-06-30,,gssz0000752
000753,漳州发展,2026-08-22,,,,,2026-06-30,,gssz0000753
000755,山西高速,2026-08-26,,,,,2026-06-30,,gssz0000755
000756,新华制药,2026-08-26,,,,,2026-06-30,,gssz0000756
000757,浩物股份,2026-08-21,,,,,2026-06-30,,gssz0000757
000758,中色股份,2026-08-28,,,,,2026-06-30,,gssz0000758
000759,中百集团,2026-08-27,,,,,2026-06-30,,gssz0000759
000761,本钢板材,2026-08-29,,,,,2026-06-30,,gssz0000761
000762,西藏矿业,2026-08-11,,,,,2026-06-30,,gssz0000762
000766,通化金马,2026-08-21,,,,,2026-06-30,,gssz0000766
000767,晋控电力,2026-08-20,,,,,2026-06-30,,gssz0000767
000768,中航西飞,2026-08-25,,,,,2026-06-30,,gssz0000768
000776,广发证券,2026-08-29,,,,,2026-06-30,,gssz0000776
000777,中核科技,2026-08-26,,,,,2026-06-30,,gssz0000777
000778,新兴铸管,2026-08-25,,,,,2026-06-30,,gssz0000778
000779,甘咨询,2026-08-22,,,,,2026-06-30,,gssz0000779
000782,恒申新材,2026-08-14,,,,,2026-06-30,,gssz0000782
000783,长江证券,2026-08-26,,,,,2026-06-30,,gssz0000783
000785,居然智家,2026-08-25,,,,,2026-06-30,,gssz0000785
000786,北新建材,2026-08-21,,,,,2026-06-30,,gssz0000786
000788,北大医药,2026-08-25,,,,,2026-06-30,,gssz0000788
000789,万年青,2026-08-27,,,,,2026-06-30,,gssz0000789
000790,华神科技,2026-08-24,,,,,2026-06-30,,gssz0000790
000791,甘肃能源,2026-08-15,,,,,2026-06-30,,gssz0000791
000792,盐湖股份,2026-08-26,,,,,2026-06-30,,gssz0000792
000793,*ST华闻,2026-08-22,,,,,2026-06-30,,gssz0000793
000795,英洛华,2026-08-20,,,,,2026-06-30,,gssz0000795
000796,凯撒旅业,2026-08-28,,,,,2026-06-30,,gssz0000796
000797,中国武夷,2026-08-25,,,,,2026-06-30,,gssz0000797
000798,中水渔业,2026-08-21,,,,,2026-06-30,,gssz0000798
000799,酒鬼酒,2026-08-25,,,,,2026-06-30,,gssz0000799
000800,一汽解放,2026-08-29,,,,,2026-06-30,,gssz0000800
000801,四川九洲,2026-08-29,,,,,2026-06-30,,gssz0000801
000802,北京文化,2026-08-15,,,,,2026-06-30,,gssz0000802
000803,山高环能,2026-08-25,,,,,2026-06-30,,gssz0000803
000807,云铝股份,2026-08-28,,,,,2026-06-30,,gssz0000807
000809,和展能源,2026-08-21,,,,,2026-06-30,,gssz0000809
000810,创维数字,2026-08-22,,,,,2026-06-30,,gssz0000810
000811,冰轮环境,2026-08-21,,,,,2026-06-30,,gssz0000811
000812,陕西金叶,2026-08-26,,,,,2026-06-30,,gssz0000812
000813,德展健康,2026-08-29,,,,,2026-06-30,,gssz0000813
000815,美利云,2026-08-25,,,,,2026-06-30,,gssz0000815
000816,智慧农业,2026-08-18,,,,,2026-06-30,,gssz0000816
000818,航锦科技,2026-08-14,,,,,2026-06-30,,gssz0000818
000819,岳阳兴长,2026-08-18,,,,,2026-06-30,,gssz0000819
000820,*ST节能,2026-08-28,,,,,2026-06-30,,gssz0000820
000821,ST京机,2026-08-22,,,,,2026-06-30,,gssz0000821
000822,山东海化,2026-08-24,,,,,2026-06-30,,gssz0000822
000823,超声电子,2026-08-22,,,,,2026-06-30,,gssz0000823
000825,太钢不锈,2026-08-27,,,,,2026-06-30,,gssz0000825
000826,*ST启环,2026-08-21,,2026-08-28,,,2026-06-30,,gssz0000826
000828,东莞控股,2026-08-20,,,,,2026-06-30,,gssz0000828
000829,天音控股,2026-08-26,,,,,2026-06-30,,gssz0000829
000830,鲁西化工,2026-08-29,,,,,2026-06-30,,gssz0000830
000831,中国稀土,2026-08-08,,,,,2026-06-30,,gssz0000831
000833,粤桂股份,2026-08-24,,,,,2026-06-30,,gssz0000833
000837,秦川机床,2026-08-29,,,,,2026-06-30,,gssz0000837
000838,*ST发展,2026-08-22,,,,,2026-06-30,,gssz0000838
000839,国安股份,2026-08-27,,,,,2026-06-30,,gssz0000839
000848,承德露露,2026-08-15,,,,,2026-06-30,,gssz0000848
000850,华茂股份,2026-08-25,,,,,2026-06-30,,gssz0000850
000852,石化机械,2026-08-28,,,,,2026-06-30,,gssz0000852
000856,冀东装备,2026-08-22,,,,,2026-06-30,,gssz0000856
000858,五 粮 液,2026-08-29,,,,,2026-06-30,,gssz0000858
000859,国风新材,2026-08-20,,,,,2026-06-30,,gssz0000859
000860,顺鑫农业,2026-08-22,,,,,2026-06-30,,gssz0000860
000862,银星能源,2026-08-24,,,,,2026-06-30,,gssz0000862
000863,三湘印象,2026-08-25,,,,,2026-06-30,,gssz0000863
000868,安凯客车,2026-08-18,,,,,2026-06-30,,gssz0000868
000869,张  裕Ａ,2026-08-21,,,,,2026-06-30,,gssz0000869
000875,电投绿能,2026-08-25,,,,,2026-06-30,,gssz0000875
000876,新 希 望,2026-08-27,,,,,2026-06-30,,gssz0000876
000877,天山股份,2026-08-26,,,,,2026-06-30,,gssz0000877
000878,云南铜业,2026-08-28,,,,,2026-06-30,,gssz0000878
000880,潍柴重机,2026-08-28,,,,,2026-06-30,,gssz0000880
000881,中广核技,2026-08-29,,,,,2026-06-30,,gssz0000881
000882,华联股份,2026-08-27,,,,,2026-06-30,,gssz0000882
000883,湖北能源,2026-08-29,,,,,2026-06-30,,gssz0000883
000885,城发环境,2026-08-21,,,,,2026-06-30,,gssz0000885
000886,海南高速,2026-08-28,,,,,2026-06-30,,gssz0000886
000887,中鼎股份,2026-08-28,,,,,2026-06-30,,gssz0000887
000888,峨眉山Ａ,2026-08-28,,,,,2026-06-30,,gssz0000888
000889,中嘉博创,2026-08-25,,,,,2026-06-30,,gssz0000889
000890,法尔胜,2026-08-29,,,,,2026-06-30,,gssz0000890
000892,欢瑞世纪,2026-08-27,,,,,2026-06-30,,gssz0000892
000893,亚钾国际,2026-08-28,,,,,2026-06-30,,gssz0000893
000895,双汇发展,2026-08-12,,,,,2026-06-30,,gssz0000895
000897,津滨发展,2026-08-29,,,,,2026-06-30,,gssz0000897
000898,鞍钢股份,2026-08-28,,,,,2026-06-30,,gssz0000898
000899,赣能股份,2026-08-22,,,,,2026-06-30,,gssz0000899
000900,现代投资,2026-08-28,,,,,2026-06-30,,gssz0000900
000901,航天科技,2026-08-29,,,,,2026-06-30,,gssz0000901
000902,新洋丰,2026-08-18,,,,,2026-06-30,,gssz0000902
000903,ST云动,2026-08-26,,,,,2026-06-30,,gssz0000903
000905,厦门港务,2026-08-26,,,,,2026-06-30,,gssz0000905
000906,浙商中拓,2026-08-26,,,,,2026-06-30,,gssz0000906
000908,石药景峰,2026-08-21,,,,,2026-06-30,,gssz0000908
000909,*ST数源,2026-08-10,,,,,2026-06-30,,gssz0000909
000910,大亚圣象,2026-08-28,,,,,2026-06-30,,gssz0000910
000911,*ST广糖,2026-07-31,,,,,2026-06-30,,gssz0000911
000912,泸天化,2026-08-22,,,,,2026-06-30,,gssz0000912
000913,钱江摩托,2026-08-28,,,,,2026-06-30,,gssz0000913
000915,华特达因,2026-08-21,,,,,2026-06-30,,gssz0000915
000917,电广传媒,2026-08-20,,,,,2026-06-30,,gssz0000917
000919,金陵药业,2026-08-29,,,,,2026-06-30,,gssz0000919
000920,沃顿科技,2026-08-21,,,,,2026-06-30,,gssz0000920
000921,海信家电,2026-08-28,,2026-08-18,,,2026-06-30,,gssz0000921
000922,佳电股份,2026-08-21,,,,,2026-06-30,,gssz0000922
000923,河钢资源,2026-08-25,,,,,2026-06-30,,gssz0000923
000925,众合科技,2026-08-22,,,,,2026-06-30,,gssz0000925
000926,福星股份,2026-08-29,,,,,2026-06-30,,gssz0000926
000927,中国铁物,2026-08-26,,,,,2026-06-30,,gssz0000927
000928,中钢国际,2026-08-28,,,,,2026-06-30,,gssz0000928
000929,兰州黄河,2026-08-27,,,,,2026-06-30,,gssz0000929
000930,中粮科技,2026-08-28,,,,,2026-06-30,,gssz0000930
000931,中 关 村,2026-08-22,,,,,2026-06-30,,gssz0000931
000932,华菱钢铁,2026-08-27,,,,,2026-06-30,,gssz0000932
000933,神火股份,2026-07-28,,,,,2026-06-30,,gssz0000933
000935,四川双马,2026-08-29,,,,,2026-06-30,,gssz0000935
000936,华西股份,2026-08-28,,,,,2026-06-30,,gssz0000936
000937,冀中能源,2026-08-27,,,,,2026-06-30,,gssz0000937
000938,紫光股份,2026-08-29,,,,,2026-06-30,,gssz0000938
000948,南天信息,2026-08-21,,,,,2026-06-30,,gssz0000948
000949,新乡化纤,2026-08-29,,,,,2026-06-30,,gssz0000949
000950,重药控股,2026-08-26,,,,,2026-06-30,,gssz0000950
000951,中国重汽,2026-08-27,,,,,2026-06-30,,gssz0000951
000952,广济药业,2026-08-28,,,,,2026-06-30,,gssz0000952
000953,中哲精化,2026-08-26,,,,,2026-06-30,,gssz0000953
000955,欣龙控股,2026-08-20,,,,,2026-06-30,,gssz0000955
000957,中通客车,2026-08-28,,,,,2026-06-30,,gssz0000957
000958,电投产融,2026-08-28,,,,,2026-06-30,,gssz0000958
000959,首钢股份,2026-08-29,,,,,2026-06-30,,gssz0000959
000960,锡业股份,2026-08-20,,,,,2026-06-30,,gssz0000960
000962,东方钽业,2026-08-25,,,,,2026-06-30,,gssz0000962
000963,华东医药,2026-08-27,,,,,2026-06-30,,gssz0000963
000965,天保基建,2026-08-27,,,,,2026-06-30,,gssz0000965
000966,长源电力,2026-08-20,,,,,2026-06-30,,gssz0000966
000967,盈峰环境,2026-08-28,,,,,2026-06-30,,gssz0000967
000968,蓝焰控股,2026-08-26,,,,,2026-06-30,,gssz0000968
000969,安泰科技,2026-08-29,,,,,2026-06-30,,gssz0000969
000970,中科三环,2026-08-22,,,,,2026-06-30,,gssz0000970
000972,中基健康,2026-08-29,,,,,2026-06-30,,gssz0000972
000973,佛塑科技,2026-08-28,,,,,2026-06-30,,gssz0000973
000975,山金国际,2026-08-20,,,,,2026-06-30,,gssz0000975
000977,浪潮信息,2026-08-29,,,,,2026-06-30,,gssz0000977
000978,桂林旅游,2026-08-27,,,,,2026-06-30,,gssz0000978
000980,众泰汽车,2026-08-29,,,,,2026-06-30,,gssz0000980
000981,山子高科,2026-08-27,,,,,2026-06-30,,gssz0000981
000983,山西焦煤,2026-08-28,,,,,2026-06-30,,gssz0000983
000985,大庆华科,2026-08-22,,,,,2026-06-30,,gssz0000985
000987,越秀资本,2026-08-29,,,,,2026-06-30,,gssz0000987
000988,华工科技,2026-08-27,,,,,2026-06-30,,gssz0000988
000989,九芝堂,2026-08-20,,,,,2026-06-30,,gssz0000989
000990,诚志股份,2026-08-13,,,,,2026-06-30,,gssz0000990
000993,闽东电力,2026-08-21,,,,,2026-06-30,,gssz0000993
000995,皇台酒业,2026-08-26,,,,,2026-06-30,,gssz0000995
000997,新 大 陆,2026-08-20,,2026-08-26,,,2026-06-30,,gssz0000997
000998,隆平高科,2026-08-22,,,,,2026-06-30,,gssz0000998
000999,华润三九,2026-08-22,,,,,2026-06-30,,gssz0000999
001201,东瑞股份,2026-08-29,,,,,2026-06-30,,9900036405
001202,炬申股份,2026-08-25,,,,,2026-06-30,,gfbj0839749
001203,大中矿业,2026-08-08,,,,,2026-06-30,,9900023231
001205,盛航股份,2026-08-15,,,,,2026-06-30,,gfbj0832659
001206,依依股份,2026-08-26,,,,,2026-06-30,,gfbj0870245
001207,联科科技,2026-08-11,,,,,2026-06-30,,9900041710
001208,华菱线缆,2026-08-27,,,,,2026-06-30,,9900023198
001209,洪兴股份,2026-08-27,,,,,2026-06-30,,9900041427
001210,金房能源,2026-08-21,,,,,2026-06-30,,9900035875
001211,双枪科技,2026-08-27,,,,,2026-06-30,,9900041883
001212,中旗新材,2026-08-21,,,,,2026-06-30,,nssc1000239
001213,中铁特货,2026-08-28,,,,,2026-06-30,,nssc1000059
001215,千味央厨,2026-08-29,,,,,2026-06-30,,9900041525
001216,华瓷股份,2026-08-26,,,,,2026-06-30,,9900023696
001217,华尔泰,2026-07-31,,,,,2026-06-30,,9900041548
001218,丽臣实业,2026-08-20,,,,,2026-06-30,,9900024906
001219,青岛食品,2026-08-21,,,,,2026-06-30,,gfbj0872387
001220,世盟股份,2026-08-26,,,,,2026-06-30,,nssc1000286
001221,悍高集团,2026-08-10,,,,,2026-06-30,,9900053810
001222,源飞宠物,2026-08-28,,,,,2026-06-30,,9900052564
001223,欧克科技,2026-08-29,,,,,2026-06-30,,9900048037
001225,和泰机电,2026-08-28,,,,,2026-06-30,,9900048366
001226,拓山重工,2026-08-28,,,,,2026-06-30,,9900052656
001227,兰州银行,2026-08-29,,,,,2026-06-30,,9900021964
001228,永泰运,2026-08-28,,,,,2026-06-30,,nssc1000083
001229,魅视科技,2026-08-24,,,,,2026-06-30,,9900047621
001230,劲旅环境,2026-08-28,,,,,2026-06-30,,nssc1000600
001231,农心科技,2026-08-28,,,,,2026-06-30,,9900047224
001233,海安集团,2026-08-27,,,,,2026-06-30,,9900059058
001234,泰慕士,2026-08-24,,,,,2026-06-30,,9900046655
001236,弘业期货,2026-08-27,,,,,2026-06-30,,9900031747
001237,惠康科技,2026-08-28,,,,,2026-06-30,,9900063097
001238,浙江正特,2026-08-27,,,,,2026-06-30,,9900033230
001239,永达股份,2026-08-27,,,,,2026-06-30,,9900054494
001248,华润新能源,2026-08-26,,,,,2026-06-30,,9900062481
001255,博菲电气,2026-08-25,,,,,2026-06-30,,9900052533
001256,炜冈科技,2026-08-27,,,,,2026-06-30,,9900053246
001257,盛龙股份,2026-08-21,,,,,2026-06-30,,9900062969
001258,立新能源,2026-08-25,,,,,2026-06-30,,9900046967
001259,利仁科技,2026-08-21,,,,,2026-06-30,,gfbj0838907
001260,坤泰股份,2026-08-29,,,,,2026-06-30,,9900046979
001266,宏英智能,2026-08-29,,,,,2026-06-30,,9900048786
001267,汇绿生态,2026-08-15,,,,,2026-06-30,,gssz0000765
001268,联合精密,2026-08-27,,,,,2026-06-30,,nssc1000056
001269,欧晶科技,2026-08-29,,,,,2026-06-30,,gfbj0836724
001270,铖昌科技,2026-08-19,,,,,2026-06-30,,9900052541
001277,速达股份,2026-08-29,,,,,2026-06-30,,gfbj0833293
001278,一彬科技,2026-08-29,,,,,2026-06-30,,gfbj0871976
001279,强邦新材,2026-08-28,,,,,2026-06-30,,9900053342
001280,中国铀业,2026-08-29,,,,,2026-06-30,,9900061069
001282,三联锻造,2026-08-26,,,,,2026-06-30,,9900048170
001283,豪鹏科技,2026-08-25,,,,,2026-06-30,,9900048773
001285,瑞立科密,2026-08-26,,,,,2026-06-30,,gfbj0833321
001286,陕西能源,2026-08-21,,,,,2026-06-30,,9900048369
001287,中电港,2026-08-21,,,,,2026-06-30,,9900054451
001288,运机集团,2026-08-28,,,,,2026-06-30,,9900041838
001289,龙源电力,2026-08-28,,,,,2026-06-30,,9900009768
001296,长江材料,2026-08-28,,,,,2026-06-30,,gfbj0833138
001298,好上好,2026-08-28,,,,,2026-06-30,,9900047340
001299,美能能源,2026-08-27,,,,,2026-06-30,,gfbj0838794
001300,三柏硕,2026-08-27,,,,,2026-06-30,,9900048101
001301,尚太科技,2026-08-19,,,,,2026-06-30,,9900047767
001306,夏厦精密,2026-08-26,,,,,2026-06-30,,9900047779
001308,康冠科技,2026-08-25,,,,,2026-06-30,,nssc1000504
001309,德明利,2026-08-25,,,,,2026-06-30,,nssc1000644
001311,多利科技,2026-08-14,,,,,2026-06-30,,9900052515
001312,福恩股份,2026-08-12,,,,,2026-06-30,,9900063187
001313,粤海饲料,2026-08-26,,,,,2026-06-30,,9900038396
001314,亿道信息,2026-08-25,,,,,2026-06-30,,gfbj0837171
001316,润贝航科,2026-08-24,,,,,2026-06-30,,9900048764
001317,三羊马,2026-08-21,,,,,2026-06-30,,gfbj0838107
001318,阳光乳业,2026-08-22,,,,,2026-06-30,,9900041625
001319,铭科精技,2026-08-26,,,,,2026-06-30,,9900047223
001322,箭牌家居,2026-08-27,,,,,2026-06-30,,9900047305
001323,慕思股份,2026-08-26,,,,,2026-06-30,,9900046964
001324,长青科技,2026-08-22,,,,,2026-06-30,,9900048581
001325,元创股份,2026-08-27,,,,,2026-06-30,,9900048038
001326,联域股份,2026-08-25,,,,,2026-06-30,,9900055651
001328,登康口腔,2026-08-21,,,,,2026-06-30,,GD081685
001330,博纳影业,2026-08-26,,,,,2026-06-30,,9900036065
001331,胜通能源,2026-08-28,,,,,2026-06-30,,9900047217
001332,锡装股份,2026-08-25,,,,,2026-06-30,,9900031494
001333,光华股份,2026-08-25,,,,,2026-06-30,,nssc1000548
001335,信凯科技,2026-08-24,,,,,2026-06-30,,9900056879
001336,楚环科技,2026-08-29,,,,,2026-06-30,,9900052524
001337,四川黄金,2026-08-21,,,,,2026-06-30,,9900051539
001338,永顺泰,2026-08-27,,,,,2026-06-30,,9900048070
001339,智微智能,2026-07-18,,,,,2026-06-30,,9900049006
001356,富岭股份,2026-08-29,,,,,2026-06-30,,9900056292
001358,兴欣新材,2026-08-28,,,,,2026-06-30,,9900039470
001359,平安电工,2026-07-31,,,,,2026-06-30,,9900056197
001360,南矿集团,2026-08-27,,,,,2026-06-30,,9900055633
001365,天海电子,2026-08-24,,,,,2026-06-30,,9900041531
001366,播恩集团,2026-08-25,,,,,2026-06-30,,nssc1000728
001367,海森药业,2026-08-21,,,,,2026-06-30,,9900052535
001368,通达创智,2026-08-21,,,,,2026-06-30,,9900046506
001369,双欣材料,2026-08-28,,,,,2026-06-30,,9900046531
001373,翔腾新材,2026-08-27,,,,,2026-06-30,,9900051389
001376,百通能源,2026-08-07,,,,,2026-06-30,,gfbj0835359
001378,德冠新材,2026-08-19,,,,,2026-06-30,,9900023839
001379,腾达科技,2026-08-21,,,,,2026-06-30,,9900048085
001380,华纬科技,2026-08-08,,,,,2026-06-30,,9900041935
001382,新亚电缆,2026-08-25,,,,,2026-06-30,,9900048378
001386,马可波罗,2026-08-28,,,,,2026-06-30,,9900053816
001387,雪祺电气,2026-08-26,,,,,2026-06-30,,9900056877
001388,信通电子,2026-08-22,,,,,2026-06-30,,gfbj0831427
001389,广合科技,2026-08-08,,,,,2026-06-30,,9900046622
001390,古麒绒材,2026-08-20,,,,,2026-06-30,,gfbj0831908
001391,国货航,2026-08-27,,,,,2026-06-30,,9900057395
001393,维通利,2026-08-26,,,,,2026-06-30,,9900063182
001395,亚联机械,2026-08-21,,,,,2026-06-30,,9900041590
001396,誉帆科技,2026-08-29,,,,,2026-06-30,,9900052711
001399,惠科股份,2026-08-25,,,,,2026-06-30,,9900048755
001400,江顺科技,2026-08-25,,,,,2026-06-30,,9900048604
001696,宗申动力,2026-08-29,,,,,2026-06-30,,gssz0001696
001872,招商港口,2026-08-29,,,,,2026-06-30,,gssz0000022
001896,豫能控股,2026-08-26,,,,,2026-06-30,,gssz0001896
001914,招商积余,2026-08-27,,,,,2026-06-30,,gssz0000043
001965,招商公路,2026-08-25,,,,,2026-06-30,,GD008065
001979,招商蛇口,2026-08-29,,,,,2026-06-30,,GD014107
002001,新 和 成,2026-08-20,,,,,2026-06-30,,gssz0002001
002003,伟星股份,2026-08-27,,,,,2026-06-30,,gssz0002003
002004,华邦健康,2026-08-20,,,,,2026-06-30,,gssz0002004
002005,德豪润达,2026-08-25,,,,,2026-06-30,,gssz0002005
002006,精工科技,2026-08-20,,,,,2026-06-30,,gssz0002006
002007,华兰生物,2026-08-29,,,,,2026-06-30,,gssz0002007
002008,大族激光,2026-08-21,,,,,2026-06-30,,gssz0002008
002009,天奇股份,2026-08-26,,,,,2026-06-30,,gssz0002009
002010,传化智联,2026-08-28,,,,,2026-06-30,,gssz0002010
002011,盾安环境,2026-08-27,,,,,2026-06-30,,gssz0002011
002012,凯恩股份,2026-08-25,,,,,2026-06-30,,gssz0002012
002014,永新股份,2026-08-20,,,,,2026-06-30,,gssz0002014
002015,协鑫能科,2026-08-28,,,,,2026-06-30,,gssz0002015
002016,世荣兆业,2026-08-26,,,,,2026-06-30,,gssz0002016
002017,东信和平,2026-08-22,,,,,2026-06-30,,gssz0002017
002019,亿帆医药,2026-08-20,,,,,2026-06-30,,gssz0002019
002020,京新药业,2026-08-27,,,,,2026-06-30,,gssz0002020
002021,中捷资源,2026-08-27,,,,,2026-06-30,,gssz0002021
002022,科华生物,2026-08-28,,,,,2026-06-30,,gssz0002022
002023,海特高新,2026-08-21,,,,,2026-06-30,,gssz0002023
002024,ST易购,2026-08-29,,,,,2026-06-30,,gssz0002024
002025,航天电器,2026-08-29,,,,,2026-06-30,,gssz0002025
002026,山东威达,2026-08-25,,,,,2026-06-30,,gssz0002026
002027,分众传媒,2026-08-19,,,,,2026-06-30,,gssz0002027
002028,思源电气,2026-08-15,,,,,2026-06-30,,gssz0002028
002029,七 匹 狼,2026-08-27,,,,,2026-06-30,,gssz0002029
002030,达安基因,2026-08-29,,,,,2026-06-30,,gssz0002030
002031,巨轮智能,2026-08-26,,,,,2026-06-30,,gssz0002031
002032,苏 泊 尔,2026-08-28,,,,,2026-06-30,,gssz0002032
002033,丽江股份,2026-08-11,,,,,2026-06-30,,gssz0002033
002034,旺能环境,2026-08-26,,,,,2026-06-30,,gssz0002034
002035,华帝股份,2026-08-27,,,,,2026-06-30,,gssz0002035
002036,联创电子,2026-08-20,,,,,2026-06-30,,gssz0002036
002037,保利联合,2026-08-27,,,,,2026-06-30,,gssz0002037
002038,双鹭药业,2026-08-26,,,,,2026-06-30,,gssz0002038
002039,黔源电力,2026-08-21,,,,,2026-06-30,,gssz0002039
002040,南 京 港,2026-08-27,,,,,2026-06-30,,gssz0002040
002041,登海种业,2026-08-27,,,,,2026-06-30,,gssz0002041
002042,华孚时尚,2026-08-27,,,,,2026-06-30,,gssz0002042
002043,兔 宝 宝,2026-08-19,,,,,2026-06-30,,gssz0002043
002044,美年健康,2026-08-26,,2026-08-31,,,2026-06-30,,gssz0002044
002045,国光电器,2026-08-25,,,,,2026-06-30,,gssz0002045
002046,国机精工,2026-08-28,,,,,2026-06-30,,gssz0002046
002047,宝鹰股份,2026-08-27,,,,,2026-06-30,,gssz0002047
002048,宁波华翔,2026-08-22,,2026-08-29,,,2026-06-30,,gssz0002048
002049,紫光国微,2026-08-15,,,,,2026-06-30,,gssz0002049
002050,三花智控,2026-08-27,,,,,2026-06-30,,gssz0002050
002051,中工国际,2026-08-15,,,,,2026-06-30,,gssz0002051
002052,同洲电子,2026-08-26,,,,,2026-06-30,,gssz0002052
002053,云南能投,2026-08-28,,,,,2026-06-30,,gssz0002053
002054,德美化工,2026-08-24,,,,,2026-06-30,,9900000062
002055,ST得润,2026-08-21,,,,,2026-06-30,,9900000123
002056,横店东磁,2026-08-20,,,,,2026-06-30,,9900000141
002057,中钢天源,2026-08-21,,,,,2026-06-30,,9900000181
002058,威尔泰,2026-08-28,,,,,2026-06-30,,9900000201
002059,云南旅游,2026-08-24,,,,,2026-06-30,,9900000241
002060,广东建工,2026-08-22,,,,,2026-06-30,,9900000281
002061,浙江交科,2026-08-28,,,,,2026-06-30,,9900000341
002062,宏润建设,2026-08-21,,,,,2026-06-30,,9900000362
002063,远光软件,2026-08-29,,,,,2026-06-30,,9900000382
002064,华峰化学,2026-08-01,,,,,2026-06-30,,9900000404
002065,东华软件,2026-08-25,,,,,2026-06-30,,9900000405
002066,瑞泰科技,2026-08-26,,,,,2026-06-30,,9900000421
002067,景兴纸业,2026-08-26,,,,,2026-06-30,,9900000601
002068,黑猫股份,2026-08-26,,,,,2026-06-30,,9900000622
002069,獐子岛,2026-08-27,,,,,2026-06-30,,9900000781
002072,凯瑞德,2026-08-25,,,,,2026-06-30,,9900000881
002073,软控股份,2026-08-21,,,,,2026-06-30,,9900000961
002074,国轩高科,2026-08-25,,,,,2026-06-30,,9900001001
002075,沙钢股份,2026-08-22,,,,,2026-06-30,,9900001101
002076,星光股份,2026-08-26,,,,,2026-06-30,,9900001102
002077,大港股份,2026-08-29,,,,,2026-06-30,,9900001222
002078,太阳纸业,2026-08-26,,,,,2026-06-30,,9900001223
002079,苏州固锝,2026-08-26,,,,,2026-06-30,,9900001221
002080,中材科技,2026-08-22,,,,,2026-06-30,,9900001282
002081,金 螳 螂,2026-08-24,,,,,2026-06-30,,9900001283
002082,ST万邦,2026-08-27,,,,,2026-06-30,,9900001284
002083,孚日股份,2026-08-18,,,,,2026-06-30,,9900001342
002084,海鸥住工,2026-08-25,,,,,2026-06-30,,9900001343
002085,万丰奥威,2026-08-26,,,,,2026-06-30,,9900001341
002086,东方海洋,2026-08-26,,,,,2026-06-30,,9900001344
002088,鲁阳节能,2026-08-27,,,,,2026-06-30,,9900001422
002090,金智科技,2026-08-28,,,,,2026-06-30,,9900001461
002091,江苏国泰,2026-08-22,,,,,2026-06-30,,9900001462
002092,中泰化学,2026-08-15,,,,,2026-06-30,,9900001463
002093,国脉科技,2026-08-27,,,,,2026-06-30,,9900001583
002094,青岛金王,2026-08-29,,,,,2026-06-30,,9900001581
002095,生 意 宝,2026-08-27,,,,,2026-06-30,,9900001582
002096,易普力,2026-08-29,,,,,2026-06-30,,9900001622
002097,山河智能,2026-08-27,,,,,2026-06-30,,9900001621
002098,浔兴股份,2026-08-29,,,,,2026-06-30,,9900001623
002099,海翔药业,2026-08-29,,,,,2026-06-30,,9900001661
002100,天康生物,2026-08-27,,,,,2026-06-30,,9900001641
002101,广东鸿图,2026-08-20,,,,,2026-06-30,,9900001761
002102,ST能特,2026-08-25,,,,,2026-06-30,,9900001762
002103,广博股份,2026-08-22,,,,,2026-06-30,,9900001821
002104,恒宝股份,2026-08-29,,,,,2026-06-30,,9900001841
002105,信隆健康,2026-08-22,,,,,2026-06-30,,9900001922
002106,莱宝高科,2026-08-29,,,,,2026-06-30,,9900001921
002107,沃华医药,2026-07-16,,,,,2026-06-30,,9900002001
002108,沧州明珠,2026-08-26,,,,,2026-06-30,,9900002002
002109,ST兴化,2026-08-25,,,,,2026-06-30,,9900002009
002110,三钢闽光,2026-08-25,,,,,2026-06-30,,9900002010
002111,威海广泰,2026-08-27,,,,,2026-06-30,,9900002021
002112,三变科技,2026-08-22,,,,,2026-06-30,,9900002121
002114,罗平锌电,2026-08-21,,,,,2026-06-30,,9900002161
002115,三维通信,2026-08-18,,,,,2026-06-30,,9900002162
002116,中国海诚,2026-08-26,,,,,2026-06-30,,9900002183
002117,东港股份,2026-08-22,,,,,2026-06-30,,9900002186
002119,康强电子,2026-08-20,,,,,2026-06-30,,9900002188
002120,韵达股份,2026-08-26,,,,,2026-06-30,,9900002261
002121,科陆电子,2026-08-27,,,,,2026-06-30,,9900002262
002122,ST汇洲,2026-08-27,,,,,2026-06-30,,9900002421
002123,梦网科技,2026-08-24,,,,,2026-06-30,,9900002422
002124,天邦食品,2026-08-25,,,,,2026-06-30,,9900002441
002125,湘潭电化,2026-08-22,,,,,2026-06-30,,9900002442
002126,银轮股份,2026-08-27,,,,,2026-06-30,,9900002661
002127,南极电商,2026-08-20,,,,,2026-06-30,,9900002701
002128,电投能源,2026-08-26,,,,,2026-06-30,,9900002704
002129,TCL中环,2026-08-27,,,,,2026-06-30,,9900002703
002130,沃尔核材,2026-08-25,,,,,2026-06-30,,9900002702
002131,利欧股份,2026-08-28,,,,,2026-06-30,,9900002724
002132,恒星科技,2026-08-28,,,,,2026-06-30,,9900002723
002133,广宇集团,2026-08-29,,,,,2026-06-30,,9900002761
002134,天津普林,2026-08-27,,,,,2026-06-30,,9900002821
002135,东南网架,2026-08-29,,,,,2026-06-30,,9900002861
002136,安 纳 达,2026-07-31,,,,,2026-06-30,,9900003061
002137,实益达,2026-08-18,,,,,2026-06-30,,9900003141
002138,顺络电子,2026-07-31,,,,,2026-06-30,,9900003163
002139,拓邦股份,2026-08-25,,,,,2026-06-30,,9900003222
002140,东华科技,2026-08-28,,,,,2026-06-30,,9900003261
002141,贤丰控股,2026-08-26,,,,,2026-06-30,,9900003282
002142,宁波银行,2026-08-20,,,,,2026-06-30,,9900003281
002144,宏达高科,2026-08-24,,,,,2026-06-30,,9900003341
002145,钛能化学,2026-08-05,,,,,2026-06-30,,9900003342
002146,荣盛发展,2026-08-25,,,,,2026-06-30,,9900003361
002148,北纬科技,2026-08-20,,,,,2026-06-30,,9900003401
002149,西部材料,2026-08-11,,,,,2026-06-30,,9900003403
002150,正泰电源,2026-08-18,,,,,2026-06-30,,9900003402
002151,北斗星通,2026-08-27,,,,,2026-06-30,,9900003421
002152,广电运通,2026-08-28,,,,,2026-06-30,,9900003423
002153,石基信息,2026-08-26,,,,,2026-06-30,,9900003424
002154,报 喜 鸟,2026-08-15,,,,,2026-06-30,,9900003429
002155,湖南黄金,2026-08-21,,,,,2026-06-30,,9900003428
002156,通富微电,2026-08-26,,,,,2026-06-30,,9900003427
002157,正邦科技,2026-08-25,,,,,2026-06-30,,9900003434
002158,汉钟精机,2026-08-28,,,,,2026-06-30,,9900003433
002159,三特索道,2026-08-29,,,,,2026-06-30,,9900003435
002160,常铝股份,2026-08-28,,,,,2026-06-30,,9900003441
002161,远 望 谷,2026-08-29,,,,,2026-06-30,,9900003442
002162,悦心健康,2026-07-31,,,,,2026-06-30,,9900003445
002163,海南发展,2026-08-21,,,,,2026-06-30,,9900003444
002164,宁波东力,2026-08-18,,,,,2026-06-30,,9900003443
002165,红 宝 丽,2026-08-28,,,,,2026-06-30,,9900003521
002166,莱茵生物,2026-08-29,,,,,2026-06-30,,9900003561
002167,东方锆业,2026-08-25,,,,,2026-06-30,,9900003562
002168,ST惠程,2026-08-29,,,,,2026-06-30,,9900003601
002169,智光电气,2026-08-24,,,,,2026-06-30,,9900003602
002170,芭田股份,2026-08-29,,,,,2026-06-30,,9900003603
002171,楚江新材,2026-08-28,,,,,2026-06-30,,9900003622
002172,澳洋健康,2026-08-18,,,,,2026-06-30,,9900003621
002173,创新医疗,2026-08-15,,,,,2026-06-30,,9900003664
002174,游族网络,2026-08-28,,,,,2026-06-30,,9900003663
002175,*ST东智,2026-08-29,,,,,2026-06-30,,9900003698
002176,江特电机,2026-08-26,,,,,2026-06-30,,9900003697
002177,御银股份,2026-08-08,,,,,2026-06-30,,9900003781
002178,延华智能,2026-08-21,,,,,2026-06-30,,9900003782
002179,中航光电,2026-08-20,,2026-08-27,,,2026-06-30,,9900003783
002180,奔图科技,2026-08-26,,,,,2026-06-30,,9900003822
002181,粤 传 媒,2026-08-29,,,,,2026-06-30,,9900003823
002182,宝武镁业,2026-08-25,,,,,2026-06-30,,9900003827
002183,怡 亚 通,2026-08-28,,,,,2026-06-30,,9900003828
002184,海得控制,2026-08-24,,,,,2026-06-30,,9900003861
002185,华天科技,2026-08-22,,,,,2026-06-30,,9900003862
002186,全 聚 德,2026-08-24,,,,,2026-06-30,,9900003863
002187,广百股份,2026-08-29,,,,,2026-06-30,,9900003881
002188,中天服务,2026-08-29,,,,,2026-06-30,,9900003882
002189,中光学,2026-08-27,,,,,2026-06-30,,9900003902
002190,成飞集成,2026-08-21,,,,,2026-06-30,,9900003903
002191,劲嘉股份,2026-08-28,,,,,2026-06-30,,9900003910
002192,融捷股份,2026-08-18,,,,,2026-06-30,,9900003921
002193,ST如意,2026-08-20,,,,,2026-06-30,,9900003911
002194,武汉凡谷,2026-08-26,,,,,2026-06-30,,9900003908
002195,岩山科技,2026-08-28,,,,,2026-06-30,,9900003909
002196,方正电机,2026-08-21,,,,,2026-06-30,,9900003913
002197,证通电子,2026-08-29,,,,,2026-06-30,,9900003915
002198,ST嘉应,2026-08-26,,,,,2026-06-30,,9900003905
002199,*ST东晶,2026-08-25,,,,,2026-06-30,,9900003906
002200,交投生态,2026-08-08,,,,,2026-06-30,,9900003907
002201,九鼎新材,2026-08-21,,,,,2026-06-30,,9900003944
002202,金风科技,2026-08-26,,,,,2026-06-30,,9900003947
002203,海亮股份,2026-08-25,,,,,2026-06-30,,9900003945
002204,大连重工,2026-08-24,,,,,2026-06-30,,9900004001
002205,国统股份,2026-08-27,,,,,2026-06-30,,9900004002
002206,海 利 得,2026-08-29,,,,,2026-06-30,,9900004023
002207,*ST准油,2026-08-26,,,,,2026-06-30,,9900004022
002208,合肥城建,2026-08-24,,,,,2026-06-30,,9900003912
002209,达 意 隆,2026-08-21,,,,,2026-06-30,,9900004041
002210,飞马国际,2026-08-28,,,,,2026-06-30,,9900004061
002211,ST宏达,2026-08-25,,,,,2026-06-30,,9900004082
002212,天融信,2026-08-29,,,,,2026-06-30,,9900004142
002213,大为股份,2026-08-21,,,,,2026-06-30,,9900004184
002214,*ST大立,2026-08-29,,,,,2026-06-30,,9900004201
002215,诺 普 信,2026-08-20,,,,,2026-06-30,,9900004141
002216,三全食品,2026-08-25,,,,,2026-06-30,,9900004261
002217,ST合力泰,2026-08-15,,,,,2026-06-30,,9900004262
002218,拓日新能,2026-08-28,,,,,2026-06-30,,9900004281
002219,新里程,2026-08-20,,,,,2026-06-30,,9900004301
002221,东华能源,2026-08-24,,,,,2026-06-30,,9900004342
002222,福晶科技,2026-08-28,,,,,2026-06-30,,9900004361
002223,鱼跃医疗,2026-08-22,,,,,2026-06-30,,9900004462
002224,三 力 士,2026-08-24,,,,,2026-06-30,,9900004521
002225,濮耐股份,2026-08-15,,,,,2026-06-30,,9900004522
002226,江南化工,2026-08-25,,,,,2026-06-30,,9900004543
002227,*ST特迅,2026-08-21,,,,,2026-06-30,,9900004544
002228,合兴包装,2026-08-29,,,,,2026-06-30,,9900004545
002229,鸿博股份,2026-08-25,,,,,2026-06-30,,9900004546
002230,科大讯飞,2026-08-21,,,,,2026-06-30,,9900004565
002232,启明信息,2026-08-21,,,,,2026-06-30,,9900004567
002233,塔牌集团,2026-08-11,,,,,2026-06-30,,9900004603
002234,民和股份,2026-08-22,,,,,2026-06-30,,9900004604
002235,安妮股份,2026-08-29,,,,,2026-06-30,,9900004605
002236,大华股份,2026-08-15,,,,,2026-06-30,,9900004625
002237,恒邦股份,2026-08-21,,,,,2026-06-30,,9900004624
002238,天威视讯,2026-08-28,,,,,2026-06-30,,9900004647
002239,奥特佳,2026-08-27,,,,,2026-06-30,,9900004648
002240,盛新锂能,2026-08-29,,,,,2026-06-30,,9900004687
002241,歌尔股份,2026-08-21,,,,,2026-06-30,,9900004688
002242,九阳股份,2026-08-22,,,,,2026-06-30,,9900004732
002243,力合科创,2026-08-21,,,,,2026-06-30,,9900004731
002244,滨江集团,2026-08-27,,,,,2026-06-30,,9900004730
002245,蔚蓝锂芯,2026-08-18,,,,,2026-06-30,,9900004790
002246,北化股份,2026-08-10,,,,,2026-06-30,,9900004810
002247,聚力文化,2026-08-21,,,,,2026-06-30,,9900004830
002248,华东数控,2026-08-22,,,,,2026-06-30,,9900004870
002249,大洋电机,2026-08-25,,,,,2026-06-30,,9900004896
002250,联化科技,2026-08-26,,,,,2026-06-30,,9900004895
002251,步步高,2026-08-27,,,,,2026-06-30,,9900004894
002252,上海莱士,2026-08-25,,,,,2026-06-30,,9900004910
002253,川大智胜,2026-08-29,,,,,2026-06-30,,9900004911
002254,泰和新材,2026-08-25,,,,,2026-06-30,,9900004933
002255,海陆重工,2026-08-20,,,,,2026-06-30,,9900004932
002256,兆新股份,2026-08-28,,,,,2026-06-30,,9900004931
002258,利尔化学,2026-08-28,,,,,2026-06-30,,9900004975
002259,升达林业,2026-08-25,,,,,2026-06-30,,9900004996
002261,拓维信息,2026-08-10,,,,,2026-06-30,,9900005034
002262,恩华药业,2026-08-18,,,,,2026-06-30,,9900005035
002263,大东南,2026-08-29,,,,,2026-06-30,,9900005061
002264,新 华 都,2026-08-29,,,,,2026-06-30,,9900005062
002265,建设工业,2026-08-27,,,,,2026-06-30,,9900005074
002266,浙富控股,2026-08-29,,,,,2026-06-30,,9900005075
002267,陕天然气,2026-08-27,,,,,2026-06-30,,9900005096
002268,电科网安,2026-08-27,,,,,2026-06-30,,9900005097
002269,美邦服饰,2026-08-28,,,,,2026-06-30,,9900005143
002270,华明装备,2026-08-29,,,,,2026-06-30,,9900005198
002271,东方雨虹,2026-08-20,,,,,2026-06-30,,9900005238
002272,川润股份,2026-08-26,,,,,2026-06-30,,9900005281
002273,水晶光电,2026-08-24,,,,,2026-06-30,,9900005282
002274,华昌化工,2026-08-21,,,,,2026-06-30,,9900005320
002275,桂林三金,2026-08-22,,,,,2026-06-30,,9900007027
002276,万马股份,2026-08-20,,,,,2026-06-30,,9900007107
002277,友阿股份,2026-08-28,,,,,2026-06-30,,9900007247
002278,神开股份,2026-08-22,,,,,2026-06-30,,9900007787
002279,久其软件,2026-08-28,,,,,2026-06-30,,9900000821
002281,光迅科技,2026-08-20,,,,,2026-06-30,,9900007888
002282,博深股份,2026-08-25,,,,,2026-06-30,,9900007908
002283,天润工业,2026-08-28,,,,,2026-06-30,,9900007907
002284,亚太股份,2026-08-18,,,,,2026-06-30,,9900007913
002285,世联行,2026-08-26,,,,,2026-06-30,,9900007914
002286,保龄宝,2026-08-27,,,,,2026-06-30,,9900007927
002287,奇正藏药,2026-08-22,,,,,2026-06-30,,9900007928
002289,宇顺电子,2026-08-29,,,,,2026-06-30,,9900007948
002290,禾盛新材,2026-07-29,,,,,2026-06-30,,9900007968
002291,遥望科技,2026-08-25,,,,,2026-06-30,,9900007969
002292,奥飞娱乐,2026-08-25,,,,,2026-06-30,,9900007988
002293,罗莱生活,2026-08-22,,,,,2026-06-30,,9900008009
002294,信立泰,2026-08-25,,,,,2026-06-30,,9900008010
002295,精艺股份,2026-08-27,,,,,2026-06-30,,9900008168
002296,辉煌科技,2026-07-31,,,,,2026-06-30,,9900008169
002297,博云新材,2026-08-25,,,,,2026-06-30,,9900008207
002298,中电鑫龙,2026-08-26,,,,,2026-06-30,,9900008208
002299,圣农发展,2026-08-21,,,,,2026-06-30,,9900008409
002300,太阳电缆,2026-08-27,,,,,2026-06-30,,9900008410
002301,齐心集团,2026-08-15,,,,,2026-06-30,,9900008467
002302,西部建设,2026-08-21,,,,,2026-06-30,,9900008615
002303,美盈森,2026-08-21,,,,,2026-06-30,,9900008616
002304,洋河股份,2026-08-27,,,,,2026-06-30,,9900008689
002305,*ST南置,2026-08-26,,,,,2026-06-30,,9900008690
002306,ST云网,2026-08-22,,,,,2026-06-30,,9900008769
002307,北新路桥,2026-08-24,,,,,2026-06-30,,9900008770
002309,中利集团,2026-08-15,,,,,2026-06-30,,9900008969
002310,东方新能,2026-08-27,,,,,2026-06-30,,9900009031
002311,海大集团,2026-08-25,,,,,2026-06-30,,9900009032
002312,川发龙蟒,2026-08-25,,,,,2026-06-30,,9900009110
002313,日海智能,2026-08-15,,,,,2026-06-30,,9900009111
002314,南山控股,2026-08-29,,,,,2026-06-30,,9900009112
002315,焦点科技,2026-08-26,,,,,2026-06-30,,9900009170
002316,亚联发展,2026-08-28,,,,,2026-06-30,,9900009171
002317,众生药业,2026-08-25,,,,,2026-06-30,,9900009189
002318,久立特材,2026-08-24,,2026-08-25,,,2026-06-30,,9900009190
002319,乐通股份,2026-08-25,,,,,2026-06-30,,9900009191
002320,海峡股份,2026-08-27,,,,,2026-06-30,,9900009333
002321,华英农业,2026-08-26,,,,,2026-06-30,,9900009334
002322,理工能科,2026-08-13,,,,,2026-06-30,,9900009448
002323,*ST雅博,2026-08-26,,,,,2026-06-30,,9900009449
002324,普利特,2026-08-26,,,,,2026-06-30,,9900009450
002326,永太科技,2026-08-26,,,,,2026-06-30,,9900009510
002327,富安娜,2026-08-26,,,,,2026-06-30,,9900009727
002328,新朋股份,2026-08-28,,,,,2026-06-30,,9900009728
002329,皇氏集团,2026-08-29,,,,,2026-06-30,,9900009827
002330,得利斯,2026-08-29,,,,,2026-06-30,,9900009828
002331,皖通科技,2026-08-27,,,,,2026-06-30,,9900009829
002332,仙琚制药,2026-08-28,,,,,2026-06-30,,9900009947
002333,罗普斯金,2026-08-24,,,,,2026-06-30,,9900009948
002334,英威腾,2026-08-20,,,,,2026-06-30,,9900010031
002335,科华数据,2026-08-28,,,,,2026-06-30,,9900010032
002337,赛象科技,2026-08-26,,,,,2026-06-30,,9900010087
002338,奥普光电,2026-08-24,,2026-08-28,,,2026-06-30,,9900010088
002339,积成电子,2026-08-29,,,,,2026-06-30,,9900010251
002340,格林美,2026-08-29,,,,,2026-06-30,,9900010252
002342,巨力索具,2026-08-14,,,,,2026-06-30,,9900010327
002343,慈文传媒,2026-08-28,,,,,2026-06-30,,9900010328
002344,海宁皮城,2026-08-27,,,,,2026-06-30,,9900010329
002345,潮宏基,2026-08-27,,,,,2026-06-30,,9900010347
002346,柘中股份,2026-08-20,,,,,2026-06-30,,9900010348
002347,泰尔股份,2026-08-22,,,,,2026-06-30,,9900010349
002348,高乐股份,2026-08-20,,,,,2026-06-30,,9900010387
002349,精华制药,2026-08-27,,,,,2026-06-30,,9900010389
002350,北京科锐,2026-08-27,,,,,2026-06-30,,9900010388
002351,漫步者,2026-08-20,,,,,2026-06-30,,9900010447
002352,顺丰控股,2026-08-29,,,,,2026-06-30,,9900010448
002353,杰瑞股份,2026-08-14,,,,,2026-06-30,,9900010449
002354,天娱数科,2026-08-22,,,,,2026-06-30,,9900010489
002355,兴民智通,2026-08-24,,,,,2026-06-30,,9900010490
002356,鹏飞绿能,2026-08-29,,,,,2026-06-30,,9900010491
002357,富临运业,2026-08-28,,,,,2026-06-30,,9900010527
002358,森源电气,2026-08-29,,,,,2026-06-30,,9900010528
002360,ST同德,2026-08-25,,,,,2026-06-30,,9900010767
002361,神剑股份,2026-08-24,,,,,2026-06-30,,9900010768
002362,汉王科技,2026-08-26,,,,,2026-06-30,,9900010769
002363,隆基机械,2026-08-28,,,,,2026-06-30,,9900010847
002364,中恒电气,2026-08-27,,,,,2026-06-30,,9900010848
002365,永安药业,2026-08-28,,,,,2026-06-30,,9900010849
002366,融发核电,2026-08-26,,,,,2026-06-30,,9900010927
002367,康力电梯,2026-08-25,,,,,2026-06-30,,9900010928
002368,太极股份,2026-08-24,,,,,2026-06-30,,9900010929
002369,卓翼科技,2026-08-25,,,,,2026-06-30,,9900011030
002370,亚太药业,2026-08-26,,,,,2026-06-30,,9900011032
002371,北方华创,2026-08-26,,,,,2026-06-30,,9900006137
002372,伟星新材,2026-08-07,,,,,2026-06-30,,9900011087
002373,千方科技,2026-08-20,,,,,2026-06-30,,9900011088
002374,中锐股份,2026-08-28,,,,,2026-06-30,,9900011089
002375,亚厦股份,2026-08-27,,,,,2026-06-30,,9900011247
002376,新北洋,2026-08-21,,,,,2026-06-30,,9900011249
002377,国创高新,2026-08-28,,,,,2026-06-30,,9900011248
002378,章源钨业,2026-08-25,,,,,2026-06-30,,9900011447
002379,宏桥控股,2026-08-22,,,,,2026-06-30,,9900011448
002380,科远智慧,2026-08-24,,,,,2026-06-30,,9900011449
002381,双箭股份,2026-08-27,,,,,2026-06-30,,9900011547
002382,蓝帆医疗,2026-08-25,,,,,2026-06-30,,9900011548
002383,合众思壮,2026-08-27,,,,,2026-06-30,,9900011549
002384,东山精密,2026-08-22,,,,,2026-06-30,,9900011647
002385,大北农,2026-08-27,,,,,2026-06-30,,9900011648
002386,天原股份,2026-08-27,,,,,2026-06-30,,9900011649
002387,维信诺,2026-08-28,,,,,2026-06-30,,9900011728
002388,新亚制程,2026-08-27,,,,,2026-06-30,,9900011729
002389,航天彩虹,2026-08-28,,,,,2026-06-30,,9900011727
002390,信邦制药,2026-08-28,,,,,2026-06-30,,9900011847
002391,长青股份,2026-08-11,,,,,2026-06-30,,9900011848
002392,北京利尔,2026-08-28,,,,,2026-06-30,,9900012090
002393,力生制药,2026-08-21,,,,,2026-06-30,,9900012091
002394,联发股份,2026-08-21,,,,,2026-06-30,,9900012092
002395,双象股份,2026-08-25,,,,,2026-06-30,,9900012130
002396,星网锐捷,2026-08-15,,,,,2026-06-30,,9900012131
002397,梦洁股份,2026-08-21,,,,,2026-06-30,,9900012129
002398,垒知集团,2026-08-25,,,,,2026-06-30,,9900012290
002399,海普瑞,2026-08-29,,,,,2026-06-30,,9900012288
002400,省广集团,2026-08-26,,,,,2026-06-30,,9900012289
002401,中远海科,2026-08-29,,,,,2026-06-30,,9900012287
002402,和而泰,2026-08-19,,,,,2026-06-30,,9900012348
002403,爱仕达,2026-08-26,,,,,2026-06-30,,9900012349
002404,嘉欣丝绸,2026-08-24,,,,,2026-06-30,,9900012350
002405,四维图新,2026-08-26,,,,,2026-06-30,,9900012447
002406,远东传动,2026-08-18,,,,,2026-06-30,,9900012448
002407,多氟多,2026-08-18,,,,,2026-06-30,,9900012449
002408,齐翔腾达,2026-08-25,,,,,2026-06-30,,9900012450
002409,雅克科技,2026-08-26,,,,,2026-06-30,,9900012610
002410,广联达,2026-08-25,,,,,2026-06-30,,9900012609
002412,汉森制药,2026-08-25,,,,,2026-06-30,,9900012608
002413,雷科防务,2026-08-01,,,,,2026-06-30,,9900012690
002414,高德红外,2026-08-26,,,,,2026-06-30,,9900012687
002415,海康威视,2026-07-25,,,,,2026-06-30,,9900012688
002416,爱施德,2026-08-21,,,,,2026-06-30,,9900012689
002418,康盛股份,2026-08-26,,,,,2026-06-30,,9900012728
002419,天虹股份,2026-08-26,,,,,2026-06-30,,9900012729
002420,毅昌科技,2026-08-22,,,,,2026-06-30,,9900012730
002421,达实智能,2026-08-15,,,,,2026-06-30,,9900012787
002422,科伦药业,2026-08-27,,,,,2026-06-30,,9900012788
002423,中粮资本,2026-08-24,,,,,2026-06-30,,9900012789
002424,ST百灵,2026-08-25,,,,,2026-06-30,,9900012790
002425,凯撒文化,2026-08-29,,,,,2026-06-30,,9900012831
002426,胜利精密,2026-08-25,,,,,2026-06-30,,9900012832
002427,尤夫股份,2026-08-28,,,,,2026-06-30,,9900012833
002428,云南锗业,2026-08-28,,,,,2026-06-30,,9900012834
002429,兆驰股份,2026-08-21,,,,,2026-06-30,,9900012873
002430,杭氧股份,2026-08-28,,,,,2026-06-30,,9900012874
002431,ST棕榈,2026-08-27,,,,,2026-06-30,,9900012875
002432,九安医疗,2026-08-25,,,,,2026-06-30,,9900012876
002434,万里扬,2026-08-26,,,,,2026-06-30,,9900012932
002436,兴森科技,2026-08-21,,,,,2026-06-30,,9900012934
002437,誉衡药业,2026-08-27,,,,,2026-06-30,,9900012988
002438,江苏神通,2026-08-18,,,,,2026-06-30,,9900012990
002439,启明星辰,2026-08-22,,,,,2026-06-30,,9900012989
002440,闰土股份,2026-08-28,,,,,2026-06-30,,9900013207
002441,众业达,2026-08-27,,,,,2026-06-30,,9900013208
002442,龙星科技,2026-08-28,,,,,2026-06-30,,9900013209
002443,金洲管道,2026-08-21,,,,,2026-06-30,,9900013210
002444,巨星科技,2026-08-27,,,,,2026-06-30,,9900013367
002445,中南文化,2026-08-19,,,,,2026-06-30,,9900013368
002446,盛路通信,2026-08-27,,,,,2026-06-30,,9900013369
002448,中原内配,2026-08-27,,,,,2026-06-30,,9900013432
002449,国星光电,2026-08-22,,,,,2026-06-30,,9900013434
002451,摩恩电气,2026-08-24,,,,,2026-06-30,,9900013507
002452,长高电气,2026-08-28,,,,,2026-06-30,,9900013508
002453,华软科技,2026-08-27,,,,,2026-06-30,,9900013509
002454,松芝股份,2026-08-22,,,,,2026-06-30,,9900013510
002455,百川股份,2026-08-08,,,,,2026-06-30,,9900013692
002456,欧菲光,2026-08-26,,,,,2026-06-30,,9900013691
002457,青龙管业,2026-08-22,,,,,2026-06-30,,9900013690
002458,益生股份,2026-07-23,,,,,2026-06-30,,9900013789
002459,晶澳科技,2026-08-28,,,,,2026-06-30,,9900013788
002460,赣锋锂业,2026-08-29,,,,,2026-06-30,,9900013787
002461,珠江啤酒,2026-08-29,,,,,2026-06-30,,9900011107
002462,嘉事堂,2026-08-28,,,,,2026-06-30,,9900013928
002463,沪电股份,2026-08-26,,,,,2026-06-30,,9900013929
002465,海格通信,2026-08-25,,,,,2026-06-30,,9900014188
002466,天齐锂业,2026-08-28,,,,,2026-06-30,,9900014189
002467,二六三,2026-08-29,,,,,2026-06-30,,9900014250
002468,申通快递,2026-08-28,,,,,2026-06-30,,9900014251
002469,三维化学,2026-08-21,,,,,2026-06-30,,9900014267
002470,金正大,2026-08-26,,,,,2026-06-30,,9900014252
002471,中超控股,2026-08-25,,,,,2026-06-30,,9900014367
002472,双环传动,2026-08-26,,,,,2026-06-30,,9900014368
002474,榕基软件,2026-08-26,,,,,2026-06-30,,9900014447
002475,立讯精密,2026-08-28,,,,,2026-06-30,,9900014448
002476,新叶股份,2026-08-28,,,,,2026-06-30,,9900014449
002478,常宝股份,2026-08-22,,,,,2026-06-30,,9900014607
002479,富春环保,2026-08-20,,,,,2026-06-30,,9900014608
002480,新筑股份,2026-08-20,,,,,2026-06-30,,9900014609
002481,双塔食品,2026-08-20,,,,,2026-06-30,,9900014610
002482,广田集团,2026-08-25,,,,,2026-06-30,,9900014775
002483,润邦股份,2026-08-25,,,,,2026-06-30,,9900014776
002484,江海股份,2026-08-21,,,,,2026-06-30,,9900014777
002485,ST雪发,2026-08-28,,,,,2026-06-30,,9900014994
002486,嘉麟杰,2026-08-24,,2026-08-27,,,2026-06-30,,9900014995
002487,大金重工,2026-08-22,,,,,2026-06-30,,9900014996
002488,金固股份,2026-08-24,,,,,2026-06-30,,9900015174
002489,浙江永强,2026-08-18,,,,,2026-06-30,,9900015175
002490,山东墨龙,2026-08-29,,,,,2026-06-30,,gshk0000568
002491,通鼎互联,2026-08-20,,,,,2026-06-30,,9900015177
002492,恒基达鑫,2026-08-29,,,,,2026-06-30,,9900015501
002493,荣盛石化,2026-08-25,,,,,2026-06-30,,9900015502
002494,华斯股份,2026-08-25,,,,,2026-06-30,,9900015503
002495,佳隆股份,2026-08-25,,,,,2026-06-30,,9900015504
002496,辉丰股份,2026-08-21,,,,,2026-06-30,,9900015672
002497,雅化集团,2026-08-26,,,,,2026-06-30,,9900015673
002498,汉缆股份,2026-08-29,,,,,2026-06-30,,9900015674
002500,山西证券,2026-08-28,,,,,2026-06-30,,qsgn0000279
002501,*ST利源,2026-08-21,,,,,2026-06-30,,9900015790
002506,协鑫集成,2026-08-27,,,,,2026-06-30,,9900015881
002507,涪陵榨菜,2026-08-28,,,,,2026-06-30,,9900015937
002508,老板电器,2026-08-28,,,,,2026-06-30,,9900015938
002510,天汽模,2026-08-24,,2026-08-26,,,2026-06-30,,9900015998
002511,中顺洁柔,2026-08-21,,,,,2026-06-30,,9900015999
002512,ST达华,2026-08-29,,,,,2026-06-30,,9900016127
002513,蓝丰生化,2026-08-26,,,,,2026-06-30,,9900016128
002514,*ST宝馨,2026-08-20,,,,,2026-06-30,,9900016129
002515,金字火腿,2026-07-31,,,,,2026-06-30,,9900016130
002516,旷达科技,2026-08-28,,,,,2026-06-30,,9900016207
002517,恺英网络,2026-08-27,,,,,2026-06-30,,9900016208
002518,科士达,2026-08-28,,,,,2026-06-30,,9900016209
002519,银河电子,2026-08-08,,,,,2026-06-30,,9900016210
002520,日发精机,2026-08-26,,,,,2026-06-30,,9900016327
002521,齐峰新材,2026-08-15,,,,,2026-06-30,,9900016328
002522,浙江众成,2026-08-24,,,,,2026-06-30,,9900016329
002523,天桥起重,2026-08-22,,,,,2026-06-30,,9900016330
002524,光正眼科,2026-08-22,,,,,2026-06-30,,9900016430
002526,山东矿机,2026-08-20,,,,,2026-06-30,,9900016432
002527,新时达,2026-08-28,,,,,2026-06-30,,9900016567
002528,*ST英飞,2026-08-27,,,,,2026-06-30,,9900016568
002529,海源复材,2026-08-21,,,,,2026-06-30,,9900006138
002530,金财互联,2026-08-25,,,,,2026-06-30,,9900016747
002531,天顺风能,2026-08-25,,,,,2026-06-30,,9900016748
002532,天山铝业,2026-08-19,,,,,2026-06-30,,9900016749
002533,金杯电工,2026-07-31,,,,,2026-06-30,,9900016750
002534,西子洁能,2026-08-25,,,,,2026-06-30,,9900016928
002535,林州重机,2026-08-29,,,,,2026-06-30,,9900016930
002536,飞龙股份,2026-08-21,,,,,2026-06-30,,9900016931
002537,海联金汇,2026-08-25,,,,,2026-06-30,,9900016929
002538,ST司特,2026-08-27,,,,,2026-06-30,,9900017115
002539,云图控股,2026-08-26,,,,,2026-06-30,,9900017116
002540,亚太科技,2026-08-25,,,,,2026-06-30,,9900017117
002541,鸿路钢构,2026-08-28,,,,,2026-06-30,,9900017118
002542,*ST中岩,2026-08-20,,,,,2026-06-30,,9900017427
002543,万和电气,2026-08-27,,,,,2026-06-30,,9900017428
002544,普天科技,2026-08-26,,,,,2026-06-30,,9900017429
002545,东方铁塔,2026-08-26,,,,,2026-06-30,,9900017607
002546,新联电子,2026-08-18,,,,,2026-06-30,,9900017608
002547,*ST春兴,2026-08-27,,,,,2026-06-30,,9900017828
002548,金新农,2026-08-27,,,,,2026-06-30,,9900017829
002549,凯美特气,2026-07-30,,,,,2026-06-30,,9900017827
002550,千红制药,2026-08-08,,,,,2026-06-30,,9900017830
002551,尚荣医疗,2026-08-25,,,,,2026-06-30,,9900018063
002552,宝鼎科技,2026-08-22,,,,,2026-06-30,,9900018064
002553,南方精工,2026-08-29,,,,,2026-06-30,,9900018065
002554,惠博普,2026-08-26,,,,,2026-06-30,,9900018066
002555,三七互娱,2026-08-26,,,,,2026-06-30,,9900018279
002556,辉隆股份,2026-08-13,,,,,2026-06-30,,9900018282
002557,洽洽食品,2026-08-25,,,,,2026-06-30,,9900018281
002558,巨人网络,2026-08-27,,,,,2026-06-30,,9900018280
002559,亚威股份,2026-08-25,,,,,2026-06-30,,9900018387
002560,通达股份,2026-08-21,,,,,2026-06-30,,9900018388
002561,徐家汇,2026-08-21,,,,,2026-06-30,,9900018389
002562,兄弟科技,2026-08-29,,,,,2026-06-30,,9900018667
002563,森马服饰,2026-08-18,,,,,2026-06-30,,9900018668
002564,天沃科技,2026-08-22,,,,,2026-06-30,,9900018669
002565,顺灏股份,2026-08-25,,,,,2026-06-30,,9900018830
002566,益盛药业,2026-08-25,,,,,2026-06-30,,9900018831
002567,唐人神,2026-08-29,,,,,2026-06-30,,9900018892
002568,百润股份,2026-08-28,,,,,2026-06-30,,9900018893
002569,*ST步森,2026-08-20,,,,,2026-06-30,,9900019034
002570,贝因美,2026-08-28,,,,,2026-06-30,,9900019035
002571,德力股份,2026-08-24,,,,,2026-06-30,,9900019036
002572,索菲亚,2026-08-27,,,,,2026-06-30,,9900019037
002573,清新环境,2026-08-28,,,,,2026-06-30,,9900019152
002574,明牌珠宝,2026-08-27,,,,,2026-06-30,,9900019212
002575,群兴玩具,2026-08-24,,,,,2026-06-30,,9900019213
002576,通达动力,2026-08-14,,,,,2026-06-30,,9900019312
002577,雷柏科技,2026-08-04,,,,,2026-06-30,,9900019313
002578,闽发铝业,2026-08-21,,,,,2026-06-30,,9900019314
002579,中京电子,2026-08-27,,,,,2026-06-30,,9900019410
002580,圣阳股份,2026-08-27,,,,,2026-06-30,,9900019411
002581,*ST未名,2026-08-28,,,,,2026-06-30,,9900019530
002582,好想你,2026-08-22,,,,,2026-06-30,,9900019704
002583,海能达,2026-08-25,,,,,2026-06-30,,9900019838
002584,西陇科学,2026-08-28,,,,,2026-06-30,,9900019958
002585,双星新材,2026-08-25,,,,,2026-06-30,,9900019959
002586,ST围海,2026-08-25,,,,,2026-06-30,,9900019960
002587,奥拓电子,2026-08-11,,,,,2026-06-30,,9900020087
002588,史丹利,2026-08-20,,,,,2026-06-30,,9900020088
002589,瑞康医药,2026-08-21,,,,,2026-06-30,,9900020089
002590,万安科技,2026-08-28,,,,,2026-06-30,,9900020090
002591,恒大高新,2026-08-24,,,,,2026-06-30,,9900009048
002592,ST八菱,2026-07-31,,,,,2026-06-30,,9900020254
002593,日上集团,2026-08-25,,,,,2026-06-30,,9900020387
002594,比亚迪,2026-08-29,,,,,2026-06-30,,gshk0001211
002595,豪迈科技,2026-08-29,,,,,2026-06-30,,9900020389
002596,海南瑞泽,2026-08-27,,,,,2026-06-30,,9900020487
002597,金禾实业,2026-08-29,,,,,2026-06-30,,9900020703
002598,ST章鼓,2026-08-26,,,,,2026-06-30,,9900020704
002599,盛通股份,2026-08-29,,,,,2026-06-30,,9900020847
002600,领益智造,2026-08-27,,,,,2026-06-30,,9900020848
002601,龙佰集团,2026-08-27,,,,,2026-06-30,,9900020849
002602,世纪华通,2026-08-28,,,,,2026-06-30,,9900021007
002603,以岭药业,2026-08-29,,,,,2026-06-30,,9900021072
002605,姚记科技,2026-08-28,,,,,2026-06-30,,9900021171
002606,大连电瓷,2026-08-25,,,,,2026-06-30,,9900021172
002607,中公教育,2026-08-27,,,,,2026-06-30,,9900021221
002608,江苏国信,2026-08-22,,,,,2026-06-30,,9900021237
002609,捷顺科技,2026-08-22,,,,,2026-06-30,,9900021238
002611,东方精工,2026-07-28,,,,,2026-06-30,,9900021298
002612,朗姿股份,2026-08-29,,,,,2026-06-30,,9900021326
002613,北玻股份,2026-08-27,,,,,2026-06-30,,9900021350
002614,奥佳华,2026-08-29,,,,,2026-06-30,,9900021412
002615,哈尔斯,2026-08-18,,,,,2026-06-30,,9900021413
002616,长青集团,2026-08-27,,,,,2026-06-30,,9900021434
002617,露笑科技,2026-08-26,,,,,2026-06-30,,9900021430
002620,*ST瑞和,2026-08-29,,,,,2026-06-30,,9900021475
002622,皓宸医疗,2026-08-26,,,,,2026-06-30,,9900021500
002623,亚玛顿,2026-08-29,,,,,2026-06-30,,9900021501
002624,完美世界,2026-08-20,,,,,2026-06-30,,9900021520
002625,光启技术,2026-08-26,,,,,2026-06-30,,9900021556
002626,金达威,2026-08-26,,,,,2026-06-30,,9900021528
002627,三峡旅游,2026-08-25,,,,,2026-06-30,,9900021537
002628,成都路桥,2026-08-21,,,,,2026-06-30,,9900021545
002629,仁智股份,2026-08-28,,,,,2026-06-30,,9900021552
002630,*ST华西,2026-08-25,,,,,2026-06-30,,9900021630
002631,德尔未来,2026-08-28,,,,,2026-06-30,,9900021631
002632,道明光学,2026-08-21,,,,,2026-06-30,,9900021691
002633,申科股份,2026-08-11,,,,,2026-06-30,,9900021749
002634,*ST棒杰,2026-08-15,,,,,2026-06-30,,9900021794
002635,安洁科技,2026-08-26,,,,,2026-06-30,,9900021759
002636,金安国纪,2026-08-28,,,,,2026-06-30,,9900021766
002637,赞宇科技,2026-08-24,,,,,2026-06-30,,9900021767
002638,勤上股份,2026-08-28,,,,,2026-06-30,,9900021768
002639,雪人集团,2026-08-24,,,,,2026-06-30,,9900021772
002640,跨境通,2026-08-27,,,,,2026-06-30,,9900021795
002641,公元股份,2026-08-28,,,,,2026-06-30,,9900021802
002642,荣联科技,2026-08-28,,,,,2026-06-30,,9900021847
002643,万润股份,2026-08-22,,,,,2026-06-30,,9900021848
002644,佛慈制药,2026-08-20,,,,,2026-06-30,,9900021870
002645,华宏科技,2026-08-25,,,,,2026-06-30,,9900021858
002646,天佑德酒,2026-08-26,,,,,2026-06-30,,9900021859
002647,仁东控股,2026-08-27,,,,,2026-06-30,,9900021885
002648,卫星化学,2026-08-19,,,,,2026-06-30,,9900021886
002649,博彦科技,2026-08-26,,,,,2026-06-30,,9900021913
002650,ST加加,2026-08-26,,,,,2026-06-30,,9900021914
002651,利君股份,2026-08-28,,,,,2026-06-30,,9900021920
002652,扬子新材,2026-08-26,,,,,2026-06-30,,9900021982
002653,海思科,2026-08-27,,,,,2026-06-30,,9900021961
002654,万润科技,2026-08-27,,,,,2026-06-30,,9900022054
002655,共达电声,2026-08-15,,,,,2026-06-30,,9900022079
002656,*ST摩登,2026-08-26,,,,,2026-06-30,,9900022094
002657,中科金财,2026-08-04,,,,,2026-06-30,,9900022100
002658,雪迪龙,2026-08-26,,,,,2026-06-30,,9900022113
002659,凯文教育,2026-08-26,,,,,2026-06-30,,9900022143
002660,茂硕电源,2026-08-20,,,,,2026-06-30,,9900022169
002661,克明食品,2026-08-27,,,,,2026-06-30,,9900022153
002662,峰璟股份,2026-08-27,,,,,2026-06-30,,9900022144
002663,普邦股份,2026-08-29,,,,,2026-06-30,,9900022158
002664,信质集团,2026-08-18,,,,,2026-06-30,,9900022159
002666,德联集团,2026-08-24,,,,,2026-06-30,,9900022216
002667,*ST威领,2026-08-20,,,,,2026-06-30,,9900022274
002668,TCL智家,2026-08-18,,,,,2026-06-30,,9900022336
002669,康达新材,2026-08-24,,,,,2026-06-30,,9900022368
002670,国盛证券,2026-08-25,,,,,2026-06-30,,9900022401
002671,龙泉股份,2026-08-29,,,,,2026-06-30,,9900022509
002672,东江环保,2026-08-29,,,,,2026-06-30,,gshk0008230
002673,西部证券,2026-08-27,,,,,2026-06-30,,qsgn0000644
002674,兴业科技,2026-08-25,,,,,2026-06-30,,9900022573
002675,东诚药业,2026-08-22,,,,,2026-06-30,,9900022707
002676,顺威股份,2026-08-29,,,,,2026-06-30,,9900022708
002677,浙江美大,2026-08-29,,,,,2026-06-30,,9900022709
002678,珠江钢琴,2026-08-25,,,,,2026-06-30,,9900022739
002679,福建金森,2026-08-25,,,,,2026-06-30,,9900022738
002681,奋达科技,2026-08-29,,,,,2026-06-30,,9900022749
002682,龙洲股份,2026-08-26,,,,,2026-06-30,,9900022781
002683,广东宏大,2026-08-25,,,,,2026-06-30,,9900006140
002685,华东重机,2026-08-25,,,,,2026-06-30,,9900022782
002686,亿利达,2026-08-27,,,,,2026-06-30,,9900022841
002687,乔治白,2026-08-21,,,,,2026-06-30,,9900022920
002688,金河生物,2026-08-28,,,,,2026-06-30,,9900023128
002689,ST远智,2026-08-28,,,,,2026-06-30,,9900022993
002690,美亚光电,2026-08-26,,,,,2026-06-30,,9900023234
002691,*ST冀凯,2026-08-21,,,,,2026-06-30,,9900023236
002692,远程股份,2026-08-22,,,,,2026-06-30,,9900023230
002693,双成药业,2026-08-22,,,,,2026-06-30,,9900022952
002694,*ST顾地,2026-08-29,,,,,2026-06-30,,9900023214
002695,煌上煌,2026-08-21,,,,,2026-06-30,,9900023215
002696,百洋股份,2026-08-28,,,,,2026-06-30,,9900023143
002697,红旗连锁,2026-08-15,,,,,2026-06-30,,9900023218
002698,博实股份,2026-08-28,,,,,2026-06-30,,9900023192
002700,万憬能源,2026-08-25,,,,,2026-06-30,,9900023125
002701,奥瑞金,2026-08-29,,,,,2026-06-30,,9900023208
002702,海欣食品,2026-08-25,,,,,2026-06-30,,9900023240
002703,浙江世宝,2026-08-24,,,,,2026-06-30,,gshk0008331
002705,新宝股份,2026-08-25,,,,,2026-06-30,,9900023005
002706,良信股份,2026-08-15,,,,,2026-06-30,,9900023117
002707,众信旅游,2026-08-29,,,,,2026-06-30,,9900023126
002708,光洋股份,2026-08-29,,,,,2026-06-30,,9900023255
002709,天赐材料,2026-08-21,,,,,2026-06-30,,9900022986
002712,思美传媒,2026-08-27,,,,,2026-06-30,,9900022963
002713,*ST东易,2026-08-26,,,,,2026-06-30,,9900022996
002714,牧原股份,2026-08-21,,,,,2026-06-30,,9900022995
002715,登云股份,2026-08-28,,,,,2026-06-30,,9900023194
002716,湖南白银,2026-08-21,,,,,2026-06-30,,9900023224
002717,*ST岭南,2026-08-28,,,,,2026-06-30,,9900023171
002718,友邦吊顶,2026-08-20,,,,,2026-06-30,,9900022985
002719,ST麦趣,2026-08-18,,,,,2026-06-30,,9900023119
002721,金一文化,2026-08-29,,,,,2026-06-30,,9900023233
002722,物产金轮,2026-08-18,,,,,2026-06-30,,9900023197
002723,小崧股份,2026-08-27,,,,,2026-06-30,,9900027909
002724,海洋王,2026-08-22,,,,,2026-06-30,,9900023121
002725,跃岭股份,2026-08-28,,,,,2026-06-30,,9900023238
002726,ST龙大,2026-08-29,,,,,2026-06-30,,9900023003
002727,一心堂,2026-08-27,,,,,2026-06-30,,9900023195
002728,特一药业,2026-08-21,,,,,2026-06-30,,9900023186
002729,好利科技,2026-08-27,,,,,2026-06-30,,9900023135
002730,电光科技,2026-08-27,,,,,2026-06-30,,9900023237
002731,*ST萃华,2026-08-22,,,,,2026-06-30,,9900022974
002732,燕塘乳业,2026-08-26,,,,,2026-06-30,,9900022959
002733,雄韬股份,2026-08-26,,,,,2026-06-30,,9900023165
002734,利民股份,2026-08-18,,,,,2026-06-30,,9900022967
002735,王子新材,2026-08-28,,,,,2026-06-30,,9900023181
002736,国信证券,2026-08-26,,,,,2026-06-30,,9900004734
002737,葵花药业,2026-08-29,,,,,2026-06-30,,9900023185
002738,中矿资源,2026-08-25,,,,,2026-06-30,,9900015289
002739,儒意电影,2026-08-26,,,,,2026-06-30,,9900022983
002741,光华科技,2026-08-29,,,,,2026-06-30,,9900023101
002742,冀衡医药,2026-08-15,,,,,2026-06-30,,9900022970
002743,富煌钢构,2026-08-29,,,,,2026-06-30,,9900023252
002745,木林森,2026-08-28,,,,,2026-06-30,,9900023188
002746,仙坛股份,2026-08-25,,,,,2026-06-30,,9900023137
002747,埃斯顿,2026-08-22,,,,,2026-06-30,,9900022936
002748,世龙实业,2026-08-25,,,,,2026-06-30,,9900023138
002749,国光股份,2026-08-19,,,,,2026-06-30,,9900023788
002752,昇兴股份,2026-08-27,,,,,2026-06-30,,9900022981
002753,永东股份,2026-08-26,,,,,2026-06-30,,9900022937
002755,奥赛康,2026-08-28,,,,,2026-06-30,,9900022950
002756,永兴材料,2026-08-25,,,,,2026-06-30,,9900022998
002757,南兴股份,2026-08-29,,,,,2026-06-30,,9900023647
002758,浙农股份,2026-08-28,,,,,2026-06-30,,9900023652
002759,ST天际,2026-08-21,,,,,2026-06-30,,9900023778
002760,凤形股份,2026-08-20,,,,,2026-06-30,,9900023679
002761,浙江建投,2026-08-21,,,,,2026-06-30,,9900023671
002762,金发拉比,2026-08-25,,,,,2026-06-30,,9900023705
002763,汇洁股份,2026-08-21,,,,,2026-06-30,,9900023669
002765,蓝黛科技,2026-08-28,,,,,2026-06-30,,9900023682
002766,索菱股份,2026-08-22,,,,,2026-06-30,,9900023703
002767,先锋电子,2026-08-17,,,,,2026-06-30,,9900023515
002768,国恩股份,2026-08-29,,,,,2026-06-30,,9900023787
002769,普路通,2026-08-21,,,,,2026-06-30,,9900023993
002771,真视通,2026-08-27,,,,,2026-06-30,,9900023511
002772,众兴菌业,2026-08-15,,,,,2026-06-30,,9900024538
002773,康弘药业,2026-08-26,,,,,2026-06-30,,9900022951
002774,快意电梯,2026-08-25,,,,,2026-06-30,,9900030589
002775,文科股份,2026-08-27,,,,,2026-06-30,,9900023734
002777,久远银海,2026-08-25,,,,,2026-06-30,,9900023743
002778,中晟高科,2026-08-28,,,,,2026-06-30,,9900023987
002779,中坚科技,2026-08-26,,,,,2026-06-30,,9900023448
002780,三夫户外,2026-08-29,,,,,2026-06-30,,9900023789
002782,可立克,2026-08-24,,,,,2026-06-30,,9900023239
002783,凯龙股份,2026-08-25,,,,,2026-06-30,,9900022957
002785,万里石,2026-08-25,,,,,2026-06-30,,9900023763
002786,银宝山新,2026-08-29,,,,,2026-06-30,,9900023708
002787,华源控股,2026-07-31,,,,,2026-06-30,,9900026421
002788,鹭燕医药,2026-08-18,,,,,2026-06-30,,9900023613
002789,*ST建艺,2026-08-28,,,,,2026-06-30,,9900026451
002790,瑞尔特,2026-08-25,,,,,2026-06-30,,9900024907
002791,坚朗五金,2026-08-29,,,,,2026-06-30,,9900023709
002792,通宇通讯,2026-08-26,,,,,2026-06-30,,9900023217
002793,罗欣药业,2026-08-21,,,,,2026-06-30,,9900026645
002795,永和智控,2026-08-25,,,,,2026-06-30,,9900026670
002796,世嘉科技,2026-08-15,,,,,2026-06-30,,9900026564
002797,第一创业,2026-08-28,,,,,2026-06-30,,qsgn0000069
002798,帝欧水华,2026-08-25,,,,,2026-06-30,,9900023663
002799,环球印务,2026-08-12,,,,,2026-06-30,,9900023953
002800,天顺股份,2026-08-22,,,,,2026-06-30,,9900026802
002801,微光股份,2026-08-14,,,,,2026-06-30,,9900026210
002802,洪汇新材,2026-08-21,,,,,2026-06-30,,9900024761
002803,吉宏股份,2026-08-18,,,,,2026-06-30,,9900026644
002805,丰元股份,2026-08-26,,,,,2026-06-30,,9900023727
002806,华锋股份,2026-08-26,,,,,2026-06-30,,9900024944
002807,江阴银行,2026-08-21,,,,,2026-06-30,,9900022947
002809,红墙股份,2026-08-27,,,,,2026-06-30,,9900026563
002810,山东赫达,2026-08-19,,,,,2026-06-30,,9900026449
002811,郑中设计,2026-08-25,,,,,2026-06-30,,9900026798
002812,恩捷股份,2026-08-25,,,,,2026-06-30,,9900026450
002813,路畅科技,2026-08-07,,,,,2026-06-30,,9900026536
002815,崇达技术,2026-08-29,,,,,2026-06-30,,9900023139
002816,*ST和科,2026-08-25,,,,,2026-06-30,,9900026779
002817,黄山胶囊,2026-08-22,,,,,2026-06-30,,9900026805
002818,富森美,2026-08-26,,,,,2026-06-30,,9900026774
002819,东方中科,2026-08-24,,,,,2026-06-30,,9900024446
002820,桂发祥,2026-08-12,,,,,2026-06-30,,9900027320
002821,凯莱英,2026-08-25,,,,,2026-06-30,,9900026806
002822,ST中装,2026-08-28,,,,,2026-06-30,,9900027671
002823,凯中精密,2026-08-26,,,,,2026-06-30,,9900028776
002824,和胜股份,2026-08-20,,,,,2026-06-30,,9900029032
002825,纳尔股份,2026-08-11,,,,,2026-06-30,,9900028910
002826,易明医药,2026-08-27,,,,,2026-06-30,,9900032175
002827,高争民爆,2026-08-14,,,,,2026-06-30,,9900031912
002828,贝肯能源,2026-08-08,,,,,2026-06-30,,9900028824
002829,星网宇达,2026-08-21,,,,,2026-06-30,,9900028875
002830,名雕股份,2026-08-28,,,,,2026-06-30,,9900023978
002831,裕同科技,2026-08-27,,,,,2026-06-30,,9900029473
002832,比音勒芬,2026-08-29,,,,,2026-06-30,,9900026776
002833,弘亚数控,2026-08-27,,,,,2026-06-30,,9900029438
002835,同为股份,2026-08-28,,,,,2026-06-30,,9900028957
002836,新宏泽,2026-08-26,,,,,2026-06-30,,GD030325
002837,英维克,2026-08-25,,,,,2026-06-30,,9900029666
002838,道恩股份,2026-08-26,,,,,2026-06-30,,9900022768
002839,张家港行,2026-08-25,,,,,2026-06-30,,9900022943
002840,华统股份,2026-08-27,,,,,2026-06-30,,9900023469
002841,视源股份,2026-08-27,,,,,2026-06-30,,9900029752
002842,翔鹭钨业,2026-08-29,,,,,2026-06-30,,9900029049
002843,泰嘉股份,2026-08-27,,2026-08-22,,,2026-06-30,,9900023212
002845,同兴达,2026-08-21,,,,,2026-06-30,,9900029474
002846,英联股份,2026-08-18,,,,,2026-06-30,,9900030302
002847,盐津铺子,2026-08-20,,,,,2026-06-30,,9900030301
002848,高斯贝尔,2026-07-28,,,,,2026-06-30,,9900029751
002849,威星智能,2026-08-26,,,,,2026-06-30,,9900033359
002850,科达利,2026-08-15,,,,,2026-06-30,,9900029916
002851,麦格米特,2026-08-28,,,,,2026-06-30,,9900023251
002852,道道全,2026-08-07,,,,,2026-06-30,,9900030528
002853,皮阿诺,2026-08-24,,,,,2026-06-30,,9900030400
002855,捷荣技术,2026-08-26,,,,,2026-06-30,,9900030092
002856,*ST美芝,2026-08-28,,,,,2026-06-30,,9900028823
002857,三晖电气,2026-08-19,,,,,2026-06-30,,9900029748
002858,力盛体育,2026-08-29,,,,,2026-06-30,,9900029827
002859,洁美科技,2026-08-18,,,,,2026-06-30,,9900030782
002860,星帅尔,2026-08-20,,,,,2026-06-30,,9900023097
002861,瀛通通讯,2026-08-29,,,,,2026-06-30,,9900029915
002862,实丰文化,2026-08-29,,,,,2026-06-30,,9900030606
002863,今飞凯达,2026-08-15,,,,,2026-06-30,,9900030825
002864,盘龙药业,2026-08-28,,,,,2026-06-30,,9900034531
002865,钧达股份,2026-08-29,,,,,2026-06-30,,9900029046
002866,传艺科技,2026-08-15,,,,,2026-06-30,,9900031481
002867,周大生,2026-08-26,,,,,2026-06-30,,9900029978
002868,绿康生化,2026-07-31,,,,,2026-06-30,,9900030698
002869,金溢科技,2026-08-25,,,,,2026-06-30,,9900030824
002870,香山股份,2026-08-20,,2026-08-26,,,2026-06-30,,9900030780
002871,伟隆股份,2026-08-28,,,,,2026-06-30,,9900030830
002872,ST天圣,2026-08-25,,,,,2026-06-30,,9900030826
002873,新天药业,2026-08-26,,,,,2026-06-30,,9900023814
002875,安奈儿,2026-08-26,,,,,2026-06-30,,9900030588
002876,三利谱,2026-08-27,,,,,2026-06-30,,9900030828
002877,智能自控,2026-08-27,,,,,2026-06-30,,9900031501
002878,元隆雅图,2026-08-24,,,,,2026-06-30,,9900030663
002879,长缆科技,2026-08-18,,,,,2026-06-30,,9900031441
002880,卫光生物,2026-08-14,,,,,2026-06-30,,9900031439
002881,美格智能,2026-08-28,,,,,2026-06-30,,9900032572
002882,金龙羽,2026-08-22,,,,,2026-06-30,,9900030699
002883,*ST中设,2026-08-25,,,,,2026-06-30,,9900031776
002884,凌霄泵业,2026-08-25,,,,,2026-06-30,,9900031445
002885,京泉华,2026-08-29,,,,,2026-06-30,,9900032561
002886,沃特股份,2026-08-19,,,,,2026-06-30,,9900031440
002887,绿茵生态,2026-08-20,,,,,2026-06-30,,9900031819
002888,惠威科技,2026-08-28,,,,,2026-06-30,,9900032420
002889,东方嘉盛,2026-08-26,,,,,2026-06-30,,9900014832
002890,弘宇股份,2026-08-21,,,,,2026-06-30,,9900031913
002891,中宠股份,2026-08-25,,,,,2026-06-30,,9900032780
002892,科力尔,2026-08-28,,,,,2026-06-30,,9900032990
002893,京能热力,2026-08-28,,,,,2026-06-30,,GD116217
002895,川恒股份,2026-08-19,,,,,2026-06-30,,9900032889
002896,中大力德,2026-08-26,,,,,2026-06-30,,9900033209
002897,意华股份,2026-08-25,,,,,2026-06-30,,9900032890
002898,赛隆退,2026-08-20,,,,,2026-06-30,,9900032573
002899,英派斯,2026-08-27,,,,,2026-06-30,,9900033211
002900,哈三联,2026-08-27,,,,,2026-06-30,,9900031438
002901,大博医疗,2026-08-27,,,,,2026-06-30,,9900032888
002902,铭普光磁,2026-08-22,,,,,2026-06-30,,9900030783
002903,宇环数控,2026-08-26,,,,,2026-06-30,,9900033226
002905,金逸影视,2026-08-29,,,,,2026-06-30,,9900023145
002906,华阳集团,2026-08-20,,,,,2026-06-30,,9900030637
002907,华森制药,2026-08-21,,,,,2026-06-30,,9900033357
002908,德生科技,2026-08-22,,,,,2026-06-30,,9900033187
002909,集泰股份,2026-08-28,,,,,2026-06-30,,9900031818
002910,庄园牧场,2026-08-27,,,,,2026-06-30,,9900025273
002911,佛燃能源,2026-08-21,,,,,2026-06-30,,9900023979
002912,中新赛克,2026-08-26,,,,,2026-06-30,,9900033221
002913,奥士康,2026-08-28,,,,,2026-06-30,,9900033854
002915,中欣氟材,2026-08-25,,,,,2026-06-30,,9900033856
002916,深南电路,2026-08-25,,2026-08-27,,,2026-06-30,,9900022488
002917,金奥博,2026-08-26,,,,,2026-06-30,,9900034453
002918,蒙娜丽莎,2026-08-26,,,,,2026-06-30,,9900033052
002919,名臣健康,2026-08-26,,,,,2026-06-30,,9900033207
002920,德赛西威,2026-08-14,,,,,2026-06-30,,9900032987
002921,联诚精密,2026-08-22,,,,,2026-06-30,,9900033213
002922,伊戈尔,2026-08-21,,,,,2026-06-30,,9900023654
002923,润都股份,2026-08-21,,,,,2026-06-30,,9900025272
002925,盈趣科技,2026-08-22,,,,,2026-06-30,,9900033915
002926,华西证券,2026-08-25,,,,,2026-06-30,,qsgn0000140
002927,泰永长征,2026-08-21,,,,,2026-06-30,,9900035338
002928,华夏航空,2026-08-27,,,,,2026-06-30,,9900034642
002929,润建股份,2026-08-26,,,,,2026-06-30,,gfbj0834571
002930,宏川智慧,2026-08-29,,,,,2026-06-30,,gfbj0834337
002931,锋龙股份,2026-08-18,,,,,2026-06-30,,9900035297
002932,*ST明德,2026-08-28,,,,,2026-06-30,,gfbj0430591
002933,新兴装备,2026-08-18,,,,,2026-06-30,,9900033914
002935,天奥电子,2026-08-22,,,,,2026-06-30,,9900031437
002936,郑州银行,2026-08-29,,,,,2026-06-30,,9900011028
002937,兴瑞科技,2026-08-28,,,,,2026-06-30,,9900035540
002938,鹏鼎控股,2026-08-12,,,,,2026-06-30,,9900036236
002939,长城证券,2026-08-27,,,,,2026-06-30,,qsgn0000030
002940,昂利康,2026-08-25,,,,,2026-06-30,,9900035538
002941,新疆交建,2026-08-24,,,,,2026-06-30,,9900024967
002942,新农股份,2026-08-28,,,,,2026-06-30,,gfbj0831868
002943,宇晶股份,2026-08-27,,,,,2026-06-30,,gfbj0834124
002945,华林证券,2026-08-29,,,,,2026-06-30,,qsgn0000869
002946,新乳业,2026-08-27,,,,,2026-06-30,,9900035998
002947,恒铭达,2026-08-24,,,,,2026-06-30,,9900035996
002948,青岛银行,2026-08-28,,,,,2026-06-30,,9900025494
002949,华阳国际,2026-08-28,,,,,2026-06-30,,gfbj0836762
002950,奥美医疗,2026-08-27,,,,,2026-06-30,,9900036281
002951,金时科技,2026-08-24,,,,,2026-06-30,,9900036403
002952,亚世光电,2026-08-26,,,,,2026-06-30,,gfbj0832840
002953,日丰股份,2026-08-27,,,,,2026-06-30,,9900030006
002955,鸿合科技,2026-08-26,,,,,2026-06-30,,9900037182
002956,西麦食品,2026-08-20,,,,,2026-06-30,,9900036485
002957,科瑞技术,2026-08-28,,,,,2026-06-30,,9900036562
002958,青农商行,2026-08-29,,,,,2026-06-30,,9900031174
002959,小熊电器,2026-08-14,,,,,2026-06-30,,9900037093
002960,青鸟智控,2026-08-15,,,,,2026-06-30,,9900029804
002961,瑞达期货,2026-08-28,,,,,2026-06-30,,9900030586
002962,五方光电,2026-08-11,,,,,2026-06-30,,9900037010
002963,豪尔赛,2026-08-14,,,,,2026-06-30,,9900037235
002965,祥鑫科技,2026-08-26,,,,,2026-06-30,,9900030905
002966,苏州银行,2026-08-27,,,,,2026-06-30,,9900027389
002967,广电计量,2026-08-21,,,,,2026-06-30,,gfbj0832462
002968,新大正,2026-08-26,,,,,2026-06-30,,gfbj0870776
002969,嘉美包装,2026-08-26,,,,,2026-06-30,,9900037304
002970,锐明技术,2026-08-27,,,,,2026-06-30,,9900033057
002971,和远气体,2026-08-21,,,,,2026-06-30,,9900037686
002972,科安达,2026-08-22,,,,,2026-06-30,,9900030394
002973,侨银股份,2026-08-19,,,,,2026-06-30,,9900037236
002975,博杰股份,2026-08-29,,,,,2026-06-30,,9900038155
002976,瑞玛精密,2026-08-28,,,,,2026-06-30,,9900038395
002977,*ST天箭,2026-08-27,,,,,2026-06-30,,9900037750
002978,安宁股份,2026-08-14,,,,,2026-06-30,,9900034946
002979,雷赛智能,2026-08-27,,,,,2026-06-30,,9900023947
002980,华盛昌,2026-08-26,,,,,2026-06-30,,9900037842
002981,朝阳科技,2026-08-25,,,,,2026-06-30,,9900035176
002982,湘佳股份,2026-08-22,,,,,2026-06-30,,gfbj0831102
002983,芯瑞达,2026-08-20,,,,,2026-06-30,,9900038397
002984,森麒麟,2026-08-25,,,,,2026-06-30,,9900037009
002985,北摩高科,2026-08-26,,,,,2026-06-30,,9900038313
002986,宇新股份,2026-08-27,,,,,2026-06-30,,9900039828
002987,京北方,2026-08-26,,,,,2026-06-30,,9900038942
002988,豪美新材,2026-08-29,,,,,2026-06-30,,9900039755
002989,中天精装,2026-08-29,,,,,2026-06-30,,9900034522
002990,盛视科技,2026-08-20,,,,,2026-06-30,,9900039822
002991,甘源食品,2026-08-22,,,,,2026-06-30,,9900039782
002992,宝明科技,2026-08-28,,,,,2026-06-30,,9900035527
002993,奥海科技,2026-08-27,,,,,2026-06-30,,9900038941
002995,天地在线,2026-08-28,,,,,2026-06-30,,9900034850
002996,顺博合金,2026-08-27,,,,,2026-06-30,,gfbj0833081
002997,瑞鹄模具,2026-08-18,,,,,2026-06-30,,gfbj0837440
002998,优彩资源,2026-07-16,,,,,2026-06-30,,9900039845
002999,天禾股份,2026-08-25,,,,,2026-06-30,,9900033717
003000,劲仔食品,2026-08-25,,,,,2026-06-30,,9900039825
003001,中岩大地,2026-08-28,,,,,2026-06-30,,gfbj0835524
003002,壶化股份,2026-08-29,,,,,2026-06-30,,9900030582
003003,天元股份,2026-08-29,,,,,2026-06-30,,gfbj0836099
003004,声迅股份,2026-08-28,,,,,2026-06-30,,9900036362
003005,竞业达,2026-08-29,,,,,2026-06-30,,9900039784
003006,百亚股份,2026-08-22,,,,,2026-06-30,,9900032173
003007,直真科技,2026-08-25,,,,,2026-06-30,,9900039727
003008,开普检测,2026-08-20,,,,,2026-06-30,,9900038903
003009,中天火箭,2026-08-20,,,,,2026-06-30,,9900039724
003010,若羽臣,2026-08-29,,,,,2026-06-30,,gfbj0834647
003011,海象新材,2026-08-29,,,,,2026-06-30,,9900039851
003012,东鹏控股,2026-08-29,,,,,2026-06-30,,9900035896
003013,地铁设计,2026-08-25,,,,,2026-06-30,,9900039775
003015,日久光电,2026-08-14,,,,,2026-06-30,,gfbj0835229
003016,欣贺股份,2026-08-29,,,,,2026-06-30,,9900028775
003017,大洋生物,2026-08-25,,,,,2026-06-30,,gfbj0837112
003018,金富科技,2026-08-27,,,,,2026-06-30,,9900039757
003019,宸展光电,2026-08-29,,,,,2026-06-30,,9900039765
003020,立方制药,2026-08-29,,,,,2026-06-30,,9900030695
003021,兆威机电,2026-08-15,,,,,2026-06-30,,9900039718
003022,联泓新科,2026-08-18,,,,,2026-06-30,,9900039749
003023,彩虹集团,2026-08-24,,,,,2026-06-30,,GD005978
003025,思进智能,2026-08-29,,,,,2026-06-30,,9900030867
003026,中晶科技,2026-08-29,,,,,2026-06-30,,gfbj0831214
003027,同兴科技,2026-08-24,,,,,2026-06-30,,9900039712
003028,振邦智能,2026-08-22,,,,,2026-06-30,,9900039781
003029,吉大正元,2026-08-26,,,,,2026-06-30,,9900039732
003030,祖名股份,2026-08-28,,,,,2026-06-30,,gfbj0836494
003031,中瓷电子,2026-08-25,,,,,2026-06-30,,9900040654
003032,传智教育,2026-08-29,,,,,2026-06-30,,gfbj0839976
003033,征和工业,2026-08-28,,,,,2026-06-30,,9900033053
003035,南网能源,2026-08-28,,,,,2026-06-30,,nssc1000233
003036,泰坦股份,2026-08-21,,,,,2026-06-30,,9900023478
003037,三和管桩,2026-08-28,,,,,2026-06-30,,9900041435
003038,鑫铂股份,2026-08-29,,,,,2026-06-30,,9900041546
003039,顺控发展,2026-08-25,,,,,2026-06-30,,gfbj0836242
003040,楚天龙,2026-08-26,,,,,2026-06-30,,9900041451
003041,真爱美家,2026-08-26,,,,,2026-06-30,,9900030776
003042,中农联合,2026-08-29,,,,,2026-06-30,,gfbj0871103
003043,华亚智能,2026-08-26,,,,,2026-06-30,,9900037303
003816,中国广核,2026-08-26,,,,,2026-06-30,,9900027002
200468,宁通信B,2026-08-26,,,,,2026-06-30,,gssz0200468
200512,闽灿坤Ｂ,2026-08-07,,,,,2026-06-30,,gssz0200512
200706,瓦轴B,2026-08-25,,,,,2026-06-30,,gssz0200706
200992,中  鲁Ｂ,2026-08-26,,,,,2026-06-30,,gssz0200992
300001,特锐德,2026-08-25,,,,,2026-06-30,,9900008270
300002,神州泰岳,2026-08-28,,,,,2026-06-30,,9900008268
300003,乐普医疗,2026-08-22,,,,,2026-06-30,,9900008269
300004,南风股份,2026-08-26,,,,,2026-06-30,,9900008272
300005,探路者,2026-08-29,,,,,2026-06-30,,9900008308
300006,莱美药业,2026-08-21,,,,,2026-06-30,,9900008273
300007,汉威科技,2026-08-29,,,,,2026-06-30,,9900008312
300008,天海防务,2026-08-28,,,,,2026-06-30,,9900008271
300009,安科生物,2026-08-26,,,,,2026-06-30,,9900008310
300010,ST豆神,2026-08-28,,,,,2026-06-30,,9900008267
300011,鼎汉技术,2026-08-25,,,,,2026-06-30,,9900008309
300012,华测检测,2026-08-17,,,,,2026-06-30,,9900008369
300013,新宁物流,2026-08-26,,,,,2026-06-30,,9900008307
300014,亿纬锂能,2026-08-18,,,,,2026-06-30,,9900008311
300015,爱尔眼科,2026-08-28,,,,,2026-06-30,,9900008390
300016,北陆药业,2026-08-25,,,,,2026-06-30,,9900000621
300017,网宿科技,2026-08-15,,,,,2026-06-30,,9900008387
300018,中元股份,2026-08-18,,,,,2026-06-30,,9900008370
300019,硅宝科技,2026-08-22,,,,,2026-06-30,,9900008407
300020,ST银江,2026-08-28,,,,,2026-06-30,,9900008408
300021,大禹节水,2026-08-26,,,,,2026-06-30,,9900008415
300022,吉峰科技,2026-08-25,,,,,2026-06-30,,9900008412
300024,机器人,2026-08-24,,,,,2026-06-30,,9900004062
300025,华星创业,2026-08-26,,,,,2026-06-30,,9900008487
300026,红日药业,2026-08-26,,,,,2026-06-30,,9900008489
300027,ST华谊,2026-08-24,,2026-08-27,,,2026-06-30,,9900008488
300030,阳普医疗,2026-08-15,,,,,2026-06-30,,9900009147
300031,宝通科技,2026-08-29,,,,,2026-06-30,,9900008828
300032,金龙机电,2026-08-29,,,,,2026-06-30,,9900009027
300033,同花顺,2026-08-22,,,,,2026-06-30,,9900008416
300034,钢研高纳,2026-08-29,,,,,2026-06-30,,9900009028
300035,中科电气,2026-08-26,,,,,2026-06-30,,9900009150
300036,超图软件,2026-08-26,,,,,2026-06-30,,9900009148
300037,新宙邦,2026-08-25,,,,,2026-06-30,,9900009195
300039,上海凯宝,2026-08-25,,,,,2026-06-30,,9900009451
300040,九洲集团,2026-08-25,,,,,2026-06-30,,9900009407
300041,回天新材,2026-08-21,,,,,2026-06-30,,9900009192
300042,朗科科技,2026-08-08,,,,,2026-06-30,,9900009590
300043,星辉娱乐,2026-08-29,,,,,2026-06-30,,9900009807
300044,*ST赛为,2026-08-26,,,,,2026-06-30,,9900009809
300045,华力创通,2026-08-13,,,,,2026-06-30,,9900009589
300046,台基股份,2026-08-21,,,,,2026-06-30,,9900009808
300047,天源迪科,2026-08-13,,,,,2026-06-30,,9900009587
300048,合康新能,2026-08-22,,,,,2026-06-30,,9900009627
300049,福瑞医科,2026-08-25,,,,,2026-06-30,,9900009588
300050,世纪鼎利,2026-08-22,,,,,2026-06-30,,9900009810
300051,琏升科技,2026-08-29,,,,,2026-06-30,,9900009988
300052,中青宝,2026-08-28,,,,,2026-06-30,,9900010038
300053,航宇微,2026-08-24,,,,,2026-06-30,,9900010151
300054,鼎龙股份,2026-08-26,,,,,2026-06-30,,9900010037
300055,万邦达,2026-08-27,,,,,2026-06-30,,9900010149
300056,中创环保,2026-08-29,,,,,2026-06-30,,9900010148
300057,万顺新材,2026-08-27,,,,,2026-06-30,,9900010150
300058,蓝色光标,2026-08-29,,,,,2026-06-30,,9900010147
300059,东方财富,2026-08-22,,,,,2026-06-30,,9900010488
300061,旗天科技,2026-08-25,,,,,2026-06-30,,9900010547
300062,中能电气,2026-08-26,,,,,2026-06-30,,9900010588
300063,天龙集团,2026-08-29,,,,,2026-06-30,,9900010788
300065,海兰信,2026-08-24,,,,,2026-06-30,,9900010789
300066,三川智慧,2026-08-24,,,,,2026-06-30,,9900010587
300067,安诺其,2026-08-27,,,,,2026-06-30,,9900011367
300068,ST南都,2026-08-26,,,,,2026-06-30,,9900010793
300069,金利华电,2026-08-24,,,,,2026-06-30,,9900011368
300070,碧水源,2026-08-25,,,,,2026-06-30,,9900011168
300071,福石控股,2026-08-26,,,,,2026-06-30,,9900008389
300072,海新能科,2026-08-29,,,,,2026-06-30,,9900011371
300073,当升科技,2026-08-26,,,,,2026-06-30,,9900011167
300074,华平股份,2026-08-27,,,,,2026-06-30,,9900011553
300075,数字政通,2026-08-14,,,,,2026-06-30,,9900011507
300076,*ST宁视,2026-08-27,,,,,2026-06-30,,9900011370
300077,国民技术,2026-08-22,,,,,2026-06-30,,9900011747
300078,思创智联,2026-08-21,,,,,2026-06-30,,9900011554
300079,数码视讯,2026-08-22,,,,,2026-06-30,,9900011552
300080,易成新能,2026-08-28,,,,,2026-06-30,,9900011508
300081,ST恒信,2026-08-22,,,,,2026-06-30,,9900012108
300082,奥克股份,2026-08-25,,,,,2026-06-30,,9900011748
300083,创世纪,2026-08-26,,,,,2026-06-30,,9900011551
300084,海默科技,2026-08-27,,,,,2026-06-30,,9900011850
300085,银之杰,2026-08-29,,,,,2026-06-30,,9900012331
300086,康芝药业,2026-08-27,,,,,2026-06-30,,9900011987
300087,ST荃银,2026-08-28,,,,,2026-06-30,,9900010589
300088,长信科技,2026-08-28,,,,,2026-06-30,,9900012229
300091,*ST金灵,2026-08-22,,,,,2026-06-30,,9900012107
300092,科新机电,2026-08-22,,,,,2026-06-30,,9900012867
300093,金刚光伏,2026-08-24,,,,,2026-06-30,,9900012451
300094,国联水产,2026-08-28,,,,,2026-06-30,,9900012529
300095,华伍股份,2026-08-29,,,,,2026-06-30,,9900012793
300096,ST易联众,2026-08-26,,,,,2026-06-30,,9900012227
300097,智云股份,2026-08-29,,,,,2026-06-30,,9900012351
300098,高新兴,2026-08-29,,,,,2026-06-30,,9900010590
300099,尤洛卡,2026-08-26,,,,,2026-06-30,,9900012452
300100,双林股份,2026-08-25,,,,,2026-06-30,,9900012868
300101,振芯科技,2026-08-27,,,,,2026-06-30,,9900011989
300102,乾照光电,2026-08-24,,,,,2026-06-30,,9900012935
300103,达刚控股,2026-08-22,,,,,2026-06-30,,9900012936
300105,龙源技术,2026-08-15,,,,,2026-06-30,,9900011369
300106,西部牧业,2026-08-29,,,,,2026-06-30,,9900013409
300107,建新股份,2026-08-12,,,,,2026-06-30,,9900013328
300109,新开源,2026-08-26,,,,,2026-06-30,,9900013441
300110,华仁药业,2026-08-27,,,,,2026-06-30,,9900013168
300111,向日葵,2026-08-27,,,,,2026-06-30,,9900013440
300112,万讯自控,2026-08-25,,,,,2026-06-30,,9900013371
300113,顺网科技,2026-08-25,,,,,2026-06-30,,9900013372
300115,长盈精密,2026-08-27,,,,,2026-06-30,,9900013488
300118,东方日升,2026-08-26,,,,,2026-06-30,,9900013430
300119,瑞普生物,2026-08-26,,,,,2026-06-30,,9900013869
300120,经纬辉开,2026-08-11,,,,,2026-06-30,,9900013694
300121,阳谷华泰,2026-08-29,,,,,2026-06-30,,9900013868
300122,智飞生物,2026-08-18,,,,,2026-06-30,,9900014108
300123,ST亚光,2026-08-29,,,,,2026-06-30,,9900014107
300124,汇川技术,2026-08-29,,,,,2026-06-30,,9900012527
300125,*ST聆达,2026-08-28,,,,,2026-06-30,,9900013908
300126,锐奇股份,2026-08-22,,,,,2026-06-30,,9900013087
300127,银河磁体,2026-08-22,,,,,2026-06-30,,9900014287
300128,锦富技术,2026-08-28,,,,,2026-06-30,,9900013693
300129,泰胜风能,2026-08-22,,,,,2026-06-30,,9900013429
300130,新国都,2026-08-25,,,,,2026-06-30,,9900014467
300131,英唐智控,2026-08-29,,,,,2026-06-30,,9900014589
300132,青松股份,2026-08-28,,,,,2026-06-30,,9900014611
300133,华策影视,2026-08-21,,,,,2026-06-30,,9900013428
300134,大富科技,2026-08-29,,,,,2026-06-30,,9900014469
300135,宝利国际,2026-08-22,,,,,2026-06-30,,9900014468
300136,信维通信,2026-08-28,,,,,2026-06-30,,9900014767
300137,先河环保,2026-08-25,,,,,2026-06-30,,9900014612
300138,晨光生物,2026-08-25,,,,,2026-06-30,,9900014768
300139,晓程科技,2026-08-13,,,,,2026-06-30,,9900008827
300140,节能环境,2026-08-14,,,,,2026-06-30,,9900015168
300141,和顺电气,2026-08-28,,,,,2026-06-30,,9900015167
300142,沃森生物,2026-08-29,,,,,2026-06-30,,9900014830
300143,盈康生命,2026-08-14,,,,,2026-06-30,,9900015468
300144,宋城演艺,2026-08-22,,,,,2026-06-30,,9900015467
300145,南方泵业,2026-08-25,,,,,2026-06-30,,9900015667
300146,汤臣倍健,2026-08-08,,,,,2026-06-30,,9900015867
300147,*ST香雪,2026-08-26,,,,,2026-06-30,,9900015987
300148,天舟文化,2026-08-26,,,,,2026-06-30,,9900015668
300149,睿智医药,2026-08-29,,,,,2026-06-30,,9900015868
300150,世纪瑞尔,2026-08-27,,,,,2026-06-30,,gfbj0430001
300151,昌红科技,2026-08-21,,,,,2026-06-30,,9900015940
300152,*ST动力,2026-08-28,,,,,2026-06-30,,9900012667
300153,科泰电源,2026-08-20,,,,,2026-06-30,,9900015988
300154,瑞凌股份,2026-08-25,,,,,2026-06-30,,9900015288
300155,安居宝,2026-08-26,,,,,2026-06-30,,9900015941
300157,新锦动力,2026-08-27,,,,,2026-06-30,,9900015787
300158,振东制药,2026-08-26,,,,,2026-06-30,,9900015689
300159,新研股份,2026-08-28,,,,,2026-06-30,,9900016190
300160,秀强股份,2026-08-22,,,,,2026-06-30,,9900016230
300161,华中数控,2026-08-29,,,,,2026-06-30,,9900016049
300162,雷曼光电,2026-08-27,,,,,2026-06-30,,9900016048
300163,先锋新材,2026-08-26,,,,,2026-06-30,,9900016229
300164,通源石油,2026-08-22,,,,,2026-06-30,,9900016228
300165,天瑞仪器,2026-08-28,,,,,2026-06-30,,9900016188
300166,东方国信,2026-08-28,,,,,2026-06-30,,9900016307
300167,ST迪威迅,2026-08-27,,,,,2026-06-30,,9900016311
300168,万达信息,2026-08-28,,,,,2026-06-30,,9900015690
300169,天晟新材,2026-08-29,,,,,2026-06-30,,9900016047
300170,汉得信息,2026-08-28,,,,,2026-06-30,,9900016312
300171,东富龙,2026-08-28,,,,,2026-06-30,,9900016348
300172,中电环保,2026-08-11,,,,,2026-06-30,,9900016347
300173,ST福能,2026-08-28,,,,,2026-06-30,,9900013170
300174,元力股份,2026-08-29,,,,,2026-06-30,,9900016310
300175,朗源股份,2026-08-25,,,,,2026-06-30,,9900016350
300176,鸿特科技,2026-08-28,,,,,2026-06-30,,9900016527
300177,中海达,2026-08-22,,,,,2026-06-30,,9900016529
300179,四方达,2026-08-26,,,,,2026-06-30,,9900012352
300180,华峰超纤,2026-08-25,,,,,2026-06-30,,9900016351
300181,佐力药业,2026-08-28,,,,,2026-06-30,,9900016587
300182,捷成股份,2026-08-25,,,,,2026-06-30,,9900016769
300183,东软载波,2026-08-27,,,,,2026-06-30,,9900016709
300184,力源信息,2026-08-10,,,,,2026-06-30,,9900016767
300185,通裕重工,2026-08-22,,,,,2026-06-30,,9900017147
300187,永清环保,2026-08-15,,,,,2026-06-30,,9900017149
300188,国投智能,2026-08-22,,,,,2026-06-30,,9900017110
300189,神农种业,2026-08-26,,,,,2026-06-30,,9900017647
300190,维尔利,2026-08-25,,,,,2026-06-30,,9900017267
300191,潜能恒信,2026-08-28,,,,,2026-06-30,,9900016189
300192,科德教育,2026-08-29,,,,,2026-06-30,,9900017648
300193,佳士科技,2026-08-26,,,,,2026-06-30,,9900016708
300194,福安药业,2026-08-27,,,,,2026-06-30,,9900016349
300195,长荣股份,2026-08-27,,,,,2026-06-30,,9900017111
300196,长海股份,2026-08-22,,,,,2026-06-30,,9900017150
300197,节能铁汉,2026-08-26,,,,,2026-06-30,,9900016710
300198,*ST纳川,2026-08-15,,,,,2026-06-30,,9900017109
300199,翰宇药业,2026-08-21,,,,,2026-06-30,,9900017848
300200,高盟新材,2026-08-21,,,,,2026-06-30,,9900017847
300201,海伦哲,2026-08-22,,,,,2026-06-30,,9900018727
300203,聚光科技,2026-08-25,,,,,2026-06-30,,9900016908
300204,舒泰神,2026-08-25,,,,,2026-06-30,,9900017795
300205,*ST天喻,2026-08-18,,,,,2026-06-30,,9900017107
300206,理邦仪器,2026-08-26,,,,,2026-06-30,,9900018889
300207,欣旺达,2026-08-27,,,,,2026-06-30,,9900018948
300209,行云科技,2026-07-31,,,,,2026-06-30,,9900018896
300210,森远股份,2026-08-29,,,,,2026-06-30,,9900018894
300211,*ST亿通,2026-08-20,,,,,2026-06-30,,9900017649
300212,*ST易录,2026-08-25,,,,,2026-06-30,,9900018955
300213,佳讯飞鸿,2026-08-15,,,,,2026-06-30,,9900003829
300214,日科化学,2026-08-21,,,,,2026-06-30,,9900017794
300215,电科院,2026-08-27,,,,,2026-06-30,,9900019127
300217,东方电热,2026-08-26,,,,,2026-06-30,,9900019147
300218,安利股份,2026-08-29,,,,,2026-06-30,,9900019028
300219,鸿利智汇,2026-08-25,,,,,2026-06-30,,9900019130
300220,金运激光,2026-08-29,,,,,2026-06-30,,9900017108
300221,银禧科技,2026-08-15,,,,,2026-06-30,,9900019167
300222,科大智能,2026-07-31,,,,,2026-06-30,,9900019148
300223,北京君正,2026-08-29,,,,,2026-06-30,,9900016187
300224,正海磁材,2026-08-28,,,,,2026-06-30,,9900019287
300225,金力泰,2026-08-27,,,,,2026-06-30,,9900019128
300226,上海钢联,2026-08-22,,,,,2026-06-30,,9900019307
300227,光韵达,2026-08-22,,2026-08-28,,,2026-06-30,,9900019288
300228,富瑞特装,2026-08-29,,,,,2026-06-30,,9900019290
300229,拓尔思,2026-08-29,,,,,2026-06-30,,9900016933
300230,永利股份,2026-08-27,,,,,2026-06-30,,9900019371
300231,银信科技,2026-08-29,,,,,2026-06-30,,9900019289
300232,洲明科技,2026-08-24,,,,,2026-06-30,,9900019372
300233,金城医药,2026-08-21,,,,,2026-06-30,,9900019392
300234,开尔新材,2026-08-15,,,,,2026-06-30,,9900019373
300235,方直科技,2026-08-25,,,,,2026-06-30,,9900011849
300236,上海新阳,2026-08-21,,,,,2026-06-30,,9900019391
300237,ST美晨,2026-08-29,,,,,2026-06-30,,9900019390
300238,冠昊生物,2026-08-29,,,,,2026-06-30,,9900011950
300239,东宝生物,2026-08-24,,,,,2026-06-30,,9900019827
300240,飞力达,2026-08-18,,,,,2026-06-30,,9900019310
300241,瑞丰光电,2026-08-25,,,,,2026-06-30,,9900020053
300242,佳云科技,2026-08-29,,,,,2026-06-30,,9900020055
300243,瑞丰高材,2026-07-28,,,,,2026-06-30,,9900020227
300244,迪安诊断,2026-08-21,,,,,2026-06-30,,9900020228
300245,ST天玑,2026-08-28,,,,,2026-06-30,,9900012791
300246,宝莱特,2026-08-22,,,,,2026-06-30,,9900020347
300247,融捷健康,2026-08-26,,,,,2026-06-30,,9900009149
300248,新开普,2026-08-25,,,,,2026-06-30,,9900020349
300249,依米康,2026-08-24,,,,,2026-06-30,,9900019309
300250,初灵信息,2026-08-21,,,,,2026-06-30,,9900020348
300251,光线传媒,2026-08-26,,,,,2026-06-30,,9900020527
300252,金信诺,2026-08-26,,,,,2026-06-30,,9900020809
300253,卫宁健康,2026-08-26,,,,,2026-06-30,,9900012530
300254,仟源医药,2026-08-25,,,,,2026-06-30,,9900020672
300255,常山药业,2026-08-26,,,,,2026-06-30,,9900020705
300256,星星科技,2026-08-25,,,,,2026-06-30,,9900020671
300257,开山股份,2026-08-28,,,,,2026-06-30,,9900019129
300258,精锻科技,2026-08-25,,,,,2026-06-30,,9900020054
300259,新天科技,2026-08-21,,,,,2026-06-30,,9900020968
300260,新莱应材,2026-08-29,,,,,2026-06-30,,9900020894
300261,雅本化学,2026-08-29,,,,,2026-06-30,,9900021099
300263,隆华科技,2026-08-29,,,,,2026-06-30,,9900021174
300264,佳创视讯,2026-08-29,,,,,2026-06-30,,9900010036
300265,通光线缆,2026-08-29,,,,,2026-06-30,,9900020970
300266,兴源环境,2026-08-25,,,,,2026-06-30,,9900021245
300267,尔康制药,2026-08-27,,,,,2026-06-30,,9900020971
300268,佳沃食品,2026-08-24,,,,,2026-06-30,,9900021173
300269,联建光电,2026-08-25,,,,,2026-06-30,,9900021097
300270,中威电子,2026-08-24,,,,,2026-06-30,,9900021193
300271,华宇软件,2026-08-26,,,,,2026-06-30,,9900000661
300272,开能健康,2026-08-11,,,,,2026-06-30,,9900012230
300274,阳光电源,2026-08-29,,,,,2026-06-30,,9900021300
300275,梅安森,2026-08-22,,,,,2026-06-30,,9900021354
300276,三丰智能,2026-08-27,,,,,2026-06-30,,9900021505
300277,汽轮科技,2026-08-27,,,,,2026-06-30,,9900009987
300278,华昌达,2026-08-28,,,,,2026-06-30,,9900021487
300279,和晶科技,2026-08-29,,,,,2026-06-30,,9900021546
300281,金明精机,2026-08-25,,,,,2026-06-30,,9900021558
300283,温州宏丰,2026-08-07,,,,,2026-06-30,,9900021355
300284,苏交科,2026-08-04,,,,,2026-06-30,,9900021076
300285,国瓷材料,2026-08-06,,,,,2026-06-30,,9900021557
300286,安科瑞,2026-08-26,,,,,2026-06-30,,9900021608
300287,飞利信,2026-08-24,,2026-08-29,,,2026-06-30,,9900021762
300288,朗玛信息,2026-08-28,,,,,2026-06-30,,9900021632
300289,利德曼,2026-08-28,,,,,2026-06-30,,9900021798
300290,ST荣科,2026-08-27,,,,,2026-06-30,,9900021761
300291,百纳千成,2026-08-29,,,,,2026-06-30,,9900021817
300292,吴通控股,2026-08-29,,,,,2026-06-30,,9900021844
300293,蓝英装备,2026-08-28,,,,,2026-06-30,,9900021519
300294,博雅生物,2026-08-22,,,,,2026-06-30,,9900021175
300295,*ST三六五,2026-08-15,,,,,2026-06-30,,9900021607
300296,利亚德,2026-08-19,,,,,2026-06-30,,9900021901
300298,三诺生物,2026-08-04,,,,,2026-06-30,,9900021769
300299,富春股份,2026-08-27,,,,,2026-06-30,,9900022025
300300,海峡创新,2026-08-29,,,,,2026-06-30,,9900021956
300301,ST长方,2026-08-26,,,,,2026-06-30,,9900021902
300302,同有科技,2026-08-28,,,,,2026-06-30,,9900022017
300303,聚飞光电,2026-08-29,,,,,2026-06-30,,9900021028
300304,云意电气,2026-08-21,,,,,2026-06-30,,9900021923
300305,裕兴股份,2026-08-29,,,,,2026-06-30,,9900013327
300306,远方信息,2026-08-25,,,,,2026-06-30,,9900021922
300307,慈星股份,2026-08-27,,,,,2026-06-30,,9900021889
300308,中际旭创,2026-08-24,,,,,2026-06-30,,9900022016
300310,宜通世纪,2026-08-28,,,,,2026-06-30,,9900021892
300311,ST任子行,2026-08-25,,,,,2026-06-30,,9900022001
300313,天山生物,2026-08-29,,,,,2026-06-30,,9900021985
300314,戴维医疗,2026-08-21,,,,,2026-06-30,,9900021987
300315,掌趣科技,2026-08-21,,,,,2026-06-30,,9900022022
300316,晶盛机电,2026-08-22,,,,,2026-06-30,,9900022122
300317,珈伟新能,2026-08-22,,,,,2026-06-30,,9900022019
300318,博晖创新,2026-08-26,,,,,2026-06-30,,9900002321
300319,麦捷科技,2026-08-20,,,,,2026-06-30,,9900022121
300320,海达股份,2026-08-22,,,,,2026-06-30,,9900021984
300321,同大股份,2026-08-22,,,,,2026-06-30,,9900012732
300322,硕贝德,2026-08-22,,,,,2026-06-30,,9900022168
300323,华灿光电,2026-08-25,,,,,2026-06-30,,9900022261
300324,旋极信息,2026-08-22,,,,,2026-06-30,,9900021727
300326,ST凯利,2026-08-25,,,,,2026-06-30,,9900021932
300327,中颖电子,2026-08-26,,,,,2026-06-30,,9900022000
300328,宜安科技,2026-08-26,,,,,2026-06-30,,9900022217
300329,海伦钢琴,2026-08-26,,,,,2026-06-30,,9900022023
300331,苏大维格,2026-08-24,,,,,2026-06-30,,9900015287
300332,天壕能源,2026-08-21,,,,,2026-06-30,,9900022218
300333,兆日科技,2026-08-27,,,,,2026-06-30,,9900022163
300334,津膜科技,2026-08-26,,,,,2026-06-30,,9900022175
300335,迪森股份,2026-08-26,,,,,2026-06-30,,9900022260
300337,银邦股份,2026-08-28,,,,,2026-06-30,,9900022204
300338,*ST开元,2026-08-28,,,,,2026-06-30,,9900022196
300339,润和软件,2026-08-25,,,,,2026-06-30,,9900022165
300340,科恒股份,2026-08-26,,,,,2026-06-30,,9900016909
300341,麦克奥迪,2026-08-25,,,,,2026-06-30,,9900022266
300342,天银机电,2026-08-15,,,,,2026-06-30,,9900022155
300343,联创股份,2026-08-15,,,,,2026-06-30,,9900022339
300345,华民股份,2026-08-29,,,,,2026-06-30,,9900017148
300346,南大光电,2026-08-28,,,,,2026-06-30,,9900022326
300347,泰格医药,2026-08-29,,,,,2026-06-30,,9900022262
300348,长亮科技,2026-08-27,,,,,2026-06-30,,9900022198
300349,金卡智能,2026-08-20,,,,,2026-06-30,,9900022219
300350,华鹏飞,2026-08-28,,,,,2026-06-30,,9900021743
300351,永贵电器,2026-08-26,,,,,2026-06-30,,9900022667
300352,ST信源,2026-08-26,,,,,2026-06-30,,9900022471
300353,东土科技,2026-08-29,,,,,2026-06-30,,9900006124
300354,东华测试,2026-08-24,,,,,2026-06-30,,9900022561
300355,蒙草生态,2026-08-27,,,,,2026-06-30,,9900022668
300357,我武生物,2026-08-28,,,,,2026-06-30,,9900022712
300358,楚天科技,2026-08-25,,,,,2026-06-30,,9900021891
300359,全通教育,2026-08-29,,,,,2026-06-30,,9900022925
300360,炬华科技,2026-08-26,,,,,2026-06-30,,9900022713
300363,博腾股份,2026-08-22,,,,,2026-06-30,,9900022740
300364,中文在线,2026-08-26,,,,,2026-06-30,,9900023871
300365,恒华科技,2026-08-19,,,,,2026-06-30,,9900022869
300366,ST创意,2026-08-27,,,,,2026-06-30,,9900018728
300368,汇金股份,2026-08-29,,,,,2026-06-30,,9900022682
300369,绿盟科技,2026-08-26,,,,,2026-06-30,,9900022545
300370,安控科技,2026-08-28,,,,,2026-06-30,,9900005183
300371,汇中股份,2026-08-28,,,,,2026-06-30,,9900022429
300373,扬杰科技,2026-08-22,,,,,2026-06-30,,9900022741
300374,中铁装配,2026-08-26,,,,,2026-06-30,,9900023105
300375,鹏翎股份,2026-08-28,,,,,2026-06-30,,9900017650
300376,易事特,2026-08-29,,,,,2026-06-30,,GD025312
300377,赢时胜,2026-08-20,,,,,2026-06-30,,9900022766
300378,鼎捷数智,2026-08-28,,,,,2026-06-30,,9900023103
300380,安硕信息,2026-08-29,,,,,2026-06-30,,9900022857
300381,溢多利,2026-08-29,,,,,2026-06-30,,9900019308
300382,斯莱克,2026-08-29,,,,,2026-06-30,,9900022475
300383,光环新网,2026-08-27,,,,,2026-06-30,,9900022357
300384,三联虹普,2026-08-27,,,,,2026-06-30,,9900023067
300385,ST雪浪,2026-08-26,,,,,2026-06-30,,9900022798
300386,飞天诚信,2026-08-21,,,,,2026-06-30,,9900023058
300387,富邦科技,2026-08-20,,,,,2026-06-30,,9900023050
300388,节能国祯,2026-08-27,,,,,2026-06-30,,9900019671
300389,艾比森,2026-08-06,,,,,2026-06-30,,9900022430
300390,天华新能,2026-08-18,,,,,2026-06-30,,9900023045
300393,中来股份,2026-08-26,,,,,2026-06-30,,9900023876
300394,天孚通信,2026-08-19,,,,,2026-06-30,,9900023911
300395,菲利华,2026-08-21,,,,,2026-06-30,,9900023110
300396,ST迪瑞,2026-08-28,,,,,2026-06-30,,9900022681
300397,天和防务,2026-08-27,,,,,2026-06-30,,9900022197
300398,飞凯材料,2026-08-27,,,,,2026-06-30,,9900023054
300399,天利科技,2026-08-21,,,,,2026-06-30,,9900022924
300400,劲拓股份,2026-08-26,,,,,2026-06-30,,9900022164
300401,花园生物,2026-08-22,,,,,2026-06-30,,9900014590
300402,宝色股份,2026-08-21,,,,,2026-06-30,,9900019027
300403,汉宇集团,2026-08-15,,,,,2026-06-30,,9900022680
300404,博济医药,2026-08-27,,,,,2026-06-30,,9900023849
300405,科隆股份,2026-08-29,,,,,2026-06-30,,9900023104
300406,九强生物,2026-08-22,,,,,2026-06-30,,9900023092
300407,凯发电气,2026-08-26,,,,,2026-06-30,,9900023046
300408,三环集团,2026-08-28,,,,,2026-06-30,,9900023108
300409,道氏技术,2026-07-25,,,,,2026-06-30,,9900023868
300410,正业科技,2026-08-26,,,,,2026-06-30,,9900023109
300411,金盾股份,2026-08-29,,,,,2026-06-30,,9900023879
300412,迦南科技,2026-08-22,,,,,2026-06-30,,9900023865
300413,芒果超媒,2026-08-22,,,,,2026-06-30,,9900023257
300414,中光防雷,2026-08-13,,,,,2026-06-30,,9900023935
300415,伊之密,2026-08-25,,,,,2026-06-30,,9900023889
300416,苏试试验,2026-07-24,,,,,2026-06-30,,9900023886
300417,南华仪器,2026-08-29,,,,,2026-06-30,,9900023874
300418,昆仑万维,2026-08-28,,,,,2026-06-30,,9900023869
300419,ST浩丰,2026-08-27,,,,,2026-06-30,,9900022813
300420,五洋自控,2026-08-22,,,,,2026-06-30,,9900023896
300421,力星股份,2026-08-27,,,,,2026-06-30,,9900023918
300422,博世科,2026-07-31,,,,,2026-06-30,,9900023882
300423,昇辉科技,2026-08-28,,,,,2026-06-30,,9900028812
300424,航新科技,2026-08-28,,,,,2026-06-30,,9900023797
300425,中建环能,2026-08-26,,,,,2026-06-30,,9900023897
300426,华智数媒,2026-08-10,,,,,2026-06-30,,9900023887
300427,红相股份,2026-08-28,,,,,2026-06-30,,9900023902
300428,立中集团,2026-08-27,,,,,2026-06-30,,9900023052
300429,强力新材,2026-08-29,,,,,2026-06-30,,9900023915
300430,*ST益通,2026-08-27,,2026-08-29,,,2026-06-30,,9900023829
300432,富临精工,2026-08-27,,,,,2026-06-30,,9900023937
300433,蓝思科技,2026-08-22,,,,,2026-06-30,,9900023791
300434,金石亚药,2026-08-26,,,,,2026-06-30,,9900023892
300435,中泰股份,2026-08-18,,,,,2026-06-30,,9900023930
300436,广生堂,2026-08-29,,,,,2026-06-30,,9900023907
300437,清水源,2026-08-11,,,,,2026-06-30,,9900023933
300438,鹏辉能源,2026-08-28,,,,,2026-06-30,,9900023793
300439,美康生物,2026-08-29,,,,,2026-06-30,,9900023817
300440,运达科技,2026-08-27,,,,,2026-06-30,,9900023898
300441,鲍斯股份,2026-08-28,,,,,2026-06-30,,9900023845
300442,润泽科技,2026-08-28,,,,,2026-06-30,,9900023826
300443,金雷股份,2026-08-25,,,,,2026-06-30,,9900023888
300444,双杰电气,2026-08-27,,,,,2026-06-30,,9900006164
300445,康斯特,2026-08-25,,,,,2026-06-30,,9900005661
300446,航天智造,2026-08-29,,,,,2026-06-30,,9900023852
300447,全信股份,2026-08-27,,,,,2026-06-30,,9900023843
300448,浩云科技,2026-08-22,,,,,2026-06-30,,9900023831
300449,汉邦高科,2026-08-27,,,,,2026-06-30,,9900023931
300450,先导智能,2026-08-29,,,,,2026-06-30,,9900023846
300451,创业慧康,2026-08-29,,,,,2026-06-30,,9900023801
300452,山河药辅,2026-08-22,,,,,2026-06-30,,9900023363
300453,三鑫医疗,2026-08-25,,,,,2026-06-30,,9900023828
300454,深信服,2026-08-22,,,,,2026-06-30,,9900035739
300455,航天智装,2026-08-08,,,,,2026-06-30,,9900023941
300456,赛微电子,2026-08-27,,,,,2026-06-30,,9900023823
300457,赢合科技,2026-08-15,,2026-08-22,,,2026-06-30,,9900023940
300458,全志科技,2026-08-26,,,,,2026-06-30,,9900023803
300459,汤姆猫,2026-08-27,,,,,2026-06-30,,9900023890
300460,ST惠伦,2026-08-22,,,,,2026-06-30,,9900023837
300461,田中精机,2026-08-26,,,,,2026-06-30,,9900024049
300462,ST华铭,2026-08-25,,,,,2026-06-30,,9900023864
300463,迈克生物,2026-07-31,,,,,2026-06-30,,9900024338
300464,星徽股份,2026-08-27,,,,,2026-06-30,,9900023815
300465,高伟达,2026-08-26,,,,,2026-06-30,,9900023805
300466,赛摩智能,2026-08-26,,,,,2026-06-30,,9900023485
300467,迅游科技,2026-08-26,,,,,2026-06-30,,9900023360
300468,四方精创,2026-08-24,,,,,2026-06-30,,9900024029
300469,信息发展,2026-08-28,,,,,2026-06-30,,9900023352
300470,中密控股,2026-08-25,,,,,2026-06-30,,9900023856
300471,厚普股份,2026-08-05,,,,,2026-06-30,,9900024541
300472,*ST新元,2026-08-28,,,,,2026-06-30,,9900024679
300473,德尔股份,2026-08-28,,,,,2026-06-30,,9900024764
300474,景嘉微,2026-08-21,,,,,2026-06-30,,9900026649
300475,香农芯创,2026-08-28,,,,,2026-06-30,,9900023854
300476,胜宏科技,2026-08-28,,,,,2026-06-30,,9900024582
300477,ST合纵,2026-08-25,,,,,2026-06-30,,9900003695
300478,杭州高新,2026-08-25,,,,,2026-06-30,,9900024807
300479,神思电子,2026-08-25,,,,,2026-06-30,,9900023364
300480,光力科技,2026-08-19,,,,,2026-06-30,,9900024910
300481,濮阳惠成,2026-08-15,,,,,2026-06-30,,9900024362
300482,万孚生物,2026-08-24,,,,,2026-06-30,,9900024914
300483,首华燃气,2026-08-24,,,,,2026-06-30,,9900021796
300484,蓝海华腾,2026-08-21,,,,,2026-06-30,,9900026650
300485,赛升药业,2026-08-24,,,,,2026-06-30,,9900024802
300486,东杰智能,2026-08-26,,,,,2026-06-30,,9900024107
300487,蓝晓科技,2026-08-20,,,,,2026-06-30,,9900023808
300488,恒锋工具,2026-08-24,,,,,2026-06-30,,9900023926
300489,光智科技,2026-08-29,,,,,2026-06-30,,9900024135
300490,华自科技,2026-08-29,,,,,2026-06-30,,9900026569
300491,通合科技,2026-08-28,,,,,2026-06-30,,9900026423
300492,华图山鼎,2026-08-27,,,,,2026-06-30,,9900023365
300493,润欣科技,2026-08-27,,,,,2026-06-30,,9900024806
300494,盛天网络,2026-08-27,,,,,2026-06-30,,9900026456
300496,中科创达,2026-08-26,,,,,2026-06-30,,9900026763
300497,富祥股份,2026-08-12,,,,,2026-06-30,,9900026422
300498,温氏股份,2026-08-26,,,,,2026-06-30,,9900009247
300499,高澜股份,2026-08-22,,,,,2026-06-30,,9900023095
300500,启迪设计,2026-08-25,,,,,2026-06-30,,9900024909
300501,海顺新材,2026-08-28,,,,,2026-06-30,,9900026106
300502,新易盛,2026-08-25,,,,,2026-06-30,,9900026455
300503,昊志机电,2026-07-21,,,,,2026-06-30,,9900023867
300504,天邑股份,2026-08-26,,,,,2026-06-30,,9900029631
300505,川金诺,2026-08-25,,,,,2026-06-30,,9900024629
300506,名家汇,2026-08-24,,,,,2026-06-30,,9900026515
300507,苏奥传感,2026-08-08,,,,,2026-06-30,,9900022528
300508,维宏股份,2026-07-31,,,,,2026-06-30,,9900026674
300509,新美星,2026-08-25,,,,,2026-06-30,,9900025017
300510,金冠股份,2026-08-28,,,,,2026-06-30,,9900028764
300511,雪榕生物,2026-08-25,,,,,2026-06-30,,9900024682
300512,中亚股份,2026-08-27,,,,,2026-06-30,,9900026539
300513,恒实科技,2026-08-29,,,,,2026-06-30,,9900026672
300514,友讯达,2026-08-25,,,,,2026-06-30,,9900031732
300515,三德科技,2026-08-21,,,,,2026-06-30,,9900029006
300516,久之洋,2026-08-28,,,,,2026-06-30,,9900028763
300517,海波重科,2026-08-25,,,,,2026-06-30,,9900026648
300518,新迅达,2026-08-28,,,,,2026-06-30,,9900023060
300519,新光药业,2026-08-25,,,,,2026-06-30,,9900026538
300520,科大国创,2026-08-25,,,,,2026-06-30,,9900026812
300521,爱司凯,2026-08-29,,,,,2026-06-30,,9900026568
300522,世名科技,2026-08-22,,,,,2026-06-30,,9900026762
300523,辰安科技,2026-08-29,,,,,2026-06-30,,9900026765
300525,博思软件,2026-08-28,,,,,2026-06-30,,9900026107
300527,ST应急,2026-08-29,,,,,2026-06-30,,9900027321
300528,幸福蓝海,2026-08-24,,,,,2026-06-30,,9900023929
300529,健帆生物,2026-08-07,,,,,2026-06-30,,9900023090
300530,领湃科技,2026-08-29,,,,,2026-06-30,,9900026813
300531,优博讯,2026-08-25,,,,,2026-06-30,,9900026566
300532,今天国际,2026-08-29,,,,,2026-06-30,,9900021797
300533,冰川网络,2026-08-28,,,,,2026-06-30,,9900027730
300534,陇神戎发,2026-08-26,,,,,2026-06-30,,9900027672
300535,达威股份,2026-08-25,,,,,2026-06-30,,9900027731
300536,农尚环境,2026-08-27,,,,,2026-06-30,,9900027767
300537,广信材料,2026-08-27,,,,,2026-06-30,,9900028811
300538,同益股份,2026-08-29,,,,,2026-06-30,,9900029011
300539,横河精密,2026-08-29,,,,,2026-06-30,,9900026809
300540,蜀道装备,2026-08-20,,,,,2026-06-30,,9900029001
300541,先进数通,2026-08-14,,,,,2026-06-30,,9900028997
300542,新晨科技,2026-08-29,,,,,2026-06-30,,9900026678
300543,朗科智能,2026-08-27,,,,,2026-06-30,,9900028901
300545,联得装备,2026-08-26,,,,,2026-06-30,,9900028900
300546,雄帝科技,2026-08-25,,,,,2026-06-30,,9900022765
300547,川环科技,2026-08-27,,,,,2026-06-30,,9900026810
300548,长芯博创,2026-08-27,,,,,2026-06-30,,9900026673
300549,优德精密,2026-08-28,,,,,2026-06-30,,9900026811
300550,和仁科技,2026-08-12,,,,,2026-06-30,,9900029014
300551,古鳌科技,2026-08-27,,,,,2026-06-30,,9900029010
300552,万集科技,2026-08-25,,,,,2026-06-30,,9900023891
300553,集智股份,2026-08-28,,,,,2026-06-30,,9900029003
300554,三超新材,2026-08-29,,,,,2026-06-30,,9900031832
300555,ST路通,2026-08-28,,,,,2026-06-30,,9900026764
300556,丝路视觉,2026-08-29,,,,,2026-06-30,,9900029012
300557,理工光科,2026-08-22,,,,,2026-06-30,,9900029233
300558,贝达药业,2026-08-21,,,,,2026-06-30,,9900028999
300559,佳发教育,2026-08-24,,,,,2026-06-30,,9900027322
300560,中富通,2026-08-29,,,,,2026-06-30,,9900029016
300561,汇金科技,2026-08-27,,,,,2026-06-30,,9900029015
300562,乐心医疗,2026-08-25,,,,,2026-06-30,,9900029471
300563,神宇股份,2026-08-25,,,,,2026-06-30,,9900029382
300564,筑博设计,2026-08-28,,,,,2026-06-30,,9900029017
300565,科信技术,2026-08-26,,,,,2026-06-30,,9900029470
300566,激智科技,2026-08-22,,,,,2026-06-30,,9900029668
300567,精测电子,2026-08-28,,,,,2026-06-30,,DR0000288
300568,星源材质,2026-08-28,,,,,2026-06-30,,9900030366
300569,天能重工,2026-08-24,,,,,2026-06-30,,9900029009
300570,太辰光,2026-08-15,,,,,2026-06-30,,9900028902
300571,平治信息,2026-08-27,,,,,2026-06-30,,9900029947
300572,安车检测,2026-08-27,,,,,2026-06-30,,9900028813
300573,兴齐眼药,2026-08-28,,,,,2026-06-30,,9900023945
300575,中旗股份,2026-08-18,,,,,2026-06-30,,gfbj0831223
300576,容大感光,2026-08-26,,,,,2026-06-30,,9900030080
300577,开润股份,2026-08-27,,,,,2026-06-30,,9900030575
300578,会畅科技,2026-08-24,,,,,2026-06-30,,9900029948
300579,数字认证,2026-08-28,,,,,2026-06-30,,9900024451
300580,贝斯特,2026-08-18,,,,,2026-06-30,,9900029950
300581,晨曦航空,2026-08-26,,,,,2026-06-30,,9900030082
300582,英飞特,2026-08-26,,,,,2026-06-30,,GD064603
300583,赛托生物,2026-08-25,,,,,2026-06-30,,9900030690
300584,海辰药业,2026-08-25,,,,,2026-06-30,,9900030869
300585,奥联电子,2026-08-25,,,,,2026-06-30,,9900030791
300586,美联新材,2026-08-29,,,,,2026-06-30,,9900028850
300587,天铁科技,2026-08-29,,,,,2026-06-30,,9900029555
300588,熙菱信息,2026-08-29,,,,,2026-06-30,,9900023357
300589,江龙船艇,2026-08-22,,,,,2026-06-30,,9900030788
300590,移为通信,2026-08-28,,,,,2026-06-30,,9900030831
300591,万里马,2026-08-29,,,,,2026-06-30,,9900030868
300592,华凯易佰,2026-08-28,,,,,2026-06-30,,9900030303
300593,新雷能,2026-08-25,,,,,2026-06-30,,DR0000190
300594,ST朗进,2026-08-27,,,,,2026-06-30,,gfbj0871452
300595,欧普康视,2026-08-29,,,,,2026-06-30,,9900031027
300596,利安隆,2026-08-18,,,,,2026-06-30,,9900027552
300597,吉大通信,2026-08-29,,,,,2026-06-30,,9900030085
300598,诚迈科技,2026-08-29,,,,,2026-06-30,,9900029946
300599,雄塑科技,2026-08-27,,,,,2026-06-30,,9900030881
300600,国瑞科技,2026-08-26,,,,,2026-06-30,,9900028849
300601,康泰生物,2026-08-28,,,,,2026-06-30,,9900030794
300602,飞荣达,2026-08-25,,,,,2026-06-30,,9900030885
300603,立昂技术,2026-08-27,,,,,2026-06-30,,9900031474
300604,长川科技,2026-07-31,,2026-08-29,,,2026-06-30,,9900031824
300605,恒锋信息,2026-08-28,,,,,2026-06-30,,9900030876
300606,金太阳,2026-08-27,,,,,2026-06-30,,9900029918
300607,拓斯达,2026-08-27,,,,,2026-06-30,,gfbj0831535
300608,思特奇,2026-08-22,,,,,2026-06-30,,9900030871
300609,汇纳科技,2026-08-26,,,,,2026-06-30,,9900031449
300610,晨化股份,2026-08-18,,,,,2026-06-30,,9900030880
300611,美力科技,2026-08-29,,,,,2026-06-30,,9900031448
300612,宣亚国际,2026-08-21,,,,,2026-06-30,,9900030792
300613,富瀚微,2026-08-28,,,,,2026-06-30,,9900030832
300614,百川畅银,2026-08-29,,,,,2026-06-30,,gfbj0837679
300615,欣天科技,2026-08-25,,,,,2026-06-30,,9900029769
300616,尚品宅配,2026-08-27,,,,,2026-06-30,,9900030833
300617,安靠智电,2026-08-25,,,,,2026-06-30,,9900030442
300618,寒锐钴业,2026-08-01,,,,,2026-06-30,,9900030835
300619,金银河,2026-08-25,,,,,2026-06-30,,9900029917
300620,光库科技,2026-08-18,,,,,2026-06-30,,9900031456
300621,维业股份,2026-08-26,,,,,2026-06-30,,9900031435
300622,博士眼镜,2026-08-28,,,,,2026-06-30,,9900031447
300623,捷捷微电,2026-08-20,,,,,2026-06-30,,9900023919
300624,万兴科技,2026-08-24,,,,,2026-06-30,,9900035179
300625,三雄极光,2026-08-22,,,,,2026-06-30,,9900031434
300626,华瑞股份,2026-08-27,,,,,2026-06-30,,9900031452
300627,华测导航,2026-08-14,,,,,2026-06-30,,9900031443
300628,亿联网络,2026-08-19,,,,,2026-06-30,,9900031465
300629,新劲刚,2026-08-28,,,,,2026-06-30,,DR0000209
300631,久吾高科,2026-08-25,,,,,2026-06-30,,9900029008
300632,光莆股份,2026-08-26,,,,,2026-06-30,,gfbj0430568
300633,开立医疗,2026-08-22,,,,,2026-06-30,,9900031464
300634,彩讯股份,2026-08-28,,,,,2026-06-30,,GD126425
300635,中达安,2026-08-27,,,,,2026-06-30,,9900031476
300636,同和药业,2026-08-26,,,,,2026-06-30,,9900031460
300637,扬帆新材,2026-08-29,,,,,2026-06-30,,9900031475
300638,广和通,2026-08-27,,,,,2026-06-30,,9900030866
300639,凯普生物,2026-08-28,,,,,2026-06-30,,9900030883
300640,德艺文创,2026-08-29,,,,,2026-06-30,,9900032563
300641,正丹股份,2026-08-19,,,,,2026-06-30,,9900031823
300642,透景生命,2026-08-25,,,,,2026-06-30,,9900031825
300643,万通智控,2026-08-26,,,,,2026-06-30,,9900031735
300644,南京聚隆,2026-08-25,,,,,2026-06-30,,9900023088
300645,正元智慧,2026-08-27,,,,,2026-06-30,,9900030870
300647,超频三,2026-08-08,,,,,2026-06-30,,9900030527
300648,星云股份,2026-08-26,,,,,2026-06-30,,9900031704
300649,杭州园林,2026-08-28,,,,,2026-06-30,,9900023811
300650,太龙股份,2026-08-25,,,,,2026-06-30,,9900031733
300651,金陵体育,2026-08-25,,,,,2026-06-30,,9900031827
300652,雷迪克,2026-08-26,,,,,2026-06-30,,9900031705
300653,正海生物,2026-08-25,,,,,2026-06-30,,9900031779
300654,世纪天鸿,2026-08-26,,,,,2026-06-30,,gfbj0833456
300655,晶瑞电材,2026-08-27,,,,,2026-06-30,,9900031917
300656,民德电子,2026-08-15,,,,,2026-06-30,,9900032174
300657,弘信电子,2026-08-21,,,,,2026-06-30,,9900029434
300658,延江股份,2026-08-26,,,,,2026-06-30,,9900031833
300659,中孚信息,2026-08-29,,,,,2026-06-30,,9900030526
300660,江苏雷利,2026-08-29,,,,,2026-06-30,,9900031916
300661,圣邦股份,2026-08-29,,,,,2026-06-30,,9900024859
300662,科锐国际,2026-08-28,,,,,2026-06-30,,9900031462
300663,科蓝软件,2026-08-29,,,,,2026-06-30,,9900031461
300664,鹏鹞环保,2026-08-27,,,,,2026-06-30,,9900026534
300665,飞鹿股份,2026-08-21,,,,,2026-06-30,,9900026453
300666,江丰电子,2026-08-25,,,,,2026-06-30,,9900031914
300667,必创科技,2026-08-20,,,,,2026-06-30,,9900031919
300668,杰恩股份,2026-08-25,,,,,2026-06-30,,9900032805
300669,沪宁股份,2026-08-29,,,,,2026-06-30,,9900032803
300670,大烨智能,2026-08-22,,,,,2026-06-30,,9900031478
300671,富满微,2026-07-30,,,,,2026-06-30,,9900032359
300672,国科微,2026-08-29,,,,,2026-06-30,,9900032800
300673,佩蒂股份,2026-08-25,,,,,2026-06-30,,gfbj0832362
300674,宇信科技,2026-08-26,,,,,2026-06-30,,9900034352
300675,建科院,2026-08-29,,,,,2026-06-30,,9900030873
300676,华大基因,2026-08-22,,,,,2026-06-30,,9900031781
300677,英科医疗,2026-08-25,,,,,2026-06-30,,9900032727
300678,中科信息,2026-08-28,,,,,2026-06-30,,9900030367
300679,电连技术,2026-08-25,,,,,2026-06-30,,9900032991
300680,隆盛科技,2026-08-29,,,,,2026-06-30,,9900031828
300681,英搏尔,2026-08-27,,,,,2026-06-30,,9900032601
300682,朗新科技,2026-08-17,,,,,2026-06-30,,9900029863
300683,海特生物,2026-08-24,,,,,2026-06-30,,9900032998
300684,中石科技,2026-08-25,,,,,2026-06-30,,9900030081
300685,艾德生物,2026-07-31,,,,,2026-06-30,,9900031703
300686,智动力,2026-08-22,,,,,2026-06-30,,9900029630
300687,赛意信息,2026-08-25,,,,,2026-06-30,,9900032994
300688,创业黑马,2026-08-24,,,,,2026-06-30,,9900032726
300689,澄天伟业,2026-07-25,,,,,2026-06-30,,9900033056
300690,双一科技,2026-08-18,,,,,2026-06-30,,9900031822
300691,联合光电,2026-08-28,,,,,2026-06-30,,9900032804
300692,中赋科技,2026-08-27,,,,,2026-06-30,,9900033180
300693,盛弘股份,2026-08-18,,,,,2026-06-30,,9900032564
300694,蠡湖股份,2026-08-21,,,,,2026-06-30,,9900035547
300695,兆丰股份,2026-08-29,,,,,2026-06-30,,9900031469
300696,爱乐达,2026-08-25,,,,,2026-06-30,,9900033185
300697,电工合金,2026-08-22,,,,,2026-06-30,,9900033206
300698,万马科技,2026-08-24,,,,,2026-06-30,,gfbj0834864
300699,光威复材,2026-08-25,,,,,2026-06-30,,9900031472
300700,岱勒新材,2026-08-25,,,,,2026-06-30,,9900031612
300701,森霸传感,2026-08-29,,,,,2026-06-30,,9900031466
300702,天宇股份,2026-08-28,,,,,2026-06-30,,9900026797
300703,创源股份,2026-08-27,,,,,2026-06-30,,9900031820
300705,九典制药,2026-08-22,,,,,2026-06-30,,gfbj0832933
300706,阿石创,2026-08-26,,,,,2026-06-30,,9900032566
300707,威唐工业,2026-08-29,,,,,2026-06-30,,9900034072
300708,聚灿光电,2026-07-25,,,,,2026-06-30,,9900031433
300709,精研科技,2026-08-29,,,,,2026-06-30,,9900033200
300710,万隆光电,2026-08-29,,,,,2026-06-30,,gfbj0834108
300711,广哈通信,2026-08-21,,,,,2026-06-30,,9900034451
300712,永福股份,2026-08-22,,,,,2026-06-30,,9900032779
300713,英可瑞,2026-08-28,,,,,2026-06-30,,9900033220
300715,凯伦股份,2026-08-26,,,,,2026-06-30,,gfbj0831517
300716,*ST泉为,2026-08-26,,,,,2026-06-30,,9900034391
300717,华信新材,2026-08-25,,,,,2026-06-30,,9900033198
300718,长盛轴承,2026-08-28,,,,,2026-06-30,,9900023668
300719,安达维尔,2026-08-29,,,,,2026-06-30,,9900033855
300720,海川智能,2026-08-25,,,,,2026-06-30,,9900033188
300721,怡达股份,2026-08-22,,,,,2026-06-30,,gfbj0831103
300722,新余国科,2026-08-27,,,,,2026-06-30,,9900034643
300723,一品红,2026-08-27,,,,,2026-06-30,,9900033062
300724,捷佳伟创,2026-08-28,,,,,2026-06-30,,9900033073
300725,药石科技,2026-08-11,,,,,2026-06-30,,gfbj0837311
300726,宏达电子,2026-08-28,,,,,2026-06-30,,9900034073
300727,润禾材料,2026-08-25,,,,,2026-06-30,,9900034446
300729,乐歌股份,2026-08-29,,,,,2026-06-30,,9900034350
300730,科创信息,2026-08-29,,,,,2026-06-30,,9900033196
300731,科创新源,2026-08-28,,,,,2026-06-30,,9900034452
300732,设研院,2026-08-20,,,,,2026-06-30,,GD120420
300733,西菱动力,2026-08-24,,,,,2026-06-30,,9900034561
300735,光弘科技,2026-08-25,,,,,2026-06-30,,9900034588
300736,百邦科技,2026-08-28,,,,,2026-06-30,,gfbj0831008
300737,科顺股份,2026-08-27,,,,,2026-06-30,,gfbj0833761
300738,奥飞数据,2026-08-01,,,,,2026-06-30,,gfbj0832745
300739,明阳电路,2026-08-26,,,,,2026-06-30,,9900035314
300740,水羊股份,2026-08-29,,,,,2026-06-30,,9900035088
300741,华宝股份,2026-08-27,,,,,2026-06-30,,GD165419
300743,天地数码,2026-08-25,,,,,2026-06-30,,GD084309
300745,欣锐科技,2026-08-27,,,,,2026-06-30,,9900035086
300746,汉嘉数智,2026-08-29,,,,,2026-06-30,,9900023232
300747,锐科激光,2026-08-27,,,,,2026-06-30,,9900035528
300748,金力永磁,2026-08-20,,,,,2026-06-30,,gfbj0835009
300749,顶固集创,2026-08-24,,,,,2026-06-30,,9900023767
300750,宁德时代,2026-07-25,,,,,2026-06-30,,GD165627
300751,迈为股份,2026-08-25,,,,,2026-06-30,,9900035516
300752,隆利科技,2026-08-29,,,,,2026-06-30,,9900035316
300753,爱朋医疗,2026-08-26,,,,,2026-06-30,,9900035550
300755,华致酒行,2026-08-29,,,,,2026-06-30,,9900023954
300756,金马游乐,2026-08-26,,,,,2026-06-30,,9900030662
300757,罗博特科,2026-08-26,,,,,2026-06-30,,9900035543
300758,七彩化学,2026-08-22,,,,,2026-06-30,,9900033406
300759,康龙化成,2026-08-21,,,,,2026-06-30,,9900035581
300760,迈瑞医疗,2026-08-29,,,,,2026-06-30,,9900035304
300761,立华股份,2026-08-22,,,,,2026-06-30,,9900032565
300762,上海瀚讯,2026-08-28,,,,,2026-06-30,,9900036064
300763,锦浪科技,2026-08-29,,,,,2026-06-30,,gfbj0835481
300765,石药创新,2026-08-21,,2026-08-18,,,2026-06-30,,9900036557
300766,每日互动,2026-08-29,,,,,2026-06-30,,9900035968
300767,震安科技,2026-08-25,,,,,2026-06-30,,9900031451
300768,迪普科技,2026-08-05,,,,,2026-06-30,,9900035552
300769,德方纳米,2026-08-28,,,,,2026-06-30,,9900033756
300770,新媒股份,2026-08-28,,,,,2026-06-30,,9900036406
300771,智莱科技,2026-08-26,,,,,2026-06-30,,9900035296
300772,运达股份,2026-08-28,,,,,2026-06-30,,9900036169
300773,拉卡拉,2026-08-08,,,,,2026-06-30,,9900034778
300774,倍杰特,2026-08-26,,,,,2026-06-30,,gfbj0835686
300775,三角防务,2026-08-29,,,,,2026-06-30,,gfbj0836582
300776,帝尔激光,2026-08-20,,,,,2026-06-30,,gfbj0835053
300777,中简科技,2026-08-27,,,,,2026-06-30,,9900034129
300778,新城市,2026-08-26,,,,,2026-06-30,,9900035997
300779,惠城环保,2026-08-27,,,,,2026-06-30,,9900036484
300780,德恩精工,2026-08-28,,,,,2026-06-30,,gfbj0834574
300781,因赛集团,2026-08-26,,,,,2026-06-30,,9900034952
300782,卓胜微,2026-08-26,,,,,2026-06-30,,9900036858
300783,三只松鼠,2026-08-29,,,,,2026-06-30,,9900035084
300784,利安科技,2026-08-28,,,,,2026-06-30,,9900046491
300785,值得买,2026-08-25,,,,,2026-06-30,,9900035077
300786,国林科技,2026-08-28,,,,,2026-06-30,,9900023921
300787,海能实业,2026-08-26,,,,,2026-06-30,,9900030659
300788,中信出版,2026-08-25,,,,,2026-06-30,,gfbj0834291
300789,唐源电气,2026-08-28,,,,,2026-06-30,,9900036234
300790,宇瞳光学,2026-08-28,,,,,2026-06-30,,9900037092
300791,仙乐健康,2026-08-29,,,,,2026-06-30,,9900032360
300792,壹网壹创,2026-08-29,,,,,2026-06-30,,gfbj0838942
300793,佳禾智能,2026-08-29,,,,,2026-06-30,,9900037230
300795,米奥会展,2026-08-27,,,,,2026-06-30,,gfbj0831822
300796,贝斯美,2026-08-22,,,,,2026-06-30,,gfbj0837938
300797,钢研纳克,2026-08-15,,,,,2026-06-30,,9900037232
300798,锦鸡股份,2026-08-25,,,,,2026-06-30,,9900036548
300800,力合科技,2026-08-21,,,,,2026-06-30,,9900023939
300801,泰和科技,2026-08-24,,,,,2026-06-30,,9900031706
300802,矩子科技,2026-08-27,,,,,2026-06-30,,9900037305
300803,指南针,2026-08-27,,,,,2026-06-30,,9900002141
300804,广康生化,2026-08-28,,,,,2026-06-30,,9900041419
300805,电声股份,2026-08-27,,,,,2026-06-30,,9900037231
300806,斯迪克,2026-08-27,,,,,2026-06-30,,9900024958
300807,天迈科技,2026-08-18,,,,,2026-06-30,,gfbj0831392
300808,久量股份,2026-08-14,,,,,2026-06-30,,9900037306
300809,华辰装备,2026-08-29,,,,,2026-06-30,,9900037667
300810,中科海讯,2026-08-28,,,,,2026-06-30,,9900035078
300811,铂科新材,2026-08-26,,,,,2026-06-30,,9900035740
300812,易天股份,2026-08-15,,,,,2026-06-30,,9900037901
300813,泰林生物,2026-08-27,,,,,2026-06-30,,gfbj0833327
300814,中富电路,2026-08-14,,,,,2026-06-30,,nssc1000554
300815,玉禾田,2026-08-28,,,,,2026-06-30,,gfbj0837848
300816,艾可蓝,2026-08-26,,,,,2026-06-30,,9900037749
300817,双飞集团,2026-08-27,,,,,2026-06-30,,9900023813
300818,耐普矿机,2026-08-13,,,,,2026-06-30,,gfbj0834947
300819,聚杰微纤,2026-08-27,,,,,2026-06-30,,9900037307
300820,英杰电气,2026-08-28,,,,,2026-06-30,,9900022797
300821,东岳硅材,2026-08-21,,,,,2026-06-30,,9900037902
300822,贝仕达克,2026-08-24,,,,,2026-06-30,,9900038705
300823,建科智能,2026-08-26,,,,,2026-06-30,,9900023914
300824,北鼎股份,2026-08-24,,,,,2026-06-30,,gfbj0430532
300825,阿尔特,2026-08-29,,,,,2026-06-30,,gfbj0836019
300826,测绘股份,2026-08-27,,,,,2026-06-30,,9900037871
300827,上能电气,2026-08-27,,,,,2026-06-30,,9900034074
300828,锐新科技,2026-08-24,,,,,2026-06-30,,9900024208
300829,金丹科技,2026-08-25,,,,,2026-06-30,,gfbj0832821
300830,金现代,2026-08-27,,,,,2026-06-30,,gfbj0834903
300831,ST派瑞,2026-08-29,,,,,2026-06-30,,9900038312
300832,新产业,2026-08-25,,2026-08-14,,,2026-06-30,,9900027265
300833,浩洋股份,2026-08-28,,,,,2026-06-30,,9900038310
300834,星辉环材,2026-08-29,,,,,2026-06-30,,9900046631
300835,龙磁科技,2026-08-27,,,,,2026-06-30,,9900023040
300836,佰奥智能,2026-08-26,,,,,2026-06-30,,gfbj0838555
300837,浙矿股份,2026-08-26,,,,,2026-06-30,,9900031736
300838,浙江力诺,2026-08-28,,,,,2026-06-30,,gfbj0830985
300839,博汇股份,2026-08-26,,,,,2026-06-30,,gfbj0831213
300840,酷特智能,2026-08-29,,,,,2026-06-30,,9900038311
300841,康华生物,2026-08-18,,,,,2026-06-30,,9900038393
300842,帝科股份,2026-08-29,,,,,2026-06-30,,9900038394
300843,胜蓝股份,2026-08-25,,,,,2026-06-30,,9900038940
300844,山水比德,2026-08-25,,,,,2026-06-30,,nssc1000329
300845,捷安高科,2026-08-26,,,,,2026-06-30,,gfbj0430373
300846,首都在线,2026-08-25,,,,,2026-06-30,,9900013967
300847,中船汉光,2026-08-25,,,,,2026-06-30,,9900039745
300848,美瑞新材,2026-08-26,,,,,2026-06-30,,gfbj0834779
300849,锦盛新材,2026-08-29,,,,,2026-06-30,,9900035518
300850,新强联,2026-08-29,,,,,2026-06-30,,9900039771
300851,交大思诺,2026-08-27,,,,,2026-06-30,,gfbj0871196
300852,四会富仕,2026-08-04,,,,,2026-06-30,,9900039723
300853,申昊科技,2026-08-22,,,,,2026-06-30,,gfbj0833304
300854,中兰环保,2026-08-29,,,,,2026-06-30,,gfbj0833418
300855,图南股份,2026-08-19,,,,,2026-06-30,,gfbj0832729
300856,科思股份,2026-08-27,,,,,2026-06-30,,gfbj0839670
300857,协创数据,2026-08-28,,,,,2026-06-30,,9900039793
300858,科拓生物,2026-08-24,,,,,2026-06-30,,9900037808
300859,西域旅游,2026-08-18,,,,,2026-06-30,,gfbj0832461
300860,锋尚文化,2026-08-29,,,,,2026-06-30,,gfbj0835420
300861,美畅股份,2026-08-26,,,,,2026-06-30,,gfbj0872859
300862,蓝盾光电,2026-08-29,,,,,2026-06-30,,GD030390
300863,卡倍亿,2026-08-29,,,,,2026-06-30,,9900039844
300864,南大环境,2026-08-29,,,,,2026-06-30,,9900041610
300865,大宏立,2026-08-25,,,,,2026-06-30,,9900030463
300866,安克创新,2026-08-31,,,,,2026-06-30,,gfbj0839473
300867,圣元环保,2026-08-27,,,,,2026-06-30,,9900030587
300868,杰美特,2026-08-25,,,,,2026-06-30,,9900030790
300869,康泰医学,2026-08-28,,,,,2026-06-30,,gfbj0835604
300870,欧陆通,2026-08-26,,,,,2026-06-30,,9900039796
300871,回盛生物,2026-08-15,,,,,2026-06-30,,9900039738
300872,天阳科技,2026-08-21,,,,,2026-06-30,,gfbj0835713
300873,海晨股份,2026-08-26,,,,,2026-06-30,,9900039819
300875,捷强装备,2026-08-24,,,,,2026-06-30,,gfbj0836046
300876,蒙泰高新,2026-08-21,,,,,2026-06-30,,9900039713
300877,金春股份,2026-08-26,,,,,2026-06-30,,gfbj0835140
300878,维康药业,2026-08-29,,,,,2026-06-30,,9900033229
300879,大叶股份,2026-08-24,,,,,2026-06-30,,9900039862
300880,迦南智能,2026-08-27,,,,,2026-06-30,,9900039789
300881,盛德鑫泰,2026-08-24,,,,,2026-06-30,,9900039841
300882,万胜智能,2026-08-25,,,,,2026-06-30,,9900039802
300883,龙利得,2026-08-12,,,,,2026-06-30,,gfbj0833229
300884,狄耐克,2026-08-26,,,,,2026-06-30,,9900041856
300885,海昌新材,2026-08-25,,,,,2026-06-30,,9900039762
300886,华业香料,2026-08-21,,,,,2026-06-30,,9900033179
300887,谱尼测试,2026-08-26,,,,,2026-06-30,,9900041379
300888,稳健医疗,2026-08-25,,,,,2026-06-30,,9900032418
300889,爱克股份,2026-08-25,,,,,2026-06-30,,9900039716
300890,翔丰华,2026-08-26,,,,,2026-06-30,,9900036058
300891,惠云钛业,2026-08-25,,,,,2026-06-30,,gfbj0839598
300892,品渥食品,2026-08-22,,,,,2026-06-30,,9900037903
300893,松原安全,2026-08-24,,,,,2026-06-30,,9900039861
300894,火星人,2026-08-29,,,,,2026-06-30,,9900035559
300895,铜牛信息,2026-08-21,,,,,2026-06-30,,9900026712
300896,爱美客,2026-08-21,,,,,2026-06-30,,9900035532
300897,山科智能,2026-08-25,,,,,2026-06-30,,9900035519
300898,熊猫乳品,2026-08-26,,,,,2026-06-30,,gfbj0832559
300899,上海凯鑫,2026-08-27,,,,,2026-06-30,,gfbj0834957
300900,广联航空,2026-08-26,,,,,2026-06-30,,9900033921
300901,中胤时尚,2026-08-01,,,,,2026-06-30,,9900039768
300902,国安达,2026-08-27,,,,,2026-06-30,,gfbj0835486
300903,科翔股份,2026-08-28,,,,,2026-06-30,,9900041432
300904,威力传动,2026-08-22,,,,,2026-06-30,,gfbj0871626
300905,宝丽迪,2026-08-14,,,,,2026-06-30,,9900039812
300906,日月明,2026-08-28,,,,,2026-06-30,,gfbj0835752
300907,康平科技,2026-08-25,,,,,2026-06-30,,9900039797
300908,仲景食品,2026-08-18,,,,,2026-06-30,,9900039763
300909,汇创达,2026-08-25,,,,,2026-06-30,,gfbj0837029
300910,瑞丰新材,2026-08-26,,,,,2026-06-30,,9900039829
300911,亿田智能,2026-08-29,,,,,2026-06-30,,9900041909
300912,凯龙高科,2026-08-28,,,,,2026-06-30,,9900036556
300913,兆龙互连,2026-08-29,,,,,2026-06-30,,9900041896
300915,海融科技,2026-08-29,,,,,2026-06-30,,9900035512
300916,朗特智能,2026-08-26,,,,,2026-06-30,,9900041748
300917,特发服务,2026-08-21,,,,,2026-06-30,,9900039821
300918,南山智尚,2026-08-27,,,,,2026-06-30,,9900041705
300919,中伟新材,2026-08-25,,,,,2026-06-30,,nssc1000144
300920,润阳科技,2026-08-29,,,,,2026-06-30,,gfbj0834600
300921,南凌科技,2026-08-25,,,,,2026-06-30,,9900041810
300922,天秦装备,2026-08-25,,,,,2026-06-30,,gfbj0833742
300923,研奥股份,2026-08-27,,,,,2026-06-30,,9900039740
300925,法本信息,2026-08-27,,,,,2026-06-30,,gfbj0832999
300926,博俊科技,2026-08-28,,,,,2026-06-30,,9900039855
300927,江天化学,2026-08-21,,,,,2026-06-30,,9900039826
300928,华安鑫创,2026-08-28,,,,,2026-06-30,,9900038107
300929,华骐环保,2026-08-28,,,,,2026-06-30,,9900024912
300930,屹通新材,2026-08-25,,,,,2026-06-30,,9900039852
300931,通用电梯,2026-08-29,,,,,2026-06-30,,9900034094
300932,三友联众,2026-08-25,,,,,2026-06-30,,9900039783
300933,中辰股份,2026-08-27,,,,,2026-06-30,,9900039767
300935,盈建科,2026-08-15,,,,,2026-06-30,,gfbj0831560
300936,中英科技,2026-08-24,,,,,2026-06-30,,9900035165
300937,药易购,2026-08-25,,,,,2026-06-30,,9900039717
300938,信测标准,2026-08-25,,,,,2026-06-30,,9900029013
300939,秋田微,2026-08-15,,,,,2026-06-30,,9900039795
300940,南极光,2026-08-26,,,,,2026-06-30,,9900041751
300941,创识科技,2026-08-25,,,,,2026-06-30,,gfbj0832953
300942,易瑞生物,2026-08-28,,,,,2026-06-30,,9900039820
300943,春晖智控,2026-08-25,,,,,2026-06-30,,gfbj0831475
300945,曼卡龙,2026-08-29,,,,,2026-06-30,,9900030779
300946,恒而达,2026-08-15,,,,,2026-06-30,,9900041410
300947,德必集团,2026-08-07,,,,,2026-06-30,,9900041740
300948,冠中生态,2026-08-27,,,,,2026-06-30,,gfbj0834265
300949,奥雅股份,2026-08-27,,,,,2026-06-30,,9900033217
300950,德固特,2026-08-27,,,,,2026-06-30,,gfbj0835825
300951,博硕科技,2026-08-25,,,,,2026-06-30,,nssc1000354
300952,恒辉安防,2026-08-26,,,,,2026-06-30,,9900039774
300953,震裕科技,2026-08-27,,,,,2026-06-30,,9900031708
300955,嘉亨家化,2026-08-24,,,,,2026-06-30,,9900041411
300956,英力股份,2026-08-26,,,,,2026-06-30,,9900041340
300957,贝泰妮,2026-08-25,,,,,2026-06-30,,9900041876
300958,建工修复,2026-08-21,,,,,2026-06-30,,9900030636
300959,线上线下,2026-08-27,,,,,2026-06-30,,9900041603
300960,通业科技,2026-08-22,,,,,2026-06-30,,gfbj0835873
300961,深水海纳,2026-08-27,,,,,2026-06-30,,fzqy1027857
300962,中金辐照,2026-08-28,,,,,2026-06-30,,GD025337
300963,中洲特材,2026-08-28,,,,,2026-06-30,,9900031831
300964,本川智能,2026-08-26,,,,,2026-06-30,,gfbj0839243
300965,恒宇信通,2026-08-28,,,,,2026-06-30,,9900043039
300966,共同药业,2026-08-26,,,,,2026-06-30,,9900041564
300967,晓鸣股份,2026-08-18,,,,,2026-06-30,,gfbj0831243
300968,格林精密,2026-08-28,,,,,2026-06-30,,9900034644
300969,恒帅股份,2026-08-28,,,,,2026-06-30,,nssc1000136
300970,华绿生物,2026-08-20,,,,,2026-06-30,,gfbj0832838
300971,博亚精工,2026-08-22,,,,,2026-06-30,,9900023718
300972,万辰集团,2026-08-29,,,,,2026-06-30,,gfbj0833260
300973,立高食品,2026-08-28,,,,,2026-06-30,,9900041484
300975,商络电子,2026-08-24,,2026-08-29,,,2026-06-30,,gfbj0835125
300976,达瑞电子,2026-08-18,,,,,2026-06-30,,gfbj0836633
300977,深圳瑞捷,2026-08-26,,,,,2026-06-30,,9900041783
300978,东箭科技,2026-08-28,,,,,2026-06-30,,9900039792
300979,华利集团,2026-08-21,,,,,2026-06-30,,nssc1000601
300980,祥源新材,2026-08-29,,,,,2026-06-30,,gfbj0833942
300981,中红医疗,2026-08-26,,,,,2026-06-30,,gfbj0833133
300982,苏文电能,2026-08-27,,,,,2026-06-30,,9900039847
300983,尤安设计,2026-08-24,,,,,2026-06-30,,gfbj0839040
300984,金沃股份,2026-08-22,,,,,2026-06-30,,9900044779
300985,致远新能,2026-08-28,,,,,2026-06-30,,nssc1000526
300986,志特新材,2026-08-28,,,,,2026-06-30,,gfbj0839065
300987,川网传媒,2026-08-29,,,,,2026-06-30,,9900030084
300988,津荣天宇,2026-08-29,,,,,2026-06-30,,gfbj0836980
300989,蕾奥规划,2026-08-29,,,,,2026-06-30,,gfbj0871061
300990,同飞股份,2026-08-28,,,,,2026-06-30,,9900041512
300991,创益通,2026-08-24,,,,,2026-06-30,,gfbj0835741
300992,泰福泵业,2026-08-28,,,,,2026-06-30,,9900041948
300993,玉马科技,2026-08-26,,,,,2026-06-30,,nssc1000018
300994,久祺股份,2026-08-29,,,,,2026-06-30,,nssc1000518
300995,奇德新材,2026-08-26,,,,,2026-06-30,,nssc1000230
300996,普联软件,2026-08-27,,,,,2026-06-30,,9900030872
300997,欢乐家,2026-08-26,,,,,2026-06-30,,nssc1000249
300998,宁波方正,2026-08-29,,,,,2026-06-30,,9900041658
300999,金龙鱼,2026-08-13,,,,,2026-06-30,,9900039967
301000,肇民科技,2026-08-25,,,,,2026-06-30,,nssc1000306
301001,凯淳股份,2026-08-28,,,,,2026-06-30,,gfbj0871628
301002,崧盛股份,2026-08-20,,,,,2026-06-30,,gfbj0871785
301003,江苏博云,2026-08-14,,,,,2026-06-30,,9900041596
301004,嘉益股份,2026-08-29,,,,,2026-06-30,,9900041916
301005,超捷股份,2026-08-25,,,,,2026-06-30,,nssc1000561
301006,迈拓股份,2026-08-26,,,,,2026-06-30,,9900039830
301007,德迈仕,2026-08-25,,,,,2026-06-30,,gfbj0838724
301008,宏昌科技,2026-08-29,,,,,2026-06-30,,nssc1000177
301009,可靠股份,2026-08-29,,,,,2026-06-30,,9900023748
301010,晶雪节能,2026-08-27,,,,,2026-06-30,,9900039811
301011,华立科技,2026-08-27,,,,,2026-06-30,,gfbj0835276
301012,扬电科技,2026-08-25,,,,,2026-06-30,,nssc1000094
301013,利和兴,2026-08-25,,,,,2026-06-30,,gfbj0834013
301015,百洋医药,2026-08-29,,,,,2026-06-30,,9900036922
301016,雷尔伟,2026-08-27,,,,,2026-06-30,,9900044778
301017,漱玉平民,2026-08-26,,,,,2026-06-30,,9900034413
301018,申菱环境,2026-08-29,,,,,2026-06-30,,9900035574
301019,宁波色母,2026-08-26,,,,,2026-06-30,,nssc1000339
301020,密封科技,2026-08-25,,,,,2026-06-30,,gfbj0837048
301021,英诺激光,2026-08-29,,,,,2026-06-30,,9900039770
301022,海泰科,2026-08-26,,,,,2026-06-30,,nssc1000307
301023,奕帆传动,2026-08-22,,,,,2026-06-30,,nssc1000381
301024,霍普股份,2026-08-29,,,,,2026-06-30,,gfbj0833328
301025,读客文化,2026-08-18,,,,,2026-06-30,,9900039832
301026,浩通科技,2026-08-21,,,,,2026-06-30,,9900033224
301027,华蓝集团,2026-08-27,,,,,2026-06-30,,9900044795
301028,鼎熔岩,2026-08-21,,,,,2026-06-30,,9900034447
301029,怡合达,2026-08-25,,,,,2026-06-30,,9900041453
301030,*ST仕净,2026-08-24,,,,,2026-06-30,,gfbj0835710
301031,中熔电气,2026-08-26,,,,,2026-06-30,,gfbj0839450
301032,新柴股份,2026-08-25,,,,,2026-06-30,,nssc1000546
301033,迈普医学,2026-08-21,,,,,2026-06-30,,9900041497
301035,润丰股份,2026-08-22,,,,,2026-06-30,,gfbj0837380
301036,双乐股份,2026-08-25,,,,,2026-06-30,,9900043696
301037,保立佳,2026-08-25,,,,,2026-06-30,,nssc1000255
301038,深水规院,2026-08-26,,,,,2026-06-30,,nssc1000648
301039,中集车辆,2026-08-25,,,,,2026-06-30,,9900039661
301040,中环海陆,2026-08-25,,,,,2026-06-30,,gfbj0833879
301041,金百泽,2026-08-25,,,,,2026-06-30,,DR0000034
301042,安联锐视,2026-08-28,,,,,2026-06-30,,9900023025
301043,绿岛风,2026-08-27,,,,,2026-06-30,,9900041433
301045,天禄科技,2026-08-26,,,,,2026-06-30,,9900045996
301046,能辉科技,2026-08-28,,,,,2026-06-30,,9900036554
301047,义翘神州,2026-08-26,,,,,2026-06-30,,nssc1000736
301048,金鹰重工,2026-08-28,,,,,2026-06-30,,nssc1000821
301049,超越科技,2026-08-25,,,,,2026-06-30,,nssc1000541
301050,雷电微力,2026-08-24,,,,,2026-06-30,,9900045155
301051,信濠光电,2026-08-29,,,,,2026-06-30,,9900039779
301052,果麦文化,2026-08-12,,,,,2026-06-30,,9900041880
301053,远信工业,2026-08-29,,,,,2026-06-30,,9900041890
301055,张小泉,2026-08-27,,,,,2026-06-30,,9900041902
301056,森赫股份,2026-08-29,,,,,2026-06-30,,9900041886
301057,汇隆新材,2026-08-28,,,,,2026-06-30,,gfbj0831444
301058,中粮科工,2026-08-26,,,,,2026-06-30,,nssc1000622
301059,金三江,2026-08-25,,,,,2026-06-30,,nssc1000589
301060,兰卫医学,2026-08-22,,,,,2026-06-30,,gfbj0834753
301061,匠心家居,2026-08-29,,,,,2026-06-30,,9900044815
301062,上海艾录,2026-07-30,,,,,2026-06-30,,gfbj0830970
301063,海锅股份,2026-08-27,,,,,2026-06-30,,nssc1000542
301065,本立科技,2026-08-25,,,,,2026-06-30,,9900041918
301066,万事利,2026-08-26,,,,,2026-06-30,,9900041879
301067,显盈科技,2026-08-28,,,,,2026-06-30,,gfbj0870903
301068,大地海洋,2026-08-26,,,,,2026-06-30,,9900039846
301069,凯盛新材,2026-08-18,,,,,2026-06-30,,gfbj0839711
301070,开勒股份,2026-08-25,,,,,2026-06-30,,gfbj0832365
301071,力量钻石,2026-07-29,,,,,2026-06-30,,fzqy1028970
301072,中捷精工,2026-08-24,,,,,2026-06-30,,nssc1000565
301073,君亭酒店,2026-08-29,,,,,2026-06-30,,gfbj0835939
301075,多瑞医药,2026-08-26,,,,,2026-06-30,,nssc1000735
301076,新瀚新材,2026-08-28,,,,,2026-06-30,,gfbj0834991
301077,星华新材,2026-08-29,,,,,2026-06-30,,gfbj0837102
301078,孩子王,2026-08-26,,,,,2026-06-30,,gfbj0839843
301079,邵阳液压,2026-08-27,,,,,2026-06-30,,9900023822
301080,百普赛斯,2026-08-29,,,,,2026-06-30,,nssc1000848
301081,严牌股份,2026-08-28,,,,,2026-06-30,,9900041947
301082,久盛电气,2026-08-27,,,,,2026-06-30,,gfbj0833131
301083,百胜智能,2026-08-24,,,,,2026-06-30,,gfbj0836282
301085,亚康股份,2026-08-26,,,,,2026-06-30,,nssc1000370
301086,鸿富瀚,2026-08-25,,,,,2026-06-30,,9900046519
301087,可孚医疗,2026-08-29,,,,,2026-06-30,,nssc1000611
301088,戎美股份,2026-08-27,,,,,2026-06-30,,nssc1000523
301089,拓新药业,2026-08-28,,,,,2026-06-30,,gfbj0831508
301090,华润材料,2026-08-25,,,,,2026-06-30,,nssc1000624
301091,深城交,2026-08-07,,,,,2026-06-30,,nssc1000642
301092,争光股份,2026-08-27,,,,,2026-06-30,,gfbj0837767
301093,华兰股份,2026-08-27,,,,,2026-06-30,,fzqy1030336
301095,广立微,2026-08-29,,,,,2026-06-30,,9900052544
301096,百诚医药,2026-08-27,,,,,2026-06-30,,gfbj0837332
301097,天益医疗,2026-08-21,,,,,2026-06-30,,9900035164
301098,金埔园林,2026-08-25,,,,,2026-06-30,,9900039827
301099,雅创电子,2026-08-25,,,,,2026-06-30,,nssc1000560
301100,风光股份,2026-07-31,,,,,2026-06-30,,9900041644
301101,明月镜片,2026-08-25,,,,,2026-06-30,,nssc1000579
301102,兆讯传媒,2026-08-26,,,,,2026-06-30,,9900023678
301103,何氏眼科,2026-08-28,,,,,2026-06-30,,9900041641
301105,鸿铭股份,2026-08-29,,,,,2026-06-30,,9900041460
301106,骏成科技,2026-08-26,,,,,2026-06-30,,9900032634
301107,瑜欣电子,2026-08-18,,,,,2026-06-30,,gfbj0870156
301108,洁雅股份,2026-08-29,,,,,2026-06-30,,9900041541
301109,军信股份,2026-08-25,,,,,2026-06-30,,gfbj0872664
301110,青木科技,2026-08-28,,,,,2026-06-30,,9900041485
301111,粤万年青,2026-08-28,,,,,2026-06-30,,9900041428
301112,信邦智能,2026-08-28,,,,,2026-06-30,,9900041495
301113,雅艺科技,2026-08-24,,,,,2026-06-30,,gfbj0836227
301115,联检科技,2026-08-26,,,,,2026-06-30,,gfbj0834049
301116,益客食品,2026-08-27,,,,,2026-06-30,,9900028946
301117,佳缘科技,2026-08-28,,,,,2026-06-30,,gfbj0837884
301118,恒光股份,2026-08-26,,,,,2026-06-30,,gfbj0831359
301119,正强股份,2026-08-28,,,,,2026-06-30,,nssc1000101
301120,新特电气,2026-08-27,,,,,2026-06-30,,9900023806
301121,紫建电子,2026-08-28,,,,,2026-06-30,,9900046816
301122,采纳股份,2026-08-26,,,,,2026-06-30,,9900046618
301123,奕东电子,2026-08-29,,,,,2026-06-30,,nssc1000522
301125,腾亚精工,2026-08-29,,,,,2026-06-30,,9900047975
301126,达嘉维康,2026-08-29,,,,,2026-06-30,,gfbj0832098
301127,武汉天源,2026-08-29,,,,,2026-06-30,,gfbj0831713
301128,强瑞技术,2026-08-12,,,,,2026-06-30,,nssc1000397
301129,瑞纳智能,2026-08-18,,,,,2026-06-30,,9900041357
301130,西点药业,2026-08-26,,,,,2026-06-30,,9900024936
301131,聚赛龙,2026-08-24,,,,,2026-06-30,,gfbj0839141
301132,满坤科技,2026-08-26,,,,,2026-06-30,,nssc1000267
301133,金钟股份,2026-08-26,,,,,2026-06-30,,9900041500
301135,瑞德智能,2026-08-26,,,,,2026-06-30,,gfbj0833635
301136,招标股份,2026-08-27,,,,,2026-06-30,,nssc1000631
301137,哈焊华通,2026-08-26,,,,,2026-06-30,,nssc1000582
301138,华研精机,2026-08-22,,,,,2026-06-30,,9900045995
301139,*ST元道,2026-08-29,,,,,2026-06-30,,gfbj0834034
301141,中科磁业,2026-08-28,,,,,2026-06-30,,9900052540
301148,嘉戎技术,2026-08-28,,,,,2026-06-30,,gfbj0837722
301149,隆华新材,2026-08-26,,,,,2026-06-30,,gfbj0839122
301150,中一科技,2026-08-28,,,,,2026-06-30,,gfbj0870206
301151,冠龙节能,2026-08-29,,,,,2026-06-30,,9900047375
301152,天力锂能,2026-08-24,,,,,2026-06-30,,gfbj0833757
301153,中科江南,2026-08-28,,,,,2026-06-30,,9900031709
301155,海力风电,2026-08-29,,,,,2026-06-30,,9900047535
301156,美农生物,2026-08-27,,,,,2026-06-30,,gfbj0873489
301157,华塑科技,2026-08-27,,,,,2026-06-30,,9900048367
301158,德石股份,2026-08-14,,,,,2026-06-30,,gfbj0872731
301159,三维天地,2026-08-29,,,,,2026-06-30,,nssc1000525
301160,翔楼新材,2026-08-28,,,,,2026-06-30,,gfbj0838455
301161,唯万密封,2026-08-25,,,,,2026-06-30,,nssc1000828
301162,国能日新,2026-08-15,,,,,2026-06-30,,9900041377
301163,宏德股份,2026-08-27,,,,,2026-06-30,,nssc1000373
301165,锐捷网络,2026-08-15,,,,,2026-06-30,,nssc1000760
301166,优宁维,2026-08-29,,,,,2026-06-30,,gfbj0837209
301167,建研设计,2026-08-28,,,,,2026-06-30,,9900041544
301168,通灵股份,2026-08-29,,,,,2026-06-30,,gfbj0833666
301169,零点有数,2026-08-28,,,,,2026-06-30,,gfbj0870941
301170,锡南科技,2026-08-26,,,,,2026-06-30,,9900048055
301171,易点天下,2026-08-21,,,,,2026-06-30,,9900026920
301172,君逸数码,2026-08-22,,,,,2026-06-30,,gfbj0836106
301173,毓恬冠佳,2026-08-27,,,,,2026-06-30,,9900059157
301175,中科环保,2026-08-25,,,,,2026-06-30,,nssc1000852
301176,逸豪新材,2026-08-26,,,,,2026-06-30,,9900041624
301177,迪阿股份,2026-08-27,,,,,2026-06-30,,nssc1000413
301178,天亿马,2026-08-29,,,,,2026-06-30,,gfbj0835666
301179,泽宇智能,2026-08-24,,,,,2026-06-30,,nssc1000374
301180,万祥科技,2026-08-27,,,,,2026-06-30,,nssc1000562
301181,标榜股份,2026-08-27,,,,,2026-06-30,,nssc1000192
301182,凯旺科技,2026-08-29,,,,,2026-06-30,,9900041529
301183,东田微,2026-08-18,,,,,2026-06-30,,9900039374
301185,鸥玛软件,2026-08-28,,,,,2026-06-30,,gfbj0839737
301186,超达装备,2026-08-27,,,,,2026-06-30,,9900036363
301187,欧圣电气,2026-08-28,,,,,2026-06-30,,nssc1000463
301188,力诺药包,2026-08-25,,,,,2026-06-30,,gfbj0833017
301189,奥尼电子,2026-08-29,,,,,2026-06-30,,gfbj0870575
301190,善水科技,2026-08-25,,,,,2026-06-30,,gfbj0871838
301191,菲菱科思,2026-08-28,,,,,2026-06-30,,9900036056
301192,泰祥股份,2026-08-26,,,,,2026-06-30,,gfbj0833874
301193,家联科技,2026-08-27,,,,,2026-06-30,,nssc1000147
301195,北路智控,2026-08-25,,,,,2026-06-30,,9900047322
301196,唯科科技,2026-08-27,,,,,2026-06-30,,nssc1000723
301197,工大科雅,2026-08-26,,,,,2026-06-30,,gfbj0836391
301198,喜悦智行,2026-08-26,,,,,2026-06-30,,gfbj0870910
301199,迈赫股份,2026-08-28,,,,,2026-06-30,,9900039834
301200,大族数控,2026-08-21,,,,,2026-06-30,,9900048802
301201,诚达药业,2026-08-26,,,,,2026-06-30,,9900023683
301202,朗威股份,2026-08-24,,,,,2026-06-30,,gfbj0835569
301203,国泰环保,2026-08-25,,,,,2026-06-30,,9900046512
301205,联特科技,2026-08-28,,,,,2026-06-30,,9900052495
301206,三元生物,2026-08-28,,,,,2026-06-30,,gqtg0100131
301207,华兰疫苗,2026-08-29,,,,,2026-06-30,,nssc1000791
301208,中亦科技,2026-08-25,,,,,2026-06-30,,9900031436
301209,联合化学,2026-08-26,,,,,2026-06-30,,9900047625
301210,金杨精密,2026-08-21,,,,,2026-06-30,,9900047329
301211,亨迪药业,2026-08-25,,,,,2026-06-30,,9900046623
301212,联盛化学,2026-08-27,,,,,2026-06-30,,gfbj0839063
301213,观想科技,2026-08-25,,,,,2026-06-30,,gfbj0832584
301215,中汽股份,2026-08-22,,,,,2026-06-30,,9900046650
301216,万凯新材,2026-08-24,,,,,2026-06-30,,9900046480
301217,铜冠铜箔,2026-08-27,,,,,2026-06-30,,9900047575
301218,华是科技,2026-08-27,,,,,2026-06-30,,gfbj0838119
301219,腾远钴业,2026-08-21,,,,,2026-06-30,,9900035080
301220,亚香股份,2026-08-28,,,,,2026-06-30,,9900039773
301221,光庭信息,2026-08-20,,,,,2026-06-30,,gfbj0834708
301222,浙江恒威,2026-08-27,,,,,2026-06-30,,9900036488
301223,中荣股份,2026-08-21,,,,,2026-06-30,,9900037237
301225,恒勃股份,2026-08-25,,,,,2026-06-30,,gfbj0834165
301226,祥明智能,2026-08-28,,,,,2026-06-30,,9900035553
301227,森鹰窗业,2026-08-21,,,,,2026-06-30,,GD007563
301228,实朴检测,2026-08-24,,,,,2026-06-30,,nssc1000304
301229,纽泰格,2026-08-28,,,,,2026-06-30,,fzqy1029423
301230,泓博医药,2026-08-28,,,,,2026-06-30,,gfbj0837359
301231,荣信文化,2026-08-27,,,,,2026-06-30,,gfbj0833632
301232,飞沃科技,2026-08-28,,,,,2026-06-30,,gfbj0839826
301233,盛帮股份,2026-08-24,,,,,2026-06-30,,gfbj0831247
301234,五洲医疗,2026-08-24,,,,,2026-06-30,,9900041554
301235,华康洁净,2026-08-29,,,,,2026-06-30,,nssc1000712
301236,软通动力,2026-08-26,,,,,2026-06-30,,9900046983
301237,和顺科技,2026-07-31,,,,,2026-06-30,,gfbj0833566
301238,瑞泰新材,2026-08-22,,,,,2026-06-30,,9900046654
301239,普瑞眼科,2026-08-29,,,,,2026-06-30,,9900041829
301246,宏源药业,2026-08-28,,,,,2026-06-30,,gfbj0831265
301248,杰创智能,2026-08-26,,,,,2026-06-30,,gfbj0832995
301251,威尔高,2026-08-18,,,,,2026-06-30,,9900053345
301252,同星科技,2026-08-21,,,,,2026-06-30,,9900046499
301255,通力科技,2026-08-26,,,,,2026-06-30,,9900052559
301256,华融化学,2026-08-14,,,,,2026-06-30,,nssc1000758
301257,普蕊斯,2026-08-29,,,,,2026-06-30,,gfbj0871269
301258,富士莱,2026-08-25,,,,,2026-06-30,,gfbj0833695
301259,艾布鲁,2026-08-28,,,,,2026-06-30,,9900041584
301260,格力博,2026-08-28,,,,,2026-06-30,,9900047302
301261,恒工精密,2026-08-25,,,,,2026-06-30,,9900050361
301262,海看股份,2026-08-27,,,,,2026-06-30,,nssc1000214
301263,泰恩康,2026-08-18,,,,,2026-06-30,,gfbj0831173
301265,华新科技,2026-08-26,,,,,2026-06-30,,gfbj0837117
301266,宇邦新材,2026-08-29,,,,,2026-06-30,,gfbj0832681
301267,华厦眼科,2026-08-28,,,,,2026-06-30,,9900041858
301268,铭利达,2026-08-28,,,,,2026-06-30,,nssc1000550
301269,华大九天,2026-08-29,,,,,2026-06-30,,9900048778
301270,汉仪股份,2026-08-26,,,,,2026-06-30,,nssc1000026
301272,英华特,2026-08-27,,,,,2026-06-30,,9900047655
301273,瑞晨环保,2026-08-27,,,,,2026-06-30,,9900047325
301275,汉朔科技,2026-08-26,,,,,2026-06-30,,9900048578
301276,嘉曼服饰,2026-08-27,,,,,2026-06-30,,9900036857
301277,新天地,2026-08-28,,,,,2026-06-30,,nssc1000651
301278,快可电子,2026-08-28,,,,,2026-06-30,,9900022934
301279,金道科技,2026-08-27,,,,,2026-06-30,,9900046495
301280,珠城科技,2026-08-26,,,,,2026-06-30,,gfbj0835150
301281,科源制药,2026-08-27,,,,,2026-06-30,,gfbj0836262
301282,金禄电子,2026-08-15,,,,,2026-06-30,,9900046625
301283,聚胶股份,2026-08-22,,,,,2026-06-30,,9900047620
301285,鸿日达,2026-08-25,,,,,2026-06-30,,9900047299
301286,侨源股份,2026-08-21,,,,,2026-06-30,,9900031477
301287,康力源,2026-08-25,,,,,2026-06-30,,9900048100
301288,清研环境,2026-08-28,,,,,2026-06-30,,9900048763
301289,国缆检测,2026-08-24,,,,,2026-06-30,,9900048167
301290,东星医疗,2026-08-24,,,,,2026-06-30,,gfbj0834478
301291,明阳电气,2026-08-26,,,,,2026-06-30,,9900046621
301292,海科新源,2026-08-27,,,,,2026-06-30,,9900046662
301293,三博脑科,2026-08-27,,,,,2026-06-30,,9900041364
301295,美硕科技,2026-08-27,,,,,2026-06-30,,gfbj0839715
301296,新巨丰,2026-08-29,,,,,2026-06-30,,9900035511
301297,富乐德,2026-08-26,,,,,2026-06-30,,9900052697
301298,东利机械,2026-08-27,,,,,2026-06-30,,gfbj0832305
301299,卓创资讯,2026-08-19,,,,,2026-06-30,,9900041695
301300,远翔新材,2026-08-29,,,,,2026-06-30,,gfbj0836763
301301,川宁生物,2026-08-25,,,,,2026-06-30,,nssc1000835
301302,华如科技,2026-08-24,,,,,2026-06-30,,gfbj0837069
301303,真兰仪表,2026-08-25,,,,,2026-06-30,,9900047777
301305,朗坤科技,2026-08-15,,,,,2026-06-30,,gfbj0838520
301306,西测测试,2026-08-29,,,,,2026-06-30,,9900052404
301307,美利信,2026-08-25,,,,,2026-06-30,,9900052775
301308,江波龙,2026-08-27,,,,,2026-06-30,,9900048787
301309,万得凯,2026-08-28,,,,,2026-06-30,,9900052567
301310,鑫宏业,2026-08-20,,,,,2026-06-30,,9900051411
301311,昆船智能,2026-08-26,,,,,2026-06-30,,9900047306
301312,智立方,2026-08-27,,,,,2026-06-30,,9900047342
301313,凡拓数创,2026-08-26,,,,,2026-06-30,,gfbj0833414
301314,科瑞思,2026-08-27,,,,,2026-06-30,,9900048072
301315,威士顿,2026-08-28,,,,,2026-06-30,,9900031770
301316,慧博云通,2026-08-27,,,,,2026-06-30,,gfbj0836320
301317,鑫磊股份,2026-08-26,,,,,2026-06-30,,9900041906
301318,维海德,2026-08-24,,,,,2026-06-30,,gfbj0871053
301319,唯特偶,2026-08-29,,,,,2026-06-30,,nssc1000556
301320,豪江智能,2026-08-22,,,,,2026-06-30,,9900046843
301321,翰博高新,2026-08-22,,,,,2026-06-30,,gfbj0833994
301322,绿通科技,2026-08-26,,,,,2026-06-30,,gfbj0838733
301323,新莱福,2026-08-24,,,,,2026-06-30,,9900048181
301325,曼恩斯特,2026-08-27,,,,,2026-06-30,,9900049004
301326,捷邦科技,2026-08-28,,,,,2026-06-30,,9900047623
301327,华宝新能,2026-08-28,,,,,2026-06-30,,gfbj0870907
301328,维峰电子,2026-08-22,,,,,2026-06-30,,9900047313
301329,信音电子,2026-08-26,,,,,2026-06-30,,9900023216
301330,熵基科技,2026-08-28,,,,,2026-06-30,,9900046633
301331,恩威医药,2026-08-27,,,,,2026-06-30,,nssc1000125
301332,德尔玛,2026-08-25,,,,,2026-06-30,,9900047227
301333,诺思格,2026-08-28,,,,,2026-06-30,,9900033210
301335,天元宠物,2026-08-28,,,,,2026-06-30,,gfbj0838193
301336,趣睡科技,2026-08-22,,2026-08-28,,,2026-06-30,,nssc1000189
301337,亚华电子,2026-08-26,,,,,2026-06-30,,gfbj0838234
301338,凯格精机,2026-08-22,,,,,2026-06-30,,9900046637
301339,通行宝,2026-08-29,,,,,2026-06-30,,nssc1000578
301345,涛涛车业,2026-08-24,,,,,2026-06-30,,nssc1000277
301348,蓝箭电子,2026-08-27,,,,,2026-06-30,,9900041457
301349,信德新材,2026-08-25,,,,,2026-06-30,,9900046772
301353,普莱得,2026-08-26,,,,,2026-06-30,,9900052546
301355,南王科技,2026-08-29,,,,,2026-06-30,,gfbj0839276
301356,天振股份,2026-08-29,,,,,2026-06-30,,9900052537
301357,北方长龙,2026-08-27,,,,,2026-06-30,,9900046528
301358,湖南裕能,2026-08-20,,,,,2026-06-30,,9900048816
301359,东南电子,2026-08-25,,,,,2026-06-30,,gfbj0839543
301360,荣旗科技,2026-08-28,,,,,2026-06-30,,9900051409
301361,众智科技,2026-08-08,,,,,2026-06-30,,gfbj0430504
301362,民爆光电,2026-08-25,,,,,2026-06-30,,nssc1000312
301363,美好医疗,2026-08-18,,,,,2026-06-30,,nssc1000054
301365,矩阵股份,2026-08-25,,,,,2026-06-30,,9900048762
301366,一博科技,2026-08-03,,,,,2026-06-30,,9900046504
301367,瑞迈特,2026-08-28,,,,,2026-06-30,,nssc1000853
301368,丰立智能,2026-08-26,,,,,2026-06-30,,nssc1000528
301369,联动科技,2026-08-27,,,,,2026-06-30,,nssc1000616
301370,国科恒泰,2026-08-29,,,,,2026-06-30,,9900035522
301371,敷尔佳,2026-08-20,,,,,2026-06-30,,9900051394
301372,科净源,2026-08-27,,,,,2026-06-30,,9900009408
301373,凌玮科技,2026-08-19,,,,,2026-06-30,,gfbj0838929
301376,致欧科技,2026-08-27,,,,,2026-06-30,,9900047632
301377,鼎泰高科,2026-08-20,,,,,2026-06-30,,9900047405
301378,通达海,2026-08-25,,,,,2026-06-30,,9900051391
301379,天山电子,2026-08-29,,,,,2026-06-30,,9900041502
301380,挖金客,2026-08-26,,,,,2026-06-30,,gfbj0834003
301381,赛维时代,2026-08-27,,,,,2026-06-30,,gfbj0839586
301382,蜂助手,2026-08-27,,,,,2026-06-30,,gfbj0838789
301383,天键股份,2026-08-25,,,,,2026-06-30,,nssc1000724
301386,未来电器,2026-08-26,,,,,2026-06-30,,gfbj0833054
301387,光大同创,2026-08-25,,,,,2026-06-30,,9900048801
301388,欣灵电气,2026-08-29,,,,,2026-06-30,,9900047117
301389,隆扬电子,2026-08-27,,,,,2026-06-30,,9900048381
301390,经纬股份,2026-08-27,,,,,2026-06-30,,gfbj0837811
301391,卡莱特,2026-08-15,,,,,2026-06-30,,9900051537
301392,汇成真空,2026-08-27,,,,,2026-06-30,,nssc1000612
301393,昊帆生物,2026-08-25,,,,,2026-06-30,,gfbj0837632
301395,仁信新材,2026-08-27,,,,,2026-06-30,,9900039761
301396,宏景科技,2026-08-29,,,,,2026-06-30,,9900033433
301397,溯联股份,2026-08-27,,,,,2026-06-30,,nssc1000380
301398,星源卓镁,2026-08-29,,,,,2026-06-30,,9900041661
301399,英特科技,2026-08-19,,,,,2026-06-30,,9900052195
301408,华人健康,2026-08-28,,,,,2026-06-30,,9900041348
301413,安培龙,2026-08-28,,,,,2026-06-30,,9900047312
301418,协昌科技,2026-08-25,,,,,2026-06-30,,gfbj0831954
301419,阿莱德,2026-08-26,,,,,2026-06-30,,9900036316
301421,波长光电,2026-08-12,,,,,2026-06-30,,gfbj0831518
301428,世纪恒通,2026-08-28,,,,,2026-06-30,,9900033059
301429,森泰股份,2026-08-26,,,,,2026-06-30,,nssc1000182
301439,泓淋电力,2026-08-15,,,,,2026-06-30,,nssc1000175
301446,福事特,2026-08-25,,,,,2026-06-30,,9900054175
301448,开创电气,2026-08-25,,,,,2026-06-30,,9900046496
301449,天溯计量,2026-08-21,,,,,2026-06-30,,gfbj0833812
301456,盘古智能,2026-08-26,,,,,2026-06-30,,9900047323
301458,钧崴电子,2026-08-24,,,,,2026-06-30,,9900056859
301459,丰茂股份,2026-08-26,,,,,2026-06-30,,9900048173
301468,博盈特焊,2026-08-28,,,,,2026-06-30,,9900047230
301469,恒达新材,2026-08-19,,,,,2026-06-30,,gfbj0835147
301479,弘景光电,2026-08-24,,,,,2026-06-30,,gfbj0870900
301486,致尚科技,2026-08-26,,,,,2026-06-30,,gqtg0660771
301487,盟固利,2026-08-24,,,,,2026-06-30,,9900051422
301488,豪恩汽电,2026-08-27,,,,,2026-06-30,,9900041807
301489,思泉新材,2026-08-24,,2026-08-28,,,2026-06-30,,gfbj0839556
301491,汉桑科技,2026-08-29,,,,,2026-06-30,,9900059231
301498,乖宝宠物,2026-08-27,,,,,2026-06-30,,9900046969
301499,维科精密,2026-08-28,,,,,2026-06-30,,9900052217
301500,飞南资源,2026-08-20,,,,,2026-06-30,,9900041459
301501,恒鑫生活,2026-08-29,,,,,2026-06-30,,9900055635
301502,华阳智能,2026-08-27,,,,,2026-06-30,,9900048390
301503,智迪科技,2026-08-26,,,,,2026-06-30,,9900032801
301505,苏州规划,2026-08-25,,,,,2026-06-30,,9900035567
301507,民生健康,2026-08-28,,,,,2026-06-30,,9900052710
301508,中机认检,2026-08-25,,,,,2026-06-30,,9900054181
301509,金凯生科,2026-08-21,,,,,2026-06-30,,9900048798
301510,固高科技,2026-08-29,,,,,2026-06-30,,9900053178
301511,德福科技,2026-08-22,,,,,2026-06-30,,9900041613
301512,智信精密,2026-08-27,,,,,2026-06-30,,9900048805
301513,尚水智能,2026-08-26,,,,,2026-06-30,,9900059205
301515,港通医疗,2026-08-28,,,,,2026-06-30,,9900030829
301516,中远通,2026-08-27,,,,,2026-06-30,,9900046543
301517,陕西华达,2026-08-25,,,,,2026-06-30,,9900023075
301518,长华化学,2026-08-26,,,,,2026-06-30,,9900036550
301519,舜禹股份,2026-08-26,,,,,2026-06-30,,gfbj0837004
301520,万邦医药,2026-08-29,,,,,2026-06-30,,9900053910
301522,上大股份,2026-08-01,,,,,2026-06-30,,9900056251
301525,儒竞科技,2026-08-29,,,,,2026-06-30,,9900048766
301526,国际复材,2026-08-20,,,,,2026-06-30,,9900047332
301528,多浦乐,2026-08-19,,,,,2026-06-30,,9900046977
301529,福赛科技,2026-08-29,,,,,2026-06-30,,9900048056
301531,春光集团,2026-08-25,,,,,2026-06-30,,gfbj0874286
301533,威马农机,2026-08-28,,,,,2026-06-30,,9900047756
301535,浙江华远,2026-08-25,,,,,2026-06-30,,9900052553
301536,星宸科技,2026-08-22,,,,,2026-06-30,,9900053755
301538,骏鼎达,2026-08-25,,,,,2026-06-30,,gfbj0837635
301539,宏鑫科技,2026-08-27,,,,,2026-06-30,,9900047120
301548,崇德科技,2026-08-24,,,,,2026-06-30,,9900047303
301550,斯菱智驱,2026-08-26,,,,,2026-06-30,,gfbj0832147
301551,无线传媒,2026-08-28,,,,,2026-06-30,,9900046842
301552,科力装备,2026-08-26,,,,,2026-06-30,,9900055711
301555,惠柏新材,2026-08-26,,,,,2026-06-30,,gfbj0832862
301556,托普云农,2026-08-28,,,,,2026-06-30,,gfbj0833692
301557,常友科技,2026-08-28,,,,,2026-06-30,,9900051395
301558,三态股份,2026-08-27,,,,,2026-06-30,,gfbj0430754
301559,中集环科,2026-08-22,,,,,2026-06-30,,9900048898
301560,众捷汽车,2026-08-28,,,,,2026-06-30,,nssc1000584
301563,云汉芯城,2026-08-19,,,,,2026-06-30,,9900048908
301565,中仑新材,2026-08-25,,,,,2026-06-30,,9900053182
301566,达利凯普,2026-08-28,,,,,2026-06-30,,9900047759
301567,贝隆精密,2026-08-26,,,,,2026-06-30,,9900046960
301568,思泰克,2026-08-27,,,,,2026-06-30,,9900033932
301571,国科天成,2026-08-28,,,,,2026-06-30,,9900048364
301575,艾芬达,2026-08-20,,,,,2026-06-30,,gfbj0832958
301577,美信科技,2026-08-21,,,,,2026-06-30,,gfbj0839002
301578,辰奕智能,2026-08-26,,,,,2026-06-30,,gfbj0870932
301580,爱迪特,2026-08-25,,,,,2026-06-30,,gfbj0870132
301581,黄山谷捷,2026-08-25,,,,,2026-06-30,,9900058642
301584,建发致新,2026-08-24,,,,,2026-06-30,,9900056249
301585,蓝宇股份,2026-08-25,,,,,2026-06-30,,gfbj0836764
301586,佳力奇,2026-08-28,,,,,2026-06-30,,9900034748
301587,中瑞股份,2026-08-25,,,,,2026-06-30,,9900039729
301588,美新科技,2026-08-28,,,,,2026-06-30,,9900052298
301589,诺瓦星云,2026-08-22,,,,,2026-06-30,,9900053191
301590,优优绿能,2026-08-26,,,,,2026-06-30,,9900057296
301591,肯特股份,2026-08-28,,,,,2026-06-30,,9900036066
301592,六九一二,2026-08-27,,,,,2026-06-30,,9900056232
301595,太力科技,2026-08-26,,,,,2026-06-30,,9900053761
301596,瑞迪智驱,2026-08-26,,,,,2026-06-30,,9900051624
301598,博科测试,2026-08-24,,,,,2026-06-30,,gfbj0838652
301599,理奇智能,2026-08-24,,,,,2026-06-30,,9900063198
301600,慧翰股份,2026-08-29,,,,,2026-06-30,,9900030451
301601,惠通科技,2026-08-26,,,,,2026-06-30,,fzqy1030025
301602,超研股份,2026-08-28,,,,,2026-06-30,,9900046981
301603,乔锋智能,2026-08-25,,,,,2026-06-30,,9900056053
301606,绿联科技,2026-08-25,,,,,2026-06-30,,9900055793
301607,富特科技,2026-08-28,,,,,2026-06-30,,9900055972
301608,博实结,2026-08-26,,,,,2026-06-30,,9900055634
301609,山大电力,2026-08-21,,,,,2026-06-30,,gfbj0872972
301611,珂玛科技,2026-08-20,,,,,2026-06-30,,9900056250
301613,新铝时代,2026-08-25,,,,,2026-06-30,,nssc1000838
301616,浙江华业,2026-08-27,,,,,2026-06-30,,9900055732
301617,博苑新材,2026-08-20,,,,,2026-06-30,,9900047409
301618,长联科技,2026-08-28,,,,,2026-06-30,,gfbj0833667
301622,英思特,2026-08-26,,,,,2026-06-30,,gfbj0839708
301626,苏州天脉,2026-08-28,,,,,2026-06-30,,nssc1000571
301628,强达电路,2026-08-27,,,,,2026-06-30,,9900056054
301629,矽电股份,2026-08-25,,,,,2026-06-30,,nssc1000553
301630,同宇新材,2026-08-26,,,,,2026-06-30,,9900056233
301631,壹连科技,2026-08-22,,,,,2026-06-30,,9900053341
301632,广东建科,2026-08-27,,,,,2026-06-30,,GD007198
301633,港迪技术,2026-08-28,,,,,2026-06-30,,9900059124
301636,泽润新能,2026-08-27,,,,,2026-06-30,,9900059008
301638,南网数字,2026-08-28,,,,,2026-06-30,,GD204282
301656,联合动力,2026-08-25,,,,,2026-06-30,,9900062008
301658,首航新能,2026-08-28,,,,,2026-06-30,,9900055971
301662,宏工科技,2026-08-27,,,,,2026-06-30,,9900056074
301665,泰禾股份,2026-08-28,,,,,2026-06-30,,fzqy1026321
301666,大普微,2026-08-25,,,,,2026-06-30,,9900063201
301667,纳百川,2026-08-27,,,,,2026-06-30,,9900059714
301668,昊创瑞通,2026-08-28,,,,,2026-06-30,,9900059160
301669,高特电子,2026-08-28,,,,,2026-06-30,,9900063185
301678,新恒汇,2026-07-31,,,,,2026-06-30,,9900048758
301680,固德电材,2026-08-25,,,,,2026-06-30,,gfbj0834711
301682,宏明电子,2026-08-22,,,,,2026-06-30,,nssc1000429
301683,慧谷新材,2026-08-24,,,,,2026-06-30,,GD083926
301687,新广益,2026-08-25,,,,,2026-06-30,,9900059195
301696,三瑞智能,2026-08-27,,,,,2026-06-30,,9900063047
302132,中航成飞,2026-08-24,,,,,2026-06-30,,9900013408
600000,浦发银行,2026-08-31,,2026-08-29,,,2026-06-30,,gssh0600000
600004,白云机场,2026-08-27,,,,,2026-06-30,,gssh0600004
600006,东风股份,2026-08-27,,,,,2026-06-30,,gssh0600006
600007,中国国贸,2026-08-31,,,,,2026-06-30,,gssh0600007
600008,首创环保,2026-08-31,,,,,2026-06-30,,gssh0600008
600009,上海机场,2026-08-20,,,,,2026-06-30,,gssh0600009
600010,包钢股份,2026-08-20,,,,,2026-06-30,,gssh0600010
600011,华能国际,2026-08-19,,,,,2026-06-30,,gssh0600011
600012,皖通高速,2026-08-25,,,,,2026-06-30,,gssh0600012
600015,华夏银行,2026-08-29,,,,,2026-06-30,,gssh0600015
600016,民生银行,2026-08-29,,,,,2026-06-30,,gssh0600016
600017,日照港,2026-08-27,,,,,2026-06-30,,9900000981
600018,上港集团,2026-08-28,,,,,2026-06-30,,9900001281
600019,宝钢股份,2026-08-22,,,,,2026-06-30,,gssh0600019
600020,中原高速,2026-08-01,,2026-08-15,,,2026-06-30,,gssh0600020
600021,上海电力,2026-08-29,,,,,2026-06-30,,gssh0600021
600022,山东钢铁,2026-08-21,,,,,2026-06-30,,gssh0600022
600023,浙能电力,2026-08-29,,,,,2026-06-30,,9900027828
600025,华能水电,2026-08-26,,,,,2026-06-30,,9900030360
600026,中远海能,2026-08-29,,,,,2026-06-30,,gssh0600026
600027,华电国际,2026-08-28,,,,,2026-06-30,,gssh0600027
600028,中国石化,2026-08-24,,,,,2026-06-30,,gssh0600028
600029,南方航空,2026-08-29,,,,,2026-06-30,,gssh0600029
600030,中信证券,2026-08-21,,,,,2026-06-30,,gssh0600030
600031,三一重工,2026-08-31,,,,,2026-06-30,,gssh0600031
600032,浙江新能,2026-08-28,,,,,2026-06-30,,9900041932
600033,福建高速,2026-08-25,,,,,2026-06-30,,gssh0600033
600035,楚天高速,2026-08-27,,,,,2026-06-30,,gssh0600035
600036,招商银行,2026-08-29,,,,,2026-06-30,,gssh0600036
600037,歌华有线,2026-08-29,,,,,2026-06-30,,gssh0600037
600038,中直股份,2026-08-25,,2026-08-27,,,2026-06-30,,gssh0600038
600039,四川路桥,2026-08-29,,,,,2026-06-30,,gssh0600039
600048,保利发展,2026-08-27,,,,,2026-06-30,,9900000161
600050,中国联通,2026-08-19,,,,,2026-06-30,,gssh0600050
600051,宁波联合,2026-08-25,,,,,2026-06-30,,gssh0600051
600052,东望时代,2026-08-28,,,,,2026-06-30,,gssh0600052
600053,*ST九鼎,2026-08-25,,,,,2026-06-30,,gssh0600053
600054,黄山旅游,2026-08-25,,,,,2026-06-30,,gssh0600054
600055,万东医疗,2026-08-26,,,,,2026-06-30,,gssh0600055
600056,中国医药,2026-08-26,,,,,2026-06-30,,gssh0600056
600057,厦门象屿,2026-08-25,,,,,2026-06-30,,gssh0600057
600058,五矿发展,2026-08-31,,2026-08-28,,,2026-06-30,,gssh0600058
600059,古越龙山,2026-08-28,,,,,2026-06-30,,gssh0600059
600060,海信视像,2026-08-26,,,,,2026-06-30,,gssh0600060
600061,国投资本,2026-08-31,,,,,2026-06-30,,gssh0600061
600062,华润双鹤,2026-08-22,,,,,2026-06-30,,gssh0600062
600063,皖维高新,2026-08-21,,,,,2026-06-30,,gssh0600063
600064,南京高科,2026-08-21,,,,,2026-06-30,,gssh0600064
600066,宇通客车,2026-08-11,,,,,2026-06-30,,gssh0600066
600067,冠城新材,2026-08-28,,,,,2026-06-30,,gssh0600067
600071,凤凰光学,2026-08-25,,,,,2026-06-30,,gssh0600071
600072,中船科技,2026-08-29,,,,,2026-06-30,,gssh0600072
600073,光明肉业,2026-08-29,,,,,2026-06-30,,gssh0600073
600075,新疆天业,2026-08-22,,,,,2026-06-30,,gssh0600075
600076,康欣新材,2026-08-26,,,,,2026-06-30,,gssh0600076
600078,澄星股份,2026-08-18,,,,,2026-06-30,,gssh0600078
600079,ST人福,2026-08-26,,,,,2026-06-30,,gssh0600079
600080,ST金花,2026-08-22,,,,,2026-06-30,,gssh0600080
600081,东风科技,2026-08-25,,,,,2026-06-30,,gssh0600081
600082,ST海泰,2026-08-29,,,,,2026-06-30,,gssh0600082
600084,*ST尼雅,2026-08-25,,,,,2026-06-30,,gssh0600084
600085,同仁堂,2026-08-31,,,,,2026-06-30,,gssh0600085
600088,中视传媒,2026-08-29,,,,,2026-06-30,,gssh0600088
600089,特变电工,2026-08-22,,,,,2026-06-30,,gssh0600089
600094,大名城,2026-08-28,,,,,2026-06-30,,gssh0600094
600095,湘财股份,2026-08-27,,,,,2026-06-30,,gssh0600095
600096,云天化,2026-08-18,,,,,2026-06-30,,gssh0600096
600097,开创国际,2026-08-29,,,,,2026-06-30,,gssh0600097
600098,广州发展,2026-08-31,,,,,2026-06-30,,gssh0600098
600099,林海股份,2026-08-26,,,,,2026-06-30,,gssh0600099
600100,同方股份,2026-08-29,,,,,2026-06-30,,gssh0600100
600101,明星电力,2026-08-27,,,,,2026-06-30,,gssh0600101
600103,青山纸业,2026-08-25,,,,,2026-06-30,,gssh0600103
600104,上汽集团,2026-08-29,,,,,2026-06-30,,gssh0600104
600105,永鼎股份,2026-08-20,,,,,2026-06-30,,gssh0600105
600106,重庆路桥,2026-08-25,,,,,2026-06-30,,gssh0600106
600107,*ST尔雅,2026-08-26,,,,,2026-06-30,,gssh0600107
600108,亚盛集团,2026-08-28,,,,,2026-06-30,,gssh0600108
600109,国金证券,2026-08-27,,,,,2026-06-30,,gssh0600109
600110,诺德股份,2026-07-31,,,,,2026-06-30,,gssh0600110
600111,北方稀土,2026-08-20,,,,,2026-06-30,,gssh0600111
600113,浙江东日,2026-08-25,,,,,2026-06-30,,gssh0600113
600114,东睦股份,2026-08-27,,,,,2026-06-30,,gssh0600114
600115,中国东航,2026-08-31,,,,,2026-06-30,,gssh0600115
600116,三峡水利,2026-08-21,,,,,2026-06-30,,gssh0600116
600117,西宁特钢,2026-08-31,,,,,2026-06-30,,gssh0600117
600118,中国卫星,2026-08-20,,,,,2026-06-30,,gssh0600118
600119,*ST长投,2026-08-27,,,,,2026-06-30,,gssh0600119
600120,浙江东方,2026-08-18,,,,,2026-06-30,,gssh0600120
600121,郑州煤电,2026-08-25,,,,,2026-06-30,,gssh0600121
600123,兰花科创,2026-08-25,,,,,2026-06-30,,gssh0600123
600125,铁龙物流,2026-08-25,,,,,2026-06-30,,gssh0600125
600126,杭钢股份,2026-08-29,,,,,2026-06-30,,gssh0600126
600127,金健米业,2026-08-29,,,,,2026-06-30,,gssh0600127
600128,苏豪弘业,2026-08-31,,,,,2026-06-30,,gssh0600128
600129,太极集团,2026-08-26,,,,,2026-06-30,,gssh0600129
600130,波导股份,2026-08-25,,,,,2026-06-30,,gssh0600130
600131,国网信通,2026-08-22,,,,,2026-06-30,,gssh0600131
600132,重庆啤酒,2026-08-20,,,,,2026-06-30,,gssh0600132
600133,东湖高新,2026-08-25,,,,,2026-06-30,,gssh0600133
600135,乐凯胶片,2026-08-27,,,,,2026-06-30,,gssh0600135
600136,ST明诚,2026-08-26,,,,,2026-06-30,,gssh0600136
600137,浪莎股份,2026-08-25,,,,,2026-06-30,,gssh0600137
600138,中青旅,2026-08-26,,,,,2026-06-30,,gssh0600138
600141,兴发集团,2026-08-25,,,,,2026-06-30,,gssh0600141
600143,金发科技,2026-08-25,,,,,2026-06-30,,gssh0600143
600148,长春一东,2026-08-26,,,,,2026-06-30,,gssh0600148
600149,廊坊发展,2026-08-22,,,,,2026-06-30,,gssh0600149
600150,中国船舶,2026-08-31,,,,,2026-06-30,,gssh0600150
600151,航天机电,2026-08-26,,,,,2026-06-30,,gssh0600151
600152,维科技术,2026-08-25,,,,,2026-06-30,,gssh0600152
600153,建发股份,2026-08-29,,,,,2026-06-30,,gssh0600153
600155,华创云信,2026-08-31,,,,,2026-06-30,,gssh0600155
600156,华升股份,2026-08-28,,,,,2026-06-30,,gssh0600156
600157,永泰能源,2026-08-29,,,,,2026-06-30,,gssh0600157
600158,中体产业,2026-08-27,,,,,2026-06-30,,gssh0600158
600159,大龙地产,2026-08-26,,,,,2026-06-30,,gssh0600159
600160,巨化股份,2026-08-26,,,,,2026-06-30,,gssh0600160
600161,天坛生物,2026-08-29,,,,,2026-06-30,,gssh0600161
600162,香江控股,2026-08-27,,,,,2026-06-30,,gssh0600162
600163,中闽能源,2026-08-28,,,,,2026-06-30,,gssh0600163
600165,ST宁科,2026-08-29,,,,,2026-06-30,,gssh0600165
600166,福田汽车,2026-08-29,,,,,2026-06-30,,gssh0600166
600167,联美控股,2026-08-29,,,,,2026-06-30,,gssh0600167
600168,武汉控股,2026-08-26,,,,,2026-06-30,,gssh0600168
600169,ST太重,2026-08-25,,,,,2026-06-30,,gssh0600169
600170,上海建工,2026-08-27,,,,,2026-06-30,,gssh0600170
600171,上海贝岭,2026-08-29,,,,,2026-06-30,,gssh0600171
600172,黄河旋风,2026-08-27,,,,,2026-06-30,,gssh0600172
600173,卧龙新能,2026-08-21,,,,,2026-06-30,,gssh0600173
600176,中国巨石,2026-08-27,,,,,2026-06-30,,gssh0600176
600177,雅戈尔,2026-08-29,,,,,2026-06-30,,gssh0600177
600178,东安动力,2026-08-25,,,,,2026-06-30,,gssh0600178
600179,安通控股,2026-08-25,,,,,2026-06-30,,gssh0600179
600180,*ST瑞茂,2026-08-29,,,,,2026-06-30,,gssh0600180
600182,S佳通,2026-08-29,,,,,2026-06-30,,gssh0600182
600183,生益科技,2026-08-15,,,,,2026-06-30,,gssh0600183
600184,光电股份,2026-08-28,,,,,2026-06-30,,gssh0600184
600185,珠免集团,2026-08-29,,,,,2026-06-30,,gssh0600185
600186,莲花控股,2026-08-29,,,,,2026-06-30,,gssh0600186
600187,*ST国中,2026-08-21,,,,,2026-06-30,,gssh0600187
600188,兖矿能源,2026-08-31,,2026-08-29,,,2026-06-30,,gssh0600188
600189,泉阳泉,2026-08-25,,,,,2026-06-30,,gssh0600189
600191,华资实业,2026-08-29,,,,,2026-06-30,,gssh0600191
600192,长城电工,2026-08-29,,,,,2026-06-30,,gssh0600192
600195,中牧股份,2026-08-27,,,,,2026-06-30,,gssh0600195
600196,复星医药,2026-08-26,,,,,2026-06-30,,gssh0600196
600197,伊力特,2026-08-27,,,,,2026-06-30,,gssh0600197
600198,大唐电信,2026-08-21,,,,,2026-06-30,,gssh0600198
600199,金种子酒,2026-08-29,,,,,2026-06-30,,gssh0600199
600201,生物股份,2026-08-04,,,,,2026-06-30,,gssh0600201
600202,哈空调,2026-08-25,,,,,2026-06-30,,gssh0600202
600203,福日电子,2026-08-11,,,,,2026-06-30,,gssh0600203
600206,有研新材,2026-08-25,,2026-08-05,,,2026-06-30,,gssh0600206
600207,安彩高科,2026-08-26,,,,,2026-06-30,,gssh0600207
600208,衢州发展,2026-08-31,,,,,2026-06-30,,gssh0600208
600210,紫江企业,2026-08-28,,,,,2026-06-30,,gssh0600210
600211,西藏药业,2026-08-14,,,,,2026-06-30,,gssh0600211
600212,绿能慧充,2026-08-26,,,,,2026-06-30,,gssh0600212
600215,派斯林,2026-08-26,,,,,2026-06-30,,gssh0600215
600216,浙江医药,2026-08-26,,,,,2026-06-30,,gssh0600216
600217,中再资环,2026-08-28,,,,,2026-06-30,,gssh0600217
600218,全柴动力,2026-08-29,,,,,2026-06-30,,gssh0600218
600219,南山铝业,2026-08-20,,,,,2026-06-30,,gssh0600219
600221,海航控股,2026-08-25,,,,,2026-06-30,,gssh0600221
600222,太龙药业,2026-08-28,,,,,2026-06-30,,gssh0600222
600223,福瑞达,2026-08-26,,,,,2026-06-30,,gssh0600223
600226,亨通股份,2026-08-25,,,,,2026-06-30,,gssh0600226
600227,赤天化,2026-08-28,,,,,2026-06-30,,gssh0600227
600228,返利科技,2026-08-22,,,,,2026-06-30,,gssh0600228
600229,城市传媒,2026-08-29,,,,,2026-06-30,,gssh0600229
600230,沧州大化,2026-08-15,,,,,2026-06-30,,gssh0600230
600231,凌钢股份,2026-08-25,,,,,2026-06-30,,gssh0600231
600232,金鹰股份,2026-08-27,,,,,2026-06-30,,gssh0600232
600233,圆通速递,2026-08-20,,,,,2026-06-30,,gssh0600233
600234,科新发展,2026-08-25,,,,,2026-06-30,,gssh0600234
600235,民丰特纸,2026-08-26,,,,,2026-06-30,,gssh0600235
600236,桂冠电力,2026-07-31,,,,,2026-06-30,,gssh0600236
600237,铜峰电子,2026-08-22,,,,,2026-06-30,,gssh0600237
600238,*ST椰岛,2026-08-25,,,,,2026-06-30,,gssh0600238
600239,ST云城,2026-08-25,,,,,2026-06-30,,gssh0600239
600241,时代万恒,2026-08-22,,,,,2026-06-30,,gssh0600241
600243,*ST海华,2026-08-18,,,,,2026-06-30,,gssh0600243
600246,万通发展,2026-08-29,,,,,2026-06-30,,gssh0600246
600248,陕建股份,2026-08-29,,,,,2026-06-30,,gssh0600248
600249,两面针,2026-08-28,,,,,2026-06-30,,gssh0600249
600250,南京商旅,2026-08-29,,,,,2026-06-30,,gssh0600250
600251,冠农股份,2026-08-26,,,,,2026-06-30,,gssh0600251
600252,中恒集团,2026-08-31,,,,,2026-06-30,,gssh0600252
600255,鑫科材料,2026-08-11,,,,,2026-06-30,,gssh0600255
600256,广汇能源,2026-08-21,,,,,2026-06-30,,gssh0600256
600257,大湖股份,2026-08-13,,,,,2026-06-30,,gssh0600257
600258,首旅酒店,2026-08-29,,,,,2026-06-30,,gssh0600258
600259,中稀有色,2026-08-26,,,,,2026-06-30,,gssh0600259
600261,阳光照明,2026-08-22,,,,,2026-06-30,,gssh0600261
600262,北方股份,2026-08-25,,,,,2026-06-30,,gssh0600262
600265,*ST景谷,2026-08-25,,,,,2026-06-30,,gssh0600265
600266,城建发展,2026-08-27,,,,,2026-06-30,,gssh0600266
600267,海正药业,2026-08-26,,,,,2026-06-30,,gssh0600267
600268,国电南自,2026-08-20,,,,,2026-06-30,,gssh0600268
600269,赣粤高速,2026-08-11,,,,,2026-06-30,,gssh0600269
600271,航天信息,2026-08-29,,,,,2026-06-30,,gssh0600271
600272,开开实业,2026-08-29,,,,,2026-06-30,,gssh0600272
600273,嘉化能源,2026-08-22,,,,,2026-06-30,,gssh0600273
600276,恒瑞医药,2026-08-20,,,,,2026-06-30,,gssh0600276
600278,东方创业,2026-08-28,,,,,2026-06-30,,gssh0600278
600279,重庆港,2026-08-25,,,,,2026-06-30,,gssh0600279
600280,中央商场,2026-08-27,,,,,2026-06-30,,gssh0600280
600281,华阳新材,2026-08-28,,,,,2026-06-30,,gssh0600281
600282,南钢股份,2026-08-21,,,,,2026-06-30,,gssh0600282
600283,钱江水利,2026-08-27,,,,,2026-06-30,,gssh0600283
600284,浦东建设,2026-08-29,,,,,2026-06-30,,gssh0600284
600285,羚锐制药,2026-08-12,,,,,2026-06-30,,gssh0600285
600287,苏豪时尚,2026-08-29,,,,,2026-06-30,,gssh0600287
600288,大恒科技,2026-08-25,,,,,2026-06-30,,gssh0600288
600289,ST信通,2026-08-27,,,,,2026-06-30,,gssh0600289
600292,电投水电,2026-08-31,,,,,2026-06-30,,gssh0600292
600293,三峡新材,2026-08-22,,,,,2026-06-30,,gssh0600293
600295,鄂尔多斯,2026-08-29,,,,,2026-06-30,,gssh0600295
600298,安琪酵母,2026-08-15,,,,,2026-06-30,,gssh0600298
600299,安迪苏,2026-08-31,,,,,2026-06-30,,gssh0600299
600300,维维股份,2026-08-25,,,,,2026-06-30,,gssh0600300
600301,华锡有色,2026-08-18,,,,,2026-06-30,,gssh0600301
600302,ST标准,2026-08-27,,,,,2026-06-30,,gssh0600302
600303,曙光股份,2026-08-31,,,,,2026-06-30,,gssh0600303
600305,恒顺醋业,2026-08-20,,,,,2026-06-30,,gssh0600305
600307,酒钢宏兴,2026-08-29,,,,,2026-06-30,,gssh0600307
600308,华泰股份,2026-08-22,,,,,2026-06-30,,gssh0600308
600309,万华化学,2026-08-11,,,,,2026-06-30,,gssh0600309
600310,广西能源,2026-08-31,,,,,2026-06-30,,gssh0600310
600312,平高电气,2026-08-20,,,,,2026-06-30,,gssh0600312
600313,农发种业,2026-08-22,,,,,2026-06-30,,gssh0600313
600315,上海家化,2026-08-20,,,,,2026-06-30,,gssh0600315
600316,洪都航空,2026-08-27,,,,,2026-06-30,,gssh0600316
600318,新力金融,2026-08-12,,,,,2026-06-30,,gssh0600318
600319,亚星化学,2026-08-29,,,,,2026-06-30,,gssh0600319
600320,振华重工,2026-08-27,,,,,2026-06-30,,gssh0600320
600322,津投城开,2026-08-29,,,,,2026-06-30,,gssh0600322
600323,瀚蓝环境,2026-08-27,,,,,2026-06-30,,gssh0600323
600325,华发股份,2026-08-31,,,,,2026-06-30,,gssh0600325
600326,西藏天路,2026-08-18,,,,,2026-06-30,,gssh0600326
600327,大东方,2026-08-26,,,,,2026-06-30,,gssh0600327
600328,中盐化工,2026-08-26,,,,,2026-06-30,,gssh0600328
600329,达仁堂,2026-08-15,,,,,2026-06-30,,gssh0600329
600330,天通股份,2026-08-26,,,,,2026-06-30,,gssh0600330
600331,宏达股份,2026-08-29,,,,,2026-06-30,,gssh0600331
600332,白云山,2026-08-22,,,,,2026-06-30,,gssh0600332
600333,长春燃气,2026-08-27,,,,,2026-06-30,,gssh0600333
600335,国机汽车,2026-08-26,,,,,2026-06-30,,gssh0600335
600336,澳柯玛,2026-08-22,,,,,2026-06-30,,gssh0600336
600337,ST美克,2026-08-31,,,,,2026-06-30,,gssh0600337
600338,西藏珠峰,2026-08-19,,,,,2026-06-30,,gssh0600338
600339,中油工程,2026-08-27,,,,,2026-06-30,,gssh0600339
600340,*ST华幸,2026-08-29,,,,,2026-06-30,,gssh0600340
600343,航天动力,2026-08-29,,,,,2026-06-30,,gssh0600343
600345,长江通信,2026-08-25,,,,,2026-06-30,,gssh0600345
600346,恒力石化,2026-08-20,,,,,2026-06-30,,gssh0600346
600348,华阳股份,2026-08-27,,,,,2026-06-30,,gssh0600348
600350,山东高速,2026-08-27,,,,,2026-06-30,,gssh0600350
600351,亚宝药业,2026-08-01,,,,,2026-06-30,,gssh0600351
600352,浙江龙盛,2026-08-26,,,,,2026-06-30,,gssh0600352
600353,旭光电子,2026-08-27,,,,,2026-06-30,,gssh0600353
600354,敦煌种业,2026-08-28,,,,,2026-06-30,,gssh0600354
600356,恒丰纸业,2026-08-26,,,,,2026-06-30,,gssh0600356
600358,国旅联合,2026-08-29,,,,,2026-06-30,,gssh0600358
600359,新农开发,2026-08-27,,,,,2026-06-30,,gssh0600359
600360,华微电子,2026-08-26,,,,,2026-06-30,,gssh0600360
600361,创新新材,2026-08-27,,,,,2026-06-30,,gssh0600361
600362,江西铜业,2026-08-26,,,,,2026-06-30,,gssh0600362
600363,联创光电,2026-08-27,,,,,2026-06-30,,gssh0600363
600365,ST通葡,2026-08-25,,,,,2026-06-30,,gssh0600365
600366,宁波韵升,2026-08-18,,,,,2026-06-30,,gssh0600366
600367,红星发展,2026-08-22,,,,,2026-06-30,,gssh0600367
600368,五洲交通,2026-08-22,,,,,2026-06-30,,gssh0600368
600369,西南证券,2026-08-18,,,,,2026-06-30,,gssh0600369
600370,*ST三房,2026-08-28,,,,,2026-06-30,,gssh0600370
600371,万向德农,2026-08-12,,,,,2026-06-30,,gssh0600371
600372,中航机载,2026-08-27,,,,,2026-06-30,,gssh0600372
600373,中文传媒,2026-08-27,,,,,2026-06-30,,gssh0600373
600375,汉马科技,2026-08-22,,,,,2026-06-30,,gssh0600375
600376,首开股份,2026-08-25,,,,,2026-06-30,,gssh0600376
600377,宁沪高速,2026-08-28,,,,,2026-06-30,,gssh0600377
600378,昊华科技,2026-08-27,,,,,2026-06-30,,gssh0600378
600379,宝光股份,2026-08-20,,,,,2026-06-30,,gssh0600379
600380,健康元,2026-08-25,,,,,2026-06-30,,gssh0600380
600381,*ST春天,2026-08-31,,,,,2026-06-30,,gssh0600381
600382,广东明珠,2026-08-27,,,,,2026-06-30,,gssh0600382
600383,金地集团,2026-08-29,,,,,2026-06-30,,gssh0600383
600386,北巴传媒,2026-08-27,,,,,2026-06-30,,gssh0600386
600388,龙净环保,2026-08-15,,,,,2026-06-30,,gssh0600388
600389,江山股份,2026-08-25,,,,,2026-06-30,,gssh0600389
600390,五矿资本,2026-08-27,,,,,2026-06-30,,gssh0600390
600391,航发科技,2026-08-27,,,,,2026-06-30,,gssh0600391
600392,盛和资源,2026-08-29,,,,,2026-06-30,,gssh0600392
600395,盘江股份,2026-08-22,,,,,2026-06-30,,gssh0600395
600396,华电辽能,2026-08-26,,,,,2026-06-30,,gssh0600396
600397,江钨装备,2026-08-27,,,,,2026-06-30,,gssh0600397
600398,海澜之家,2026-08-29,,,,,2026-06-30,,gssh0600398
600399,抚顺特钢,2026-08-20,,,,,2026-06-30,,gssh0600399
600400,红豆股份,2026-08-29,,,,,2026-06-30,,gssh0600400
600403,大有能源,2026-08-25,,,,,2026-06-30,,gssh0600403
600405,动力源,2026-08-20,,,,,2026-06-30,,gssh0600405
600406,国电南瑞,2026-08-27,,,,,2026-06-30,,gssh0600406
600408,安泰集团,2026-08-22,,,,,2026-06-30,,gssh0600408
600409,三友化工,2026-08-26,,,,,2026-06-30,,gssh0600409
600410,华胜天成,2026-08-27,,,,,2026-06-30,,gssh0600410
600415,小商品城,2026-08-26,,,,,2026-06-30,,gssh0600415
600416,湘电股份,2026-08-29,,,,,2026-06-30,,gssh0600416
600418,江淮汽车,2026-08-20,,,,,2026-06-30,,gssh0600418
600419,天润乳业,2026-08-21,,,,,2026-06-30,,gssh0600419
600420,国药现代,2026-08-27,,,,,2026-06-30,,gssh0600420
600422,昆药集团,2026-08-22,,,,,2026-06-30,,gssh0600422
600423,*ST柳化,2026-07-31,,,,,2026-06-30,,gssh0600423
600425,青松建化,2026-08-18,,,,,2026-06-30,,gssh0600425
600426,华鲁恒升,2026-08-20,,,,,2026-06-30,,gssh0600426
600428,中远海特,2026-08-27,,,,,2026-06-30,,gssh0600428
600429,三元股份,2026-08-25,,,,,2026-06-30,,gssh0600429
600433,冠豪高新,2026-08-08,,,,,2026-06-30,,gssh0600433
600435,北方导航,2026-08-26,,,,,2026-06-30,,gssh0600435
600436,片仔癀,2026-08-29,,,,,2026-06-30,,gssh0600436
600438,通威股份,2026-08-27,,,,,2026-06-30,,gssh0600438
600439,瑞贝卡,2026-08-28,,,,,2026-06-30,,gssh0600439
600444,国机通用,2026-08-19,,,,,2026-06-30,,gssh0600444
600446,金证股份,2026-08-25,,,,,2026-06-30,,gssh0600446
600448,华纺股份,2026-08-22,,,,,2026-06-30,,gssh0600448
600449,宁夏建材,2026-08-26,,,,,2026-06-30,,gssh0600449
600452,涪陵电力,2026-08-21,,,,,2026-06-30,,gssh0600452
600455,博通股份,2026-08-15,,,,,2026-06-30,,gssh0600455
600456,宝钛股份,2026-08-26,,,,,2026-06-30,,gssh0600456
600458,时代新材,2026-08-20,,,,,2026-06-30,,gssh0600458
600459,贵研铂业,2026-08-21,,,,,2026-06-30,,gssh0600459
600460,士兰微,2026-08-25,,,,,2026-06-30,,gssh0600460
600461,洪城环境,2026-08-27,,,,,2026-06-30,,gssh0600461
600463,空港股份,2026-08-26,,,,,2026-06-30,,gssh0600463
600467,好当家,2026-08-28,,,,,2026-06-30,,gssh0600467
600468,百利电气,2026-08-26,,,,,2026-06-30,,gssh0600468
600469,风神股份,2026-08-29,,,,,2026-06-30,,gssh0600469
600470,六国化工,2026-08-26,,,,,2026-06-30,,gssh0600470
600475,华光环能,2026-08-26,,,,,2026-06-30,,gssh0600475
600476,*ST湘邮,2026-08-22,,,,,2026-06-30,,gssh0600476
600477,杭萧钢构,2026-08-17,,,,,2026-06-30,,gssh0600477
600478,科力远,2026-08-25,,,,,2026-06-30,,gssh0600478
600479,千金药业,2026-08-26,,,,,2026-06-30,,gssh0600479
600480,凌云股份,2026-08-25,,,,,2026-06-30,,gssh0600480
600481,双良节能,2026-08-28,,,,,2026-06-30,,gssh0600481
600482,中国动力,2026-08-31,,,,,2026-06-30,,gssh0600482
600483,福能股份,2026-08-22,,,,,2026-06-30,,gssh0600483
600486,扬农化工,2026-08-25,,,,,2026-06-30,,gssh0600486
600487,亨通光电,2026-08-27,,,,,2026-06-30,,gssh0600487
600488,津药药业,2026-08-26,,,,,2026-06-30,,gssh0600488
600489,中金黄金,2026-08-28,,,,,2026-06-30,,gssh0600489
600490,鹏欣资源,2026-08-26,,,,,2026-06-30,,gssh0600490
600491,ST龙元,2026-08-31,,,,,2026-06-30,,gssh0600491
600493,凤竹纺织,2026-08-29,,,,,2026-06-30,,gssh0600493
600495,晋西车轴,2026-08-12,,,,,2026-06-30,,gssh0600495
600496,精工钢构,2026-08-26,,,,,2026-06-30,,gssh0600496
600497,驰宏锌锗,2026-08-26,,,,,2026-06-30,,gssh0600497
600498,烽火通信,2026-08-27,,,,,2026-06-30,,gssh0600498
600499,科达制造,2026-08-25,,,,,2026-06-30,,gssh0600499
600500,中化国际,2026-08-08,,,,,2026-06-30,,gssh0600500
600501,航天晨光,2026-08-25,,,,,2026-06-30,,gssh0600501
600502,安徽建工,2026-08-31,,,,,2026-06-30,,gssh0600502
600503,华丽家族,2026-08-29,,,,,2026-06-30,,gssh0600503
600505,西昌电力,2026-08-20,,,,,2026-06-30,,gssh0600505
600506,统一股份,2026-08-25,,,,,2026-06-30,,gssh0600506
600507,方大特钢,2026-08-27,,,,,2026-06-30,,gssh0600507
600508,上海能源,2026-08-22,,,,,2026-06-30,,gssh0600508
600509,天富能源,2026-08-15,,,,,2026-06-30,,gssh0600509
600510,黑牡丹,2026-08-25,,,,,2026-06-30,,gssh0600510
600511,国药股份,2026-08-20,,,,,2026-06-30,,gssh0600511
600512,腾达建设,2026-08-29,,,,,2026-06-30,,gssh0600512
600513,联环药业,2026-08-29,,,,,2026-06-30,,gssh0600513
600515,海南机场,2026-08-21,,,,,2026-06-30,,gssh0600515
600516,方大炭素,2026-08-31,,,,,2026-06-30,,gssh0600516
600517,国网英大,2026-08-27,,,,,2026-06-30,,gssh0600517
600518,康美药业,2026-08-26,,,,,2026-06-30,,gssh0600518
600519,贵州茅台,2026-08-15,,,,,2026-06-30,,gssh0600519
600520,三佳科技,2026-08-27,,,,,2026-06-30,,gssh0600520
600521,华海药业,2026-08-27,,,,,2026-06-30,,gssh0600521
600522,中天科技,2026-08-28,,,,,2026-06-30,,gssh0600522
600523,贵航股份,2026-08-15,,,,,2026-06-30,,gssh0600523
600525,ST长园,2026-08-31,,,,,2026-06-30,,gssh0600525
600526,菲达环保,2026-08-20,,,,,2026-06-30,,gssh0600526
600527,江南高纤,2026-08-25,,,,,2026-06-30,,gssh0600527
600528,中铁工业,2026-08-26,,,,,2026-06-30,,gssh0600528
600529,山东药玻,2026-08-25,,,,,2026-06-30,,gssh0600529
600530,交大昂立,2026-08-25,,,,,2026-06-30,,gssh0600530
600531,豫光金铅,2026-08-27,,,,,2026-06-30,,gssh0600531
600533,栖霞建设,2026-08-27,,,,,2026-06-30,,gssh0600533
600535,天士力,2026-08-22,,,,,2026-06-30,,gssh0600535
600536,中国软件,2026-08-26,,,,,2026-06-30,,gssh0600536
600537,*ST亿晶,2026-08-27,,,,,2026-06-30,,gssh0600537
600538,国发股份,2026-08-22,,,,,2026-06-30,,gssh0600538
600539,狮头股份,2026-08-27,,,,,2026-06-30,,gssh0600539
600540,新赛股份,2026-08-27,,,,,2026-06-30,,gssh0600540
600543,*ST莫高,2026-08-29,,,,,2026-06-30,,gssh0600543
600545,卓郎智能,2026-08-28,,,,,2026-06-30,,gssh0600545
600546,山煤国际,2026-08-29,,,,,2026-06-30,,gssh0600546
600547,山东黄金,2026-08-29,,,,,2026-06-30,,gssh0600547
600548,深高速,2026-08-26,,,,,2026-06-30,,gssh0600548
600549,厦门钨业,2026-08-21,,,,,2026-06-30,,gssh0600549
600550,保变电气,2026-08-20,,,,,2026-06-30,,gssh0600550
600551,时代出版,2026-08-28,,,,,2026-06-30,,gssh0600551
600552,凯盛科技,2026-08-26,,,,,2026-06-30,,gssh0600552
600556,天下秀,2026-08-27,,,,,2026-06-30,,gssh0600556
600557,康缘药业,2026-08-28,,,,,2026-06-30,,gssh0600557
600558,大西洋,2026-08-27,,,,,2026-06-30,,gssh0600558
600559,老白干酒,2026-08-29,,,,,2026-06-30,,gssh0600559
600560,金自天正,2026-08-28,,,,,2026-06-30,,gssh0600560
600561,江西长运,2026-08-28,,,,,2026-06-30,,gssh0600561
600562,国睿科技,2026-08-25,,,,,2026-06-30,,gssh0600562
600563,法拉电子,2026-08-22,,,,,2026-06-30,,gssh0600563
600566,济川药业,2026-08-29,,,,,2026-06-30,,gssh0600566
600567,山鹰国际,2026-08-25,,,,,2026-06-30,,gssh0600567
600568,ST中珠,2026-08-29,,,,,2026-06-30,,gssh0600568
600569,安阳钢铁,2026-08-31,,,,,2026-06-30,,gssh0600569
600570,恒生电子,2026-08-31,,2026-08-26,,,2026-06-30,,gssh0600570
600571,信雅达,2026-08-27,,,,,2026-06-30,,gssh0600571
600572,康恩贝,2026-08-26,,,,,2026-06-30,,gssh0600572
600573,惠泉啤酒,2026-08-19,,,,,2026-06-30,,gssh0600573
600575,淮河能源,2026-08-26,,,,,2026-06-30,,gssh0600575
600576,祥源文旅,2026-08-26,,,,,2026-06-30,,gssh0600576
600577,精达股份,2026-08-25,,,,,2026-06-30,,gssh0600577
600578,京能电力,2026-08-22,,,,,2026-06-30,,gssh0600578
600579,中化装备,2026-08-27,,,,,2026-06-30,,gssh0600579
600580,卧龙电驱,2026-08-31,,,,,2026-06-30,,gssh0600580
600581,*ST八钢,2026-08-21,,2026-08-25,,,2026-06-30,,gssh0600581
600582,天地科技,2026-08-31,,,,,2026-06-30,,gssh0600582
600583,海油工程,2026-08-18,,,,,2026-06-30,,gssh0600583
600584,长电科技,2026-08-21,,,,,2026-06-30,,gssh0600584
600585,海螺水泥,2026-08-27,,,,,2026-06-30,,gssh0600585
600586,金晶科技,2026-08-25,,,,,2026-06-30,,gssh0600586
600587,新华医疗,2026-08-29,,,,,2026-06-30,,gssh0600587
600588,用友网络,2026-08-22,,,,,2026-06-30,,gssh0600588
600589,大位科技,2026-08-21,,,,,2026-06-30,,gssh0600589
600590,泰豪科技,2026-08-29,,,,,2026-06-30,,gssh0600590
600592,龙溪股份,2026-08-28,,,,,2026-06-30,,gssh0600592
600593,大连圣亚,2026-08-26,,,,,2026-06-30,,gssh0600593
600594,益佰制药,2026-08-21,,,,,2026-06-30,,gssh0600594
600595,中孚实业,2026-08-05,,,,,2026-06-30,,gssh0600595
600596,新安股份,2026-08-25,,,,,2026-06-30,,gssh0600596
600597,光明乳业,2026-08-31,,,,,2026-06-30,,gssh0600597
600598,北大荒,2026-08-28,,,,,2026-06-30,,gssh0600598
600600,青岛啤酒,2026-08-27,,,,,2026-06-30,,gssh0600600
600601,方正科技,2026-08-26,,,,,2026-06-30,,gssh0600601
600602,云赛智联,2026-08-26,,,,,2026-06-30,,gssh0600602
600603,广汇物流,2026-08-22,,,,,2026-06-30,,gssh0600603
600604,市北高新,2026-08-22,,,,,2026-06-30,,gssh0600604
600605,汇通能源,2026-08-26,,,,,2026-06-30,,gssh0600605
600606,绿地控股,2026-08-29,,,,,2026-06-30,,gssh0600606
600609,金杯汽车,2026-08-31,,,,,2026-06-30,,gssh0600609
600610,中毅达,2026-08-22,,,,,2026-06-30,,gssh0600610
600611,大众交通,2026-08-29,,,,,2026-06-30,,gssh0600611
600612,老凤祥,2026-08-27,,,,,2026-06-30,,gssh0600612
600613,神奇制药,2026-08-29,,,,,2026-06-30,,gssh0600613
600615,鑫源智造,2026-08-26,,,,,2026-06-30,,gssh0600615
600616,金枫酒业,2026-08-29,,,,,2026-06-30,,gssh0600616
600617,国新能源,2026-08-22,,,,,2026-06-30,,gssh0600617
600618,氯碱化工,2026-08-25,,,,,2026-06-30,,gssh0600618
600619,海立股份,2026-08-31,,,,,2026-06-30,,gssh0600619
600620,天宸股份,2026-08-28,,,,,2026-06-30,,gssh0600620
600621,华鑫股份,2026-08-27,,,,,2026-06-30,,gssh0600621
600622,光大嘉宝,2026-08-27,,,,,2026-06-30,,gssh0600622
600623,华谊集团,2026-08-25,,,,,2026-06-30,,gssh0600623
600624,ST复华,2026-08-26,,,,,2026-06-30,,gssh0600624
600626,申达股份,2026-08-27,,,,,2026-06-30,,gssh0600626
600628,新世界,2026-08-22,,,,,2026-06-30,,gssh0600628
600629,华建集团,2026-08-27,,,,,2026-06-30,,gssh0600629
600630,龙头股份,2026-08-29,,,,,2026-06-30,,gssh0600630
600633,浙数文化,2026-08-15,,,,,2026-06-30,,gssh0600633
600635,大众公用,2026-08-29,,,,,2026-06-30,,gssh0600635
600637,东方明珠,2026-08-25,,,,,2026-06-30,,gssh0600637
600638,新黄浦,2026-08-29,,,,,2026-06-30,,gssh0600638
600639,浦东金桥,2026-08-28,,,,,2026-06-30,,gssh0600639
600640,国脉文化,2026-08-22,,,,,2026-06-30,,gssh0600640
600641,先导基电,2026-08-08,,,,,2026-06-30,,gssh0600641
600642,申能股份,2026-08-29,,,,,2026-06-30,,gssh0600642
600643,爱建集团,2026-08-27,,,,,2026-06-30,,gssh0600643
600644,乐山电力,2026-08-31,,,,,2026-06-30,,gssh0600644
600645,中源协和,2026-08-31,,2026-08-28,,,2026-06-30,,gssh0600645
600648,外高桥,2026-08-25,,,,,2026-06-30,,gssh0600648
600649,城投控股,2026-08-31,,,,,2026-06-30,,gssh0600649
600650,锦江在线,2026-08-26,,,,,2026-06-30,,gssh0600650
600651,飞乐音响,2026-08-28,,,,,2026-06-30,,gssh0600651
600653,申华控股,2026-08-27,,,,,2026-06-30,,gssh0600653
600654,中安科,2026-08-27,,,,,2026-06-30,,gssh0600654
600655,豫园股份,2026-08-21,,,,,2026-06-30,,gssh0600655
600657,信达地产,2026-08-31,,,,,2026-06-30,,gssh0600657
600658,电子城,2026-08-29,,,,,2026-06-30,,gssh0600658
600660,福耀玻璃,2026-08-19,,,,,2026-06-30,,gssh0600660
600661,昂立教育,2026-08-15,,,,,2026-06-30,,gssh0600661
600662,外服控股,2026-08-21,,,,,2026-06-30,,gssh0600662
600663,陆家嘴,2026-07-30,,,,,2026-06-30,,gssh0600663
600664,哈药股份,2026-08-26,,,,,2026-06-30,,gssh0600664
600665,天地源,2026-08-27,,,,,2026-06-30,,gssh0600665
600666,奥瑞德,2026-08-25,,,,,2026-06-30,,gssh0600666
600667,太极实业,2026-08-27,,,,,2026-06-30,,gssh0600667
600668,尖峰集团,2026-08-31,,,,,2026-06-30,,gssh0600668
600671,天目药业,2026-08-28,,,,,2026-06-30,,gssh0600671
600673,东阳光,2026-08-18,,,,,2026-06-30,,gssh0600673
600674,川投能源,2026-08-15,,,,,2026-06-30,,gssh0600674
600675,中华企业,2026-08-27,,,,,2026-06-30,,gssh0600675
600676,交运股份,2026-08-29,,,,,2026-06-30,,gssh0600676
600678,ST金顶,2026-08-27,,,,,2026-06-30,,gssh0600678
600679,上海凤凰,2026-08-31,,,,,2026-06-30,,gssh0600679
600681,百川能源,2026-08-29,,,,,2026-06-30,,gssh0600681
600682,南京新百,2026-08-27,,,,,2026-06-30,,gssh0600682
600683,京投发展,2026-08-25,,,,,2026-06-30,,gssh0600683
600684,珠江股份,2026-08-27,,,,,2026-06-30,,gssh0600684
600685,中船防务,2026-08-26,,,,,2026-06-30,,gssh0600685
600686,金龙汽车,2026-08-25,,,,,2026-06-30,,gssh0600686
600688,上海石化,2026-08-20,,,,,2026-06-30,,gssh0600688
600689,上海三毛,2026-08-31,,,,,2026-06-30,,gssh0600689
600690,海尔智家,2026-08-28,,,,,2026-06-30,,gssh0600690
600691,潞化科技,2026-08-29,,,,,2026-06-30,,gssh0600691
600692,亚通股份,2026-08-26,,,,,2026-06-30,,gssh0600692
600693,东百集团,2026-08-12,,,,,2026-06-30,,gssh0600693
600694,大商股份,2026-08-31,,,,,2026-06-30,,gssh0600694
600697,欧亚集团,2026-08-22,,,,,2026-06-30,,gssh0600697
600698,湖南天雁,2026-08-22,,,,,2026-06-30,,gssh0600698
600699,均胜电子,2026-08-26,,,,,2026-06-30,,gssh0600699
600702,舍得酒业,2026-08-19,,,,,2026-06-30,,gssh0600702
600703,三安光电,2026-08-26,,,,,2026-06-30,,gssh0600703
600704,物产中大,2026-08-25,,,,,2026-06-30,,gssh0600704
600706,曲江文旅,2026-08-25,,,,,2026-06-30,,gssh0600706
600707,彩虹股份,2026-08-27,,,,,2026-06-30,,gssh0600707
600708,光明地产,2026-08-28,,,,,2026-06-30,,gssh0600708
600710,苏美达,2026-08-28,,,,,2026-06-30,,gssh0600710
600711,盛屯矿业,2026-07-30,,,,,2026-06-30,,gssh0600711
600712,南宁百货,2026-08-21,,,,,2026-06-30,,gssh0600712
600713,南京医药,2026-08-29,,,,,2026-06-30,,gssh0600713
600714,金瑞矿业,2026-08-28,,,,,2026-06-30,,gssh0600714
600715,文投控股,2026-08-25,,2026-08-29,,,2026-06-30,,gssh0600715
600716,凤凰股份,2026-08-22,,,,,2026-06-30,,gssh0600716
600717,天津港,2026-08-22,,,,,2026-06-30,,gssh0600717
600718,东软集团,2026-08-29,,,,,2026-06-30,,gssh0600718
600719,大连热电,2026-08-14,,,,,2026-06-30,,gssh0600719
600720,中交设计,2026-08-29,,,,,2026-06-30,,gssh0600720
600721,百花医药,2026-08-25,,,,,2026-06-30,,gssh0600721
600722,金牛化工,2026-08-27,,,,,2026-06-30,,gssh0600722
600724,宁波富达,2026-08-27,,,,,2026-06-30,,gssh0600724
600725,云维股份,2026-08-25,,,,,2026-06-30,,gssh0600725
600726,华电能源,2026-08-20,,,,,2026-06-30,,gssh0600726
600727,鲁北化工,2026-08-06,,,,,2026-06-30,,gssh0600727
600728,佳都科技,2026-08-26,,,,,2026-06-30,,gssh0600728
600729,重百集团,2026-08-25,,,,,2026-06-30,,gssh0600729
600730,*ST高科,2026-08-31,,,,,2026-06-30,,gssh0600730
600731,湖南海利,2026-08-25,,,,,2026-06-30,,gssh0600731
600732,爱旭股份,2026-08-29,,,,,2026-06-30,,gssh0600732
600733,北汽蓝谷,2026-08-29,,,,,2026-06-30,,gssh0600733
600734,*ST实达,2026-08-27,,,,,2026-06-30,,gssh0600734
600735,ST新华锦,2026-08-25,,,,,2026-06-30,,gssh0600735
600736,苏州高新,2026-08-28,,,,,2026-06-30,,gssh0600736
600737,中粮糖业,2026-08-28,,,,,2026-06-30,,gssh0600737
600738,丽尚国潮,2026-08-22,,2026-08-19,,,2026-06-30,,gssh0600738
600739,辽宁成大,2026-08-31,,,,,2026-06-30,,gssh0600739
600740,山西焦化,2026-08-25,,,,,2026-06-30,,gssh0600740
600741,华域汽车,2026-08-28,,,,,2026-06-30,,gssh0600741
600742,富维股份,2026-08-29,,,,,2026-06-30,,gssh0600742
600743,华远控股,2026-08-31,,,,,2026-06-30,,gssh0600743
600744,华银电力,2026-08-27,,,,,2026-06-30,,gssh0600744
600745,*ST闻泰,2026-08-15,,,,,2026-06-30,,gssh0600745
600746,江苏索普,2026-08-26,,,,,2026-06-30,,gssh0600746
600748,上实发展,2026-08-22,,,,,2026-06-30,,gssh0600748
600749,西藏旅游,2026-08-25,,,,,2026-06-30,,gssh0600749
600750,华润江中,2026-08-22,,,,,2026-06-30,,gssh0600750
600751,海航科技,2026-08-25,,,,,2026-06-30,,gssh0600751
600753,ST海钦,2026-08-18,,,,,2026-06-30,,gssh0600753
600754,锦江酒店,2026-08-29,,,,,2026-06-30,,gssh0600754
600755,厦门国贸,2026-08-26,,,,,2026-06-30,,gssh0600755
600756,浪潮软件,2026-08-26,,,,,2026-06-30,,gssh0600756
600757,长江传媒,2026-08-27,,,,,2026-06-30,,gssh0600757
600758,辽宁能源,2026-08-29,,,,,2026-06-30,,gssh0600758
600759,ST洲际,2026-08-25,,,,,2026-06-30,,gssh0600759
600760,中航沈飞,2026-08-28,,,,,2026-06-30,,gssh0600760
600761,安徽合力,2026-08-25,,,,,2026-06-30,,gssh0600761
600763,通策医疗,2026-08-15,,,,,2026-06-30,,gssh0600763
600764,中国海防,2026-08-29,,,,,2026-06-30,,gssh0600764
600765,中航重机,2026-08-31,,,,,2026-06-30,,gssh0600765
600768,宁波富邦,2026-08-11,,,,,2026-06-30,,gssh0600768
600769,祥龙电业,2026-08-19,,,,,2026-06-30,,gssh0600769
600770,综艺股份,2026-08-07,,,,,2026-06-30,,gssh0600770
600771,广誉远,2026-08-26,,,,,2026-06-30,,gssh0600771
600773,西藏城投,2026-08-22,,,,,2026-06-30,,gssh0600773
600774,汉商集团,2026-08-25,,,,,2026-06-30,,gssh0600774
600775,南京熊猫,2026-08-27,,,,,2026-06-30,,gssh0600775
600776,东方通信,2026-08-27,,,,,2026-06-30,,gssh0600776
600777,新潮能源,2026-08-27,,,,,2026-06-30,,gssh0600777
600778,友好集团,2026-08-25,,,,,2026-06-30,,gssh0600778
600779,水井坊,2026-08-29,,,,,2026-06-30,,gssh0600779
600780,通宝能源,2026-08-29,,,,,2026-06-30,,gssh0600780
600782,新钢股份,2026-08-27,,,,,2026-06-30,,gssh0600782
600783,鲁信创投,2026-08-29,,,,,2026-06-30,,gssh0600783
600784,鲁银投资,2026-08-22,,,,,2026-06-30,,gssh0600784
600785,新华百货,2026-08-21,,,,,2026-06-30,,gssh0600785
600787,中储股份,2026-08-27,,,,,2026-06-30,,gssh0600787
600789,鲁抗医药,2026-08-29,,,,,2026-06-30,,gssh0600789
600790,轻纺城,2026-08-25,,,,,2026-06-30,,gssh0600790
600791,京能置业,2026-08-29,,,,,2026-06-30,,gssh0600791
600792,云煤能源,2026-08-25,,,,,2026-06-30,,gssh0600792
600793,宜宾纸业,2026-08-31,,,,,2026-06-30,,gssh0600793
600794,保税科技,2026-08-15,,,,,2026-06-30,,gssh0600794
600795,国电电力,2026-08-18,,,,,2026-06-30,,gssh0600795
600796,钱江生化,2026-08-27,,,,,2026-06-30,,gssh0600796
600797,浙大网新,2026-08-22,,,,,2026-06-30,,gssh0600797
600798,宁波海运,2026-08-25,,,,,2026-06-30,,gssh0600798
600800,渤海化学,2026-08-31,,,,,2026-06-30,,gssh0600800
600801,华新建材,2026-08-29,,,,,2026-06-30,,gssh0600801
600802,福建水泥,2026-08-22,,,,,2026-06-30,,gssh0600802
600803,新奥股份,2026-08-29,,,,,2026-06-30,,gssh0600803
600805,悦达投资,2026-08-22,,,,,2026-06-30,,gssh0600805
600807,济高发展,2026-08-29,,,,,2026-06-30,,gssh0600807
600808,马钢股份,2026-08-29,,,,,2026-06-30,,gssh0600808
600809,山西汾酒,2026-08-31,,,,,2026-06-30,,gssh0600809
600810,神马股份,2026-08-28,,,,,2026-06-30,,gssh0600810
600812,华北制药,2026-08-22,,,,,2026-06-30,,gssh0600812
600814,杭州解百,2026-08-28,,,,,2026-06-30,,gssh0600814
600815,厦工股份,2026-08-31,,,,,2026-06-30,,gssh0600815
600816,建元信托,2026-08-14,,,,,2026-06-30,,gssh0600816
600817,宇通重工,2026-08-15,,,,,2026-06-30,,gssh0600817
600818,ST中路,2026-08-27,,,,,2026-06-30,,gssh0600818
600819,耀皮玻璃,2026-08-27,,,,,2026-06-30,,gssh0600819
600820,隧道股份,2026-08-28,,,,,2026-06-30,,gssh0600820
600821,金开新能,2026-08-26,,,,,2026-06-30,,gssh0600821
600822,上海物贸,2026-08-29,,,,,2026-06-30,,gssh0600822
600824,益民集团,2026-08-27,,,,,2026-06-30,,gssh0600824
600825,新华传媒,2026-08-27,,,,,2026-06-30,,gssh0600825
600826,兰生股份,2026-08-27,,,,,2026-06-30,,gssh0600826
600827,百联股份,2026-08-29,,,,,2026-06-30,,gssh0600827
600828,茂业商业,2026-08-26,,,,,2026-06-30,,gssh0600828
600829,人民同泰,2026-08-08,,,,,2026-06-30,,gssh0600829
600830,香溢融通,2026-08-26,,,,,2026-06-30,,gssh0600830
600831,广电网络,2026-08-26,,,,,2026-06-30,,gssh0600831
600833,第一医药,2026-08-22,,,,,2026-06-30,,gssh0600833
600834,申通地铁,2026-08-28,,,,,2026-06-30,,gssh0600834
600835,上海机电,2026-08-22,,,,,2026-06-30,,gssh0600835
600838,上海九百,2026-08-27,,,,,2026-06-30,,gssh0600838
600839,四川长虹,2026-08-26,,,,,2026-06-30,,gssh0600839
600841,动力新科,2026-08-27,,,,,2026-06-30,,gssh0600841
600843,上工申贝,2026-08-25,,,,,2026-06-30,,gssh0600843
600844,金煤科技,2026-08-14,,2026-07-18,,,2026-06-30,,gssh0600844
600845,宝信软件,2026-08-20,,,,,2026-06-30,,gssh0600845
600846,同济科技,2026-08-22,,,,,2026-06-30,,gssh0600846
600847,万里股份,2026-08-22,,,,,2026-06-30,,gssh0600847
600848,上海临港,2026-08-27,,,,,2026-06-30,,gssh0600848
600850,电科数字,2026-08-26,,,,,2026-06-30,,gssh0600850
600851,海欣股份,2026-08-21,,,,,2026-06-30,,gssh0600851
600853,龙建股份,2026-08-21,,,,,2026-06-30,,gssh0600853
600854,春兰股份,2026-08-26,,,,,2026-06-30,,gssh0600854
600855,航天长峰,2026-08-31,,,,,2026-06-30,,gssh0600855
600857,宁波中百,2026-08-25,,,,,2026-06-30,,gssh0600857
600858,银座股份,2026-08-25,,,,,2026-06-30,,gssh0600858
600859,王府井,2026-08-29,,,,,2026-06-30,,gssh0600859
600860,京城股份,2026-08-15,,,,,2026-06-30,,gssh0600860
600861,北京人力,2026-08-29,,,,,2026-06-30,,gssh0600861
600862,中航高科,2026-08-28,,,,,2026-06-30,,gssh0600862
600863,华能蒙电,2026-08-28,,,,,2026-06-30,,gssh0600863
600864,哈投股份,2026-08-15,,,,,2026-06-30,,gssh0600864
600865,百大集团,2026-08-15,,,,,2026-06-30,,gssh0600865
600866,星湖科技,2026-08-20,,,,,2026-06-30,,gssh0600866
600867,通化东宝,2026-08-25,,,,,2026-06-30,,gssh0600867
600868,梅雁吉祥,2026-08-26,,,,,2026-06-30,,gssh0600868
600869,远东股份,2026-08-22,,,,,2026-06-30,,gssh0600869
600871,石化油服,2026-08-18,,,,,2026-06-30,,gssh0600871
600872,中炬高新,2026-08-20,,,,,2026-06-30,,gssh0600872
600873,梅花生物,2026-08-15,,,,,2026-06-30,,gssh0600873
600874,创业环保,2026-08-26,,,,,2026-06-30,,gssh0600874
600875,东方电气,2026-08-26,,,,,2026-06-30,,gssh0600875
600876,凯盛新能,2026-08-27,,,,,2026-06-30,,gssh0600876
600877,电科芯片,2026-08-25,,,,,2026-06-30,,gssh0600877
600879,航天电子,2026-08-26,,,,,2026-06-30,,gssh0600879
600880,博瑞传播,2026-08-27,,,,,2026-06-30,,gssh0600880
600881,亚泰集团,2026-08-29,,,,,2026-06-30,,gssh0600881
600882,妙可蓝多,2026-08-22,,,,,2026-06-30,,gssh0600882
600883,博闻科技,2026-08-26,,,,,2026-06-30,,gssh0600883
600884,杉杉股份,2026-08-28,,,,,2026-06-30,,gssh0600884
600885,宏发股份,2026-07-30,,,,,2026-06-30,,gssh0600885
600886,国投电力,2026-08-31,,2026-08-28,,,2026-06-30,,gssh0600886
600887,伊利股份,2026-08-27,,,,,2026-06-30,,gssh0600887
600888,新疆众和,2026-08-21,,,,,2026-06-30,,gssh0600888
600889,*ST京化,2026-08-18,,,,,2026-06-30,,gssh0600889
600892,大晟文化,2026-08-27,,,,,2026-06-30,,gssh0600892
600893,航发动力,2026-08-27,,,,,2026-06-30,,gssh0600893
600894,广日股份,2026-08-25,,,,,2026-06-30,,gssh0600894
600895,张江高科,2026-08-20,,,,,2026-06-30,,gssh0600895
600897,厦门空港,2026-08-27,,,,,2026-06-30,,gssh0600897
600900,长江电力,2026-08-31,,,,,2026-06-30,,gssh0600900
600901,江苏金租,2026-08-19,,,,,2026-06-30,,9900017208
600903,贵州燃气,2026-08-27,,,,,2026-06-30,,GD150574
600905,三峡能源,2026-08-28,,,,,2026-06-30,,9900016549
600906,财达证券,2026-08-21,,,,,2026-06-30,,qsgn0000647
600908,无锡银行,2026-08-27,,,,,2026-06-30,,9900024953
600909,华安证券,2026-08-25,,,,,2026-06-30,,qsgn0000505
600916,中国黄金,2026-08-31,,,,,2026-06-30,,9900039719
600917,重庆燃气,2026-08-22,,,,,2026-06-30,,9900029304
600918,中泰证券,2026-08-22,,,,,2026-06-30,,qsgn0000702
600919,江苏银行,2026-08-20,,,,,2026-06-30,,9900006248
600925,苏能股份,2026-08-26,,,,,2026-06-30,,9900051620
600926,杭州银行,2026-08-27,,,,,2026-06-30,,9900006251
600927,永安期货,2026-08-26,,,,,2026-06-30,,gfbj0833840
600928,西安银行,2026-08-28,,,,,2026-06-30,,9900027168
600929,雪天盐业,2026-08-22,,,,,2026-06-30,,9900033912
600930,华电新能,2026-08-27,,,,,2026-06-30,,fzqy1062763
600933,爱柯迪,2026-08-28,,,,,2026-06-30,,gfbj0834393
600935,华塑股份,2026-08-26,,,,,2026-06-30,,gfbj0872452
600936,北投科技,2026-08-20,,,,,2026-06-30,,9900026796
600938,中国海油,2026-08-31,,,,,2026-06-30,,gshk0000883
600939,重庆建工,2026-08-27,,,,,2026-06-30,,9900006064
600941,中国移动,2026-08-14,,,,,2026-06-30,,gshk0000941
600955,维远股份,2026-08-21,,,,,2026-06-30,,nssc1000398
600956,新天绿能,2026-08-26,,,,,2026-06-30,,9900015548
600958,东方证券,2026-08-29,,,,,2026-06-30,,qsgn0000065
600959,江苏有线,2026-08-25,,,,,2026-06-30,,9900023742
600960,渤海汽车,2026-08-29,,,,,2026-06-30,,gssh0600960
600961,株冶集团,2026-08-19,,,,,2026-06-30,,gssh0600961
600962,国投中鲁,2026-08-29,,,,,2026-06-30,,gssh0600962
600963,岳阳林纸,2026-08-27,,,,,2026-06-30,,gssh0600963
600965,*ST福成,2026-08-22,,,,,2026-06-30,,gssh0600965
600966,博汇纸业,2026-08-29,,,,,2026-06-30,,gssh0600966
600967,内蒙一机,2026-08-28,,,,,2026-06-30,,gssh0600967
600968,海油发展,2026-08-26,,,,,2026-06-30,,9900033231
600969,郴电国际,2026-08-21,,,,,2026-06-30,,gssh0600969
600970,中材国际,2026-08-26,,,,,2026-06-30,,gssh0600970
600971,恒源煤电,2026-08-25,,2026-08-21,,,2026-06-30,,gssh0600971
600973,宝胜股份,2026-08-29,,,,,2026-06-30,,gssh0600973
600975,新五丰,2026-08-31,,,,,2026-06-30,,gssh0600975
600976,健民集团,2026-08-20,,,,,2026-06-30,,gssh0600976
600977,中国电影,2026-08-25,,,,,2026-06-30,,9900024673
600979,广安爱众,2026-08-25,,,,,2026-06-30,,gssh0600979
600980,北矿科技,2026-08-21,,,,,2026-06-30,,gssh0600980
600981,苏豪汇鸿,2026-08-28,,,,,2026-06-30,,gssh0600981
600982,宁波能源,2026-08-31,,,,,2026-06-30,,gssh0600982
600983,惠而浦,2026-08-25,,,,,2026-06-30,,gssh0600983
600984,建设机械,2026-08-27,,,,,2026-06-30,,gssh0600984
600985,淮北矿业,2026-08-28,,,,,2026-06-30,,gssh0600985
600986,浙文互联,2026-08-31,,,,,2026-06-30,,gssh0600986
600987,航民股份,2026-08-19,,,,,2026-06-30,,gssh0600987
600988,赤峰黄金,2026-08-31,,,,,2026-06-30,,gssh0600988
600989,宝丰能源,2026-08-13,,,,,2026-06-30,,9900019573
600990,四创电子,2026-08-22,,,,,2026-06-30,,gssh0600990
600992,贵绳股份,2026-08-26,,,,,2026-06-30,,gssh0600992
600993,马应龙,2026-08-26,,,,,2026-06-30,,gssh0600993
600995,南网储能,2026-08-21,,,,,2026-06-30,,gssh0600995
600996,贵广网络,2026-08-31,,,,,2026-06-30,,9900030438
600997,开滦股份,2026-08-27,,,,,2026-06-30,,gssh0600997
600998,九州通,2026-08-25,,,,,2026-06-30,,9900015627
600999,招商证券,2026-08-26,,,,,2026-06-30,,qsgn0000118
601000,唐山港,2026-08-27,,,,,2026-06-30,,9900013088
601001,晋控煤业,2026-08-28,,,,,2026-06-30,,gssh0601001
601002,晋亿实业,2026-08-27,,,,,2026-06-30,,9900002005
601003,柳钢股份,2026-08-29,,,,,2026-06-30,,9900002182
601005,重庆钢铁,2026-08-31,,,,,2026-06-30,,9900002184
601006,大秦铁路,2026-08-21,,,,,2026-06-30,,9900000261
601007,金陵饭店,2026-08-28,,,,,2026-06-30,,9900002481
601008,连云港,2026-08-25,,,,,2026-06-30,,9900002722
601009,南京银行,2026-08-19,,,,,2026-06-30,,9900003284
601010,ST文峰,2026-08-29,,,,,2026-06-30,,9900019963
601011,宝泰隆,2026-08-22,,,,,2026-06-30,,9900018407
601012,隆基绿能,2026-08-31,,,,,2026-06-30,,9900022338
601015,陕西黑猫,2026-08-27,,,,,2026-06-30,,9900022940
601016,节能风电,2026-08-28,,,,,2026-06-30,,9900029306
601018,宁波港,2026-08-28,,,,,2026-06-30,,9900010907
601019,山东出版,2026-08-26,,,,,2026-06-30,,9900031730
601020,华钰矿业,2026-08-28,,,,,2026-06-30,,9900029826
601021,春秋航空,2026-08-29,,,,,2026-06-30,,9900023129
601022,宁波远洋,2026-08-27,,,,,2026-06-30,,9900051994
601026,道生天合,2026-08-20,,,,,2026-06-30,,9900046850
601033,永兴股份,2026-08-26,,,,,2026-06-30,,9900056832
601038,一拖股份,2026-08-26,,,,,2026-06-30,,gshk0000038
601058,赛轮轮胎,2026-08-31,,,,,2026-06-30,,9900009410
601059,信达证券,2026-07-31,,,,,2026-06-30,,9900003683
601061,中信金属,2026-08-21,,,,,2026-06-30,,GD192514
601065,江盐集团,2026-08-25,,,,,2026-06-30,,9900046968
601066,中信建投,2026-08-19,,,,,2026-06-30,,qsgn0000884
601068,中铝国际,2026-08-14,,,,,2026-06-30,,GD066180
601069,西部黄金,2026-08-25,,,,,2026-06-30,,9900023646
601077,渝农商行,2026-08-31,,,,,2026-06-30,,9900016867
601083,锦江航运,2026-08-28,,,,,2026-06-30,,9900057394
601086,国芳集团,2026-08-26,,,,,2026-06-30,,9900027668
601088,中国神华,2026-08-31,,,,,2026-06-30,,9900003701
601089,福元医药,2026-08-15,,,,,2026-06-30,,9900047301
601096,宏盛华源,2026-08-20,,,,,2026-06-30,,9900052305
601098,中南传媒,2026-08-26,,,,,2026-06-30,,9900015470
601099,太平洋,2026-08-29,,,,,2026-06-30,,9900004122
601100,恒立液压,2026-08-25,,,,,2026-06-30,,9900021530
601101,昊华能源,2026-08-19,,,,,2026-06-30,,9900010887
601106,中国一重,2026-08-28,,,,,2026-06-30,,9900010530
601107,四川成渝,2026-08-28,,,,,2026-06-30,,9900007387
601108,财通证券,2026-08-29,,,,,2026-06-30,,qsgn0000808
601111,中国国航,2026-08-31,,,,,2026-06-30,,9900000441
601112,振石股份,2026-08-18,,,,,2026-06-30,,9900063189
601113,华鼎股份,2026-08-26,,,,,2026-06-30,,9900019412
601116,三江购物,2026-08-27,,,,,2026-06-30,,9900018284
601117,中国化学,2026-08-25,,,,,2026-06-30,,9900009949
601118,海南橡胶,2026-08-28,,,,,2026-06-30,,9900005902
601121,宝地矿业,2026-08-26,,,,,2026-06-30,,9900030900
601126,四方股份,2026-08-27,,,,,2026-06-30,,9900016847
601127,赛力斯,2026-08-20,,,,,2026-06-30,,9900024265
601128,常熟银行,2026-08-27,,,,,2026-06-30,,9900023084
601133,柏诚股份,2026-08-26,,,,,2026-06-30,,9900053230
601136,首创证券,2026-08-26,,,,,2026-06-30,,qsgn0000516
601137,博威合金,2026-08-25,,,,,2026-06-30,,9900017432
601138,工业富联,2026-08-12,,,,,2026-06-30,,9900036731
601139,深圳燃气,2026-08-26,,,,,2026-06-30,,9900009513
601155,新城控股,2026-08-27,,,,,2026-06-30,,GD012027
601156,东航物流,2026-08-31,,,,,2026-06-30,,9900039947
601158,重庆水务,2026-08-26,,,,,2026-06-30,,9900011267
601162,天风证券,2026-08-31,,,,,2026-06-30,,qsgn0000533
601163,三角轮胎,2026-08-27,,,,,2026-06-30,,9900022035
601166,兴业银行,2026-08-28,,,,,2026-06-30,,9900002081
601168,西部矿业,2026-07-30,,,,,2026-06-30,,9900003262
601169,北京银行,2026-08-21,,,,,2026-06-30,,9900003642
601177,杭齿前进,2026-08-21,,,,,2026-06-30,,9900014907
601179,中国西电,2026-08-20,,,,,2026-06-30,,9900010350
601186,中国铁建,2026-08-29,,,,,2026-06-30,,9900004347
601187,厦门银行,2026-08-29,,,,,2026-06-30,,9900012128
601188,龙江交通,2026-08-28,,,,,2026-06-30,,9900011628
601198,东兴证券,2026-07-31,,,,,2026-06-30,,9900008427
601199,江南水务,2026-08-26,,,,,2026-06-30,,9900018832
601200,上海环境,2026-08-27,,,,,2026-06-30,,9900034899
601208,东材科技,2026-08-21,,,,,2026-06-30,,9900019705
601211,国泰海通,2026-08-19,,,,,2026-06-30,,qsgn0000116
601212,白银有色,2026-08-29,,,,,2026-06-30,,9900027220
601216,君正集团,2026-08-26,,,,,2026-06-30,,9900017867
601218,吉鑫科技,2026-08-25,,,,,2026-06-30,,9900019427
601222,林洋能源,2026-08-28,,,,,2026-06-30,,9900021223
601225,陕西煤业,2026-08-28,,,,,2026-06-30,,9900023204
601226,华电科工,2026-08-26,,,,,2026-06-30,,9900023782
601228,广州港,2026-08-25,,,,,2026-06-30,,9900029141
601229,上海银行,2026-08-28,,,,,2026-06-30,,9900010207
601231,环旭电子,2026-08-27,,,,,2026-06-30,,9900022058
601233,桐昆股份,2026-08-26,,,,,2026-06-30,,9900019547
601236,红塔证券,2026-08-31,,,,,2026-06-30,,qsgn0000641
601238,广汽集团,2026-08-29,,,,,2026-06-30,,9900006006
601279,英利汽车,2026-08-31,,,,,2026-06-30,,9900039777
601288,农业银行,2026-08-29,,,,,2026-06-30,,jjxt0000020
601298,青岛港,2026-08-29,,,,,2026-06-30,,GD025907
601311,骆驼股份,2026-08-22,,,,,2026-06-30,,9900019962
601318,中国平安,2026-08-21,,,,,2026-06-30,,9900002221
601319,中国人保,2026-08-28,,,,,2026-06-30,,9900024684
601326,秦港股份,2026-08-29,,,,,2026-06-30,,9900023004
601328,交通银行,2026-08-29,,,,,2026-06-30,,9900002841
601330,绿色动力,2026-08-29,,,,,2026-06-30,,9900028847
601333,广深铁路,2026-08-26,,,,,2026-06-30,,9900001741
601336,新华保险,2026-08-27,,,,,2026-06-30,,GD040482
601339,百隆东方,2026-08-07,,,,,2026-06-30,,9900022783
601360,三六零,2026-08-20,,,,,2026-06-30,,9900021962
601366,利群股份,2026-08-27,,,,,2026-06-30,,9900028735
601368,绿城水务,2026-08-26,,,,,2026-06-30,,9900023964
601369,陕鼓动力,2026-08-26,,,,,2026-06-30,,9900012093
601375,中原证券,2026-08-26,,,,,2026-06-30,,qsgn0000802
601377,兴业证券,2026-08-20,,,,,2026-06-30,,qsgn0000076
601388,怡球资源,2026-08-25,,,,,2026-06-30,,9900022404
601390,中国中铁,2026-08-29,,,,,2026-06-30,,9900003904
601398,工商银行,2026-08-29,,,,,2026-06-30,,jjxt0000019
601399,国机重装,2026-08-29,,,,,2026-06-30,,9900010450
601456,国联民生,2026-08-31,,2026-08-29,,,2026-06-30,,qsgn0000343
601500,通用股份,2026-08-28,,,,,2026-06-30,,9900026535
601512,中新集团,2026-08-26,,,,,2026-06-30,,9900022946
601515,衢州东峰,2026-08-27,,,,,2026-06-30,,9900022063
601518,吉林高速,2026-08-27,,,,,2026-06-30,,9900011627
601519,大智慧,2026-08-27,,,,,2026-06-30,,9900017431
601528,瑞丰银行,2026-08-25,,,,,2026-06-30,,9900032315
601555,东吴证券,2026-08-31,,,,,2026-06-30,,qsgn0000325
601566,九牧王,2026-08-25,,,,,2026-06-30,,9900019841
601567,三星电气,2026-08-31,,,,,2026-06-30,,9900020091
601568,北元化工,2026-08-27,,,,,2026-06-30,,9900039743
601577,长沙银行,2026-08-28,,,,,2026-06-30,,9900021960
601579,会稽山,2026-08-22,,,,,2026-06-30,,9900023219
601588,北辰实业,2026-08-21,,,,,2026-06-30,,9900000921
601595,上海电影,2026-08-27,,,,,2026-06-30,,9900024674
601598,中国外运,2026-08-26,,,,,2026-06-30,,gshk0000598
601599,浙文影业,2026-08-27,,,,,2026-06-30,,9900019840
601600,中国铝业,2026-08-28,,,,,2026-06-30,,9900002901
601601,中国太保,2026-08-28,,,,,2026-06-30,,9900004003
601606,长城军工,2026-07-31,,,,,2026-06-30,,9900027664
601607,上海医药,2026-08-28,,,,,2026-06-30,,gssh0600849
601608,中信重工,2026-08-26,,,,,2026-06-30,,9900022870
601609,金田股份,2026-08-19,,,,,2026-06-30,,9900023721
601611,中国核建,2026-08-29,,,,,2026-06-30,,9900028774
601615,明阳智能,2026-08-29,,,,,2026-06-30,,9900036760
601616,广电电气,2026-08-29,,,,,2026-06-30,,9900017667
601618,中国中冶,2026-08-31,,,,,2026-06-30,,9900008087
601619,嘉泽新能,2026-08-20,,,,,2026-06-30,,9900031909
601628,中国人寿,2026-08-28,,,,,2026-06-30,,9900001881
601633,长城汽车,2026-08-26,,,,,2026-06-30,,gshk0002333
601636,旗滨集团,2026-08-31,,,,,2026-06-30,,9900021239
601658,邮储银行,2026-08-29,,,,,2026-06-30,,9900005091
601665,齐鲁银行,2026-08-29,,,,,2026-06-30,,9900010908
601666,平煤股份,2026-08-25,,,,,2026-06-30,,9900001301
601668,中国建筑,2026-08-29,,,,,2026-06-30,,9900005970
601669,中国电建,2026-08-29,,,,,2026-06-30,,9900019726
601677,明泰铝业,2026-08-18,,,,,2026-06-30,,9900021432
601678,滨化股份,2026-08-28,,,,,2026-06-30,,9900010667
601686,友发集团,2026-08-25,,,,,2026-06-30,,9900039715
601688,华泰证券,2026-08-29,,,,,2026-06-30,,qsgn0000161
601689,拓普集团,2026-08-28,,,,,2026-06-30,,9900023677
601696,中银证券,2026-08-29,,,,,2026-06-30,,qsgn0000638
601698,中国卫通,2026-08-25,,,,,2026-06-30,,9900036546
601699,潞安环能,2026-08-26,,,,,2026-06-30,,9900000721
601700,风范股份,2026-08-28,,,,,2026-06-30,,9900017119
601702,华峰铝业,2026-08-18,,,,,2026-06-30,,9900038468
601717,中创智领,2026-08-31,,,,,2026-06-30,,9900013667
601718,ST际华,2026-08-22,,,,,2026-06-30,,9900013870
601727,上海电气,2026-08-31,,,,,2026-06-30,,9900005766
601728,中国电信,2026-08-21,,,,,2026-06-30,,gshk0000728
601766,中国中车,2026-08-20,,,,,2026-06-30,,9900005127
601777,千里科技,2026-08-25,,,,,2026-06-30,,9900016000
601778,晶科科技,2026-08-27,,,,,2026-06-30,,9900038390
601788,光大证券,2026-08-20,,,,,2026-06-30,,qsgn0000085
601789,宁波建工,2026-08-22,,,,,2026-06-30,,9900021256
601798,蓝科高新,2026-08-28,,,,,2026-06-30,,9900020287
601799,星宇股份,2026-08-29,,,,,2026-06-30,,9900017668
601800,中国交建,2026-08-29,,,,,2026-06-30,,gshk0001800
601801,皖新传媒,2026-08-27,,,,,2026-06-30,,9900010089
601808,中海油服,2026-08-25,,,,,2026-06-30,,9900003692
601811,新华文轩,2026-08-27,,,,,2026-06-30,,gshk0000811
601816,京沪高铁,2026-08-31,,,,,2026-06-30,,9900041360
601818,光大银行,2026-08-31,,2026-08-29,,,2026-06-30,,9900006246
601825,沪农商行,2026-08-28,,,,,2026-06-30,,9900010687
601827,三峰环境,2026-08-26,,,,,2026-06-30,,9900038387
601828,美凯龙,2026-08-31,,2026-08-29,,,2026-06-30,,9900024118
601838,成都银行,2026-08-27,,,,,2026-06-30,,9900021318
601857,中国石油,2026-08-25,,,,,2026-06-30,,9900003825
601858,中国科传,2026-08-26,,,,,2026-06-30,,9900023751
601860,紫金银行,2026-08-29,,,,,2026-06-30,,9900031760
601865,福莱特,2026-08-26,,,,,2026-06-30,,9900031502
601866,中远海发,2026-08-29,,,,,2026-06-30,,9900003962
601868,中国能建,2026-08-31,,,,,2026-06-30,,9900031628
601869,长飞光纤,2026-08-25,,,,,2026-06-30,,GD100544
601872,招商轮船,2026-08-31,,,,,2026-06-30,,9900001441
601877,正泰电器,2026-08-20,,,,,2026-06-30,,9900010254
601878,浙商证券,2026-08-26,,,,,2026-06-30,,qsgn0000203
601880,辽港股份,2026-08-27,,,,,2026-06-30,,gshk0002880
601881,中国银河,2026-08-29,,,,,2026-06-30,,qsgn0000512
601882,海天精工,2026-08-29,,,,,2026-06-30,,9900024758
601886,江河集团,2026-08-12,,,,,2026-06-30,,9900021258
601888,中国中免,2026-08-21,,,,,2026-06-30,,9900008313
601890,亚星锚链,2026-08-25,,,,,2026-06-30,,9900016571
601898,中煤能源,2026-08-22,,,,,2026-06-30,,9900004221
601899,紫金矿业,2026-08-22,,,,,2026-06-30,,9900004143
601900,南方传媒,2026-08-22,,,,,2026-06-30,,9900024439
601901,方正证券,2026-08-29,,,,,2026-06-30,,9900021222
601908,京运通,2026-08-27,,,,,2026-06-30,,9900021379
601916,浙商银行,2026-08-27,,,,,2026-06-30,,9900007207
601918,新集能源,2026-08-22,,,,,2026-06-30,,9900003914
601919,中远海控,2026-08-31,,2026-08-29,,,2026-06-30,,9900003201
601921,浙版传媒,2026-08-15,,,,,2026-06-30,,9900041882
601928,凤凰传媒,2026-08-27,,,,,2026-06-30,,9900021782
601929,吉视传媒,2026-08-25,,,,,2026-06-30,,9900022073
601933,永辉超市,2026-08-21,,,,,2026-06-30,,9900016367
601939,建设银行,2026-08-29,,,,,2026-06-30,,9900003682
601949,中国出版,2026-08-29,,,,,2026-06-30,,9900031902
601952,苏垦农发,2026-08-19,,,,,2026-06-30,,9900030581
601956,东贝集团,2026-08-22,,,,,2026-06-30,,GD008131
601958,金钼股份,2026-08-21,,,,,2026-06-30,,9900004461
601963,重庆银行,2026-08-21,,,,,2026-06-30,,9900006641
601965,中国汽研,2026-08-26,,,,,2026-06-30,,9900022752
601966,玲珑轮胎,2026-08-27,,,,,2026-06-30,,9900023113
601968,宝钢包装,2026-08-27,,,,,2026-06-30,,9900024535
601969,海南矿业,2026-08-25,,,,,2026-06-30,,9900023250
601975,招商南油,2026-08-28,,,,,2026-06-30,,gssh0600087
601985,中国核电,2026-08-29,,,,,2026-06-30,,9900022188
601988,中国银行,2026-08-29,,,,,2026-06-30,,jjxt0000028
601990,南京证券,2026-08-29,,,,,2026-06-30,,qsgn0000240
601991,大唐发电,2026-08-29,,,,,2026-06-30,,9900001601
601992,金隅集团,2026-08-29,,,,,2026-06-30,,9900006630
601995,中金公司,2026-08-31,,,,,2026-06-30,,qsgn0000421
601996,丰林集团,2026-08-22,,,,,2026-06-30,,9900021478
601997,贵阳银行,2026-08-25,,,,,2026-06-30,,9900022955
601998,中信银行,2026-08-27,,,,,2026-06-30,,9900002721
601999,出版传媒,2026-08-27,,,,,2026-06-30,,9900003948
603000,人民网,2026-08-29,,,,,2026-06-30,,9900022477
603001,奥康国际,2026-08-27,,,,,2026-06-30,,9900022510
603002,宏昌电子,2026-08-22,,,,,2026-06-30,,9900022649
603004,鼎龙科技,2026-08-22,,,,,2026-06-30,,9900048374
603005,晶方科技,2026-08-25,,,,,2026-06-30,,9900022989
603006,联明股份,2026-08-27,,,,,2026-06-30,,9900023816
603007,顺景科技,2026-08-29,,,,,2026-06-30,,9900026537
603008,ST喜临门,2026-08-26,,,,,2026-06-30,,9900023007
603009,北特科技,2026-08-26,,,,,2026-06-30,,9900022982
603010,万盛股份,2026-08-25,,,,,2026-06-30,,9900022964
603011,合锻智能,2026-08-28,,,,,2026-06-30,,9900023764
603012,创力集团,2026-08-27,,,,,2026-06-30,,9900023710
603013,亚普股份,2026-08-27,,,,,2026-06-30,,9900023758
603014,威高血净,2026-08-26,,,,,2026-06-30,,9900048196
603015,弘讯科技,2026-08-20,,,,,2026-06-30,,9900023700
603016,新宏泰,2026-08-21,,,,,2026-06-30,,9900024938
603017,中衡设计,2026-08-25,,,,,2026-06-30,,9900023640
603018,华设集团,2026-08-29,,,,,2026-06-30,,9900023176
603019,中科曙光,2026-08-26,,,,,2026-06-30,,9900023134
603020,爱普股份,2026-08-27,,,,,2026-06-30,,9900023123
603021,*ST华鹏,2026-08-22,,,,,2026-06-30,,9900023482
603022,新通联,2026-08-28,,,,,2026-06-30,,9900023675
603023,威帝股份,2026-08-19,,,,,2026-06-30,,9900023114
603025,大豪科技,2026-08-14,,,,,2026-06-30,,9900023457
603026,石大胜华,2026-08-26,,,,,2026-06-30,,9900022966
603027,千禾味业,2026-08-29,,,,,2026-06-30,,9900024904
603028,赛福天,2026-08-25,,,,,2026-06-30,,9900024903
603029,天鹅股份,2026-08-22,,,,,2026-06-30,,9900024504
603030,全筑股份,2026-08-26,,,,,2026-06-30,,9900023461
603031,安孚科技,2026-08-18,,,,,2026-06-30,,9900024937
603032,德新科技,2026-08-22,,,,,2026-06-30,,9900030090
603033,三维股份,2026-08-28,,,,,2026-06-30,,9900026790
603035,常熟汽饰,2026-08-29,,,,,2026-06-30,,9900029042
603036,如通股份,2026-08-22,,,,,2026-06-30,,9900026788
603037,凯众股份,2026-08-27,,,,,2026-06-30,,9900029866
603038,华立股份,2026-08-28,,,,,2026-06-30,,9900024798
603039,泛微网络,2026-08-21,,,,,2026-06-30,,9900029865
603040,新坐标,2026-08-28,,,,,2026-06-30,,9900029981
603041,美思德,2026-08-29,,,,,2026-06-30,,9900030661
603042,华脉科技,2026-08-21,,,,,2026-06-30,,9900031495
603043,广州酒家,2026-08-28,,,,,2026-06-30,,9900023009
603045,福达合金,2026-08-29,,,,,2026-06-30,,9900023670
603048,浙江黎明,2026-08-31,,,,,2026-06-30,,9900047835
603049,中策橡胶,2026-08-18,,,,,2026-06-30,,9900005872
603050,科林电气,2026-08-22,,,,,2026-06-30,,9900023860
603051,鹿山新材,2026-08-21,,,,,2026-06-30,,9900022812
603052,可川科技,2026-08-22,,,,,2026-06-30,,9900039839
603053,成都燃气,2026-08-15,,,,,2026-06-30,,9900037233
603055,台华新材,2026-08-27,,,,,2026-06-30,,9900024946
603057,紫燕食品,2026-08-28,,,,,2026-06-30,,nssc1000798
603058,永吉股份,2026-08-01,,,,,2026-06-30,,9900030781
603059,倍加洁,2026-08-26,,,,,2026-06-30,,9900034525
603060,国检集团,2026-08-22,,,,,2026-06-30,,9900026560
603061,金海通,2026-08-27,,,,,2026-06-30,,9900048113
603062,麦加芯彩,2026-08-25,,2026-08-22,,,2026-06-30,,9900056874
603063,禾望电气,2026-08-05,,,,,2026-06-30,,9900031488
603065,宿迁联盛,2026-08-27,,,,,2026-06-30,,9900051383
603066,音飞储存,2026-08-26,,,,,2026-06-30,,9900023471
603067,振华股份,2026-08-28,,,,,2026-06-30,,9900024048
603068,博通集成,2026-08-21,,,,,2026-06-30,,9900036059
603069,海汽集团,2026-08-25,,,,,2026-06-30,,9900024949
603070,万控智造,2026-08-21,,,,,2026-06-30,,nssc1000483
603071,物产环能,2026-08-18,,,,,2026-06-30,,9900046526
603072,天和磁材,2026-08-26,,,,,2026-06-30,,9900041650
603073,彩蝶实业,2026-08-25,,,,,2026-06-30,,nssc1000544
603075,热威股份,2026-08-19,,,,,2026-06-30,,nssc1000638
603076,乐惠国际,2026-08-28,,,,,2026-06-30,,9900032992
603077,和邦生物,2026-08-18,,,,,2026-06-30,,9900023244
603078,江化微,2026-08-26,,,,,2026-06-30,,9900030584
603079,圣达生物,2026-08-28,,,,,2026-06-30,,9900031480
603080,新疆火炬,2026-08-22,,,,,2026-06-30,,gfbj0832099
603081,大丰实业,2026-08-27,,,,,2026-06-30,,9900030818
603082,北自科技,2026-08-25,,,,,2026-06-30,,9900053997
603083,剑桥科技,2026-08-25,,,,,2026-06-30,,9900033004
603085,天成自控,2026-08-25,,,,,2026-06-30,,9900024678
603086,先达股份,2026-08-25,,,,,2026-06-30,,9900029747
603087,甘李药业,2026-08-26,,,,,2026-06-30,,9900026770
603088,宁波精达,2026-08-28,,,,,2026-06-30,,9900023174
603089,正裕工业,2026-08-29,,,,,2026-06-30,,9900023726
603090,宏盛股份,2026-08-27,,,,,2026-06-30,,9900026803
603091,众鑫股份,2026-08-26,,,,,2026-06-30,,9900056873
603092,德力佳,2026-08-21,,,,,2026-06-30,,9900062009
603093,南华期货,2026-08-18,,,,,2026-06-30,,9900031483
603095,越剑智能,2026-08-22,,,,,2026-06-30,,9900039808
603096,新经典,2026-08-11,,,,,2026-06-30,,9900030604
603097,江苏华辰,2026-08-27,,,,,2026-06-30,,9900048064
603098,森特股份,2026-08-26,,,,,2026-06-30,,9900029044
603099,长白山,2026-08-25,,,,,2026-06-30,,9900022933
603100,川仪股份,2026-08-26,,,,,2026-06-30,,9900022948
603101,汇嘉时代,2026-07-31,,,,,2026-06-30,,9900026787
603102,百合股份,2026-08-10,,,,,2026-06-30,,9900039756
603103,横店影视,2026-08-22,,,,,2026-06-30,,9900033195
603105,芯能科技,2026-08-26,,,,,2026-06-30,,gfbj0833677
603106,恒银科技,2026-08-26,,,,,2026-06-30,,9900032781
603107,上海汽配,2026-08-25,,,,,2026-06-30,,nssc1000420
603108,润达医疗,2026-08-28,,,,,2026-06-30,,9900023738
603109,神驰机电,2026-08-25,,,,,2026-06-30,,9900034528
603110,东方材料,2026-08-28,,,,,2026-06-30,,9900031774
603111,康尼机电,2026-08-26,,,,,2026-06-30,,9900022961
603112,华翔股份,2026-08-26,,,,,2026-06-30,,9900039758
603113,金能科技,2026-08-25,,,,,2026-06-30,,9900024626
603115,海星股份,2026-08-29,,,,,2026-06-30,,9900036552
603116,红蜻蜓,2026-08-28,,,,,2026-06-30,,9900023735
603117,万林物流,2026-08-29,,,,,2026-06-30,,9900023716
603118,共进股份,2026-08-26,,,,,2026-06-30,,9900023687
603119,浙江荣泰,2026-08-11,,,,,2026-06-30,,9900053442
603120,肯特催化,2026-08-25,,,,,2026-06-30,,gfbj0837696
603121,华培动力,2026-08-27,,,,,2026-06-30,,9900035554
603122,合富中国,2026-08-26,,,,,2026-06-30,,nssc1000089
603123,翠微股份,2026-08-29,,,,,2026-06-30,,9900022511
603124,江南新材,2026-08-28,,,,,2026-06-30,,9900048190
603125,常青科技,2026-08-27,,,,,2026-06-30,,9900048108
603126,中材节能,2026-08-31,,,,,2026-06-30,,9900023209
603127,昭衍新药,2026-08-29,,,,,2026-06-30,,9900030771
603128,华贸物流,2026-08-25,,,,,2026-06-30,,9900022718
603129,春风动力,2026-08-18,,,,,2026-06-30,,9900032725
603130,云中马,2026-08-27,,,,,2026-06-30,,9900048363
603131,上海沪工,2026-08-25,,,,,2026-06-30,,9900023707
603132,金徽股份,2026-08-07,,,,,2026-06-30,,9900051476
603135,中重科技,2026-08-28,,,,,2026-06-30,,9900052304
603136,天目湖,2026-08-25,,,,,2026-06-30,,9900032263
603137,恒尚节能,2026-08-28,,,,,2026-06-30,,9900048389
603138,海量数据,2026-08-27,,,,,2026-06-30,,9900030534
603139,康惠股份,2026-08-28,,,,,2026-06-30,,9900030778
603150,万朗磁塑,2026-08-27,,,,,2026-06-30,,9900035337
603151,邦基科技,2026-08-25,,,,,2026-06-30,,9900052705
603153,上海建科,2026-08-14,,,,,2026-06-30,,9900047762
603155,新亚强,2026-07-28,,,,,2026-06-30,,gfbj0835550
603156,养元饮品,2026-08-22,,,,,2026-06-30,,9900023988
603158,腾龙股份,2026-08-27,,,,,2026-06-30,,9900023476
603159,上海亚虹,2026-08-29,,,,,2026-06-30,,9900026562
603160,汇顶科技,2026-08-21,,,,,2026-06-30,,9900027319
603161,科华控股,2026-08-27,,,,,2026-06-30,,gfbj0831263
603162,海通发展,2026-07-21,,,,,2026-06-30,,gfbj0833362
603163,圣晖集成,2026-08-27,,,,,2026-06-30,,9900052777
603165,荣晟环保,2026-08-26,,,,,2026-06-30,,9900030004
603166,福达股份,2026-08-24,,,,,2026-06-30,,9900023112
603167,渤海轮渡,2026-08-26,,,,,2026-06-30,,9900023205
603168,莎普爱思,2026-08-31,,,,,2026-06-30,,9900023242
603169,兰石重装,2026-08-29,,,,,2026-06-30,,9900023006
603170,宝立食品,2026-08-29,,,,,2026-06-30,,9900047410
603171,税友股份,2026-08-21,,,,,2026-06-30,,9900041900
603172,万丰股份,2026-08-31,,,,,2026-06-30,,nssc1000266
603173,福斯达,2026-08-27,,,,,2026-06-30,,nssc1000390
603175,超颖电子,2026-08-31,,,,,2026-06-30,,9900060343
603176,汇通集团,2026-08-27,,,,,2026-06-30,,nssc1000792
603177,德创环保,2026-08-28,,,,,2026-06-30,,9900029825
603178,圣龙股份,2026-08-25,,,,,2026-06-30,,9900030583
603179,新泉股份,2026-08-04,,,,,2026-06-30,,9900030577
603180,金牌家居,2026-08-26,,,,,2026-06-30,,9900030658
603181,皇马科技,2026-08-17,,,,,2026-06-30,,9900033001
603182,嘉华股份,2026-08-19,,,,,2026-06-30,,gfbj0838891
603183,建研院,2026-08-22,,,,,2026-06-30,,9900033006
603185,弘元绿能,2026-08-31,,,,,2026-06-30,,9900022495
603186,华正新材,2026-08-31,,,,,2026-06-30,,9900023472
603187,海容冷链,2026-08-15,,,,,2026-06-30,,gfbj0830822
603188,亚邦股份,2026-08-31,,,,,2026-06-30,,9900029308
603189,*ST网达,2026-08-18,,,,,2026-06-30,,9900026063
603190,亚通精工,2026-08-28,,,,,2026-06-30,,nssc1000524
603191,望变电气,2026-08-27,,,,,2026-06-30,,gfbj0832960
603192,汇得科技,2026-08-29,,,,,2026-06-30,,9900035551
603193,润本股份,2026-08-21,,,,,2026-06-30,,9900048636
603194,中力股份,2026-08-26,,,,,2026-06-30,,9900056200
603195,公牛集团,2026-08-28,,,,,2026-06-30,,9900037723
603196,璞源材料,2026-08-18,,,,,2026-06-30,,9900031491
603197,保隆科技,2026-08-27,,,,,2026-06-30,,9900023976
603198,迎驾贡酒,2026-08-26,,,,,2026-06-30,,9900023736
603199,九华旅游,2026-08-20,,,,,2026-06-30,,9900030172
603200,上海洗霸,2026-08-28,,,,,2026-06-30,,9900030775
603201,常润股份,2026-08-29,,,,,2026-06-30,,9900051404
603202,天有为,2026-08-25,,,,,2026-06-30,,9900059219
603203,快克智能,2026-08-27,,,,,2026-06-30,,9900029518
603205,健尔康,2026-08-28,,,,,2026-06-30,,9900048063
603206,嘉环科技,2026-08-04,,,,,2026-06-30,,9900046627
603207,小方制药,2026-08-27,,,,,2026-06-30,,9900056294
603208,江山欧派,2026-08-17,,,,,2026-06-30,,9900030087
603209,兴通股份,2026-08-19,,,,,2026-06-30,,9900046958
603210,泰鸿万立,2026-08-26,,,,,2026-06-30,,9900041926
603211,晋拓股份,2026-08-29,,,,,2026-06-30,,9900046957
603212,赛伍技术,2026-08-28,,,,,2026-06-30,,9900036558
603213,镇洋发展,2026-08-31,,,,,2026-06-30,,nssc1000627
603214,爱婴室,2026-08-25,,,,,2026-06-30,,9900023309
603215,比依股份,2026-08-27,,,,,2026-06-30,,nssc1000801
603216,梦天家居,2026-08-27,,,,,2026-06-30,,nssc1000205
603217,元利科技,2026-08-27,,,,,2026-06-30,,9900030368
603218,日月股份,2026-08-28,,,,,2026-06-30,,9900029743
603219,富佳股份,2026-08-28,,,,,2026-06-30,,9900041674
603220,中贝通信,2026-08-27,,,,,2026-06-30,,9900035549
603221,爱丽家居,2026-08-26,,,,,2026-06-30,,9900038307
603222,济民健康,2026-08-26,,,,,2026-06-30,,9900023635
603223,恒通股份,2026-08-26,,,,,2026-06-30,,9900024369
603225,新凤鸣,2026-08-28,,,,,2026-06-30,,9900023641
603226,菲林格尔,2026-08-28,,,,,2026-06-30,,9900031772
603227,雪峰科技,2026-08-18,,,,,2026-06-30,,9900024503
603228,景旺电子,2026-08-22,,,,,2026-06-30,,9900029802
603229,奥翔药业,2026-08-29,,,,,2026-06-30,,9900030694
603230,内蒙新华,2026-08-26,,,,,2026-06-30,,9900041654
603231,索宝蛋白,2026-08-28,,,,,2026-06-30,,nssc1000418
603232,格尔软件,2026-08-29,,,,,2026-06-30,,9900033857
603233,大参林,2026-08-25,,,,,2026-06-30,,9900031701
603235,天新药业,2026-08-29,,,,,2026-06-30,,9900048166
603236,移远通信,2026-08-13,,,,,2026-06-30,,gfbj0836430
603237,五芳斋,2026-08-27,,,,,2026-06-30,,9900041915
603238,诺邦股份,2026-08-26,,,,,2026-06-30,,9900030370
603239,浙江仙通,2026-08-26,,,,,2026-06-30,,9900029048
603248,锡华科技,2026-08-26,,,,,2026-06-30,,9900058764
603255,鼎际得,2026-08-25,,,,,2026-06-30,,9900046841
603256,宏和科技,2026-08-14,,,,,2026-06-30,,9900035335
603257,中国瑞林,2026-08-28,,,,,2026-06-30,,9900041620
603258,电魂网络,2026-08-28,,,,,2026-06-30,,9900028871
603259,药明康德,2026-08-04,,,,,2026-06-30,,9900035584
603260,合盛硅业,2026-08-26,,,,,2026-06-30,,9900031901
603261,立航科技,2026-08-25,,,,,2026-06-30,,9900039859
603262,技源集团,2026-08-28,,,,,2026-06-30,,9900057474
603266,天龙股份,2026-08-29,,,,,2026-06-30,,9900026565
603267,鸿远电子,2026-08-29,,,,,2026-06-30,,9900035340
603268,松发股份,2026-08-25,,,,,2026-06-30,,9900023730
603269,海鸥股份,2026-08-28,,,,,2026-06-30,,9900030693
603270,金帝股份,2026-08-29,,,,,2026-06-30,,9900049007
603271,永杰新材,2026-08-27,,,,,2026-06-30,,9900023650
603272,*ST联翔,2026-08-28,,,,,2026-06-30,,nssc1000337
603273,天元智能,2026-08-27,,,,,2026-06-30,,gfbj0837134
603275,众辰科技,2026-08-26,,,,,2026-06-30,,9900047327
603276,恒兴新材,2026-08-27,,,,,2026-06-30,,9900047855
603277,银都股份,2026-08-26,,,,,2026-06-30,,gfbj0832772
603278,大业股份,2026-08-25,,,,,2026-06-30,,9900024931
603279,景津装备,2026-08-26,,,,,2026-06-30,,gfbj0832899
603280,南方路机,2026-08-25,,,,,2026-06-30,,nssc1000815
603281,江瀚新材,2026-08-18,,,,,2026-06-30,,9900052001
603282,亚光股份,2026-08-28,,,,,2026-06-30,,gfbj0870791
603283,赛腾股份,2026-08-25,,,,,2026-06-30,,9900033060
603284,林平发展,2026-08-18,,,,,2026-06-30,,9900063190
603285,键邦股份,2026-08-26,,,,,2026-06-30,,9900053438
603286,日盈电子,2026-08-28,,,,,2026-06-30,,9900031811
603288,海天味业,2026-08-27,,,,,2026-06-30,,9900023228
603289,泰瑞机器,2026-08-29,,,,,2026-06-30,,9900031734
603290,斯达半导,2026-08-25,,,,,2026-06-30,,9900023794
603291,联合水务,2026-08-27,,,,,2026-06-30,,9900047645
603293,埃泰克,2026-08-18,,,,,2026-06-30,,9900063176
603296,华勤技术,2026-08-26,,,,,2026-06-30,,9900047877
603297,永新光学,2026-08-27,,,,,2026-06-30,,9900035546
603298,杭叉集团,2026-08-26,,,,,2026-06-30,,9900029596
603299,苏盐井神,2026-08-25,,,,,2026-06-30,,9900024627
603300,海南华铁,2026-08-21,,,,,2026-06-30,,9900023468
603301,振德医疗,2026-08-28,,,,,2026-06-30,,9900035299
603303,得邦照明,2026-08-21,,,,,2026-06-30,,9900029979
603305,旭升集团,2026-08-28,,,,,2026-06-30,,9900032571
603306,华懋科技,2026-08-26,,,,,2026-06-30,,9900029307
603307,扬州金泉,2026-08-26,,,,,2026-06-30,,9900046649
603308,应流股份,2026-08-29,,,,,2026-06-30,,9900023247
603309,维力医疗,2026-07-31,,,,,2026-06-30,,9900023697
603310,巍华新材,2026-08-26,,,,,2026-06-30,,9900053185
603311,金海高科,2026-08-27,,,,,2026-06-30,,9900023522
603312,西典新能,2026-08-15,,,,,2026-06-30,,9900057483
603313,梦百合,2026-08-29,,,,,2026-06-30,,9900027665
603315,福鞍股份,2026-08-28,,,,,2026-06-30,,9900023761
603316,诚邦股份,2026-08-31,,,,,2026-06-30,,9900030890
603317,天味食品,2026-08-26,,,,,2026-06-30,,9900023519
603318,水发燃气,2026-08-26,,,,,2026-06-30,,9900023720
603319,美湖股份,2026-08-31,,,,,2026-06-30,,9900028874
603320,迪贝电气,2026-08-26,,,,,2026-06-30,,9900023759
603321,梅轮电梯,2026-08-28,,,,,2026-06-30,,9900032995
603322,超讯科技,2026-08-18,,,,,2026-06-30,,9900024954
603323,苏农银行,2026-08-26,,,,,2026-06-30,,9900022945
603324,盛剑科技,2026-08-28,,,,,2026-06-30,,9900041728
603325,博隆技术,2026-08-22,,,,,2026-06-30,,9900048087
603326,我乐家居,2026-08-31,,,,,2026-06-30,,9900031905
603327,福蓉科技,2026-08-29,,,,,2026-06-30,,fzqy1026752
603328,依顿电子,2026-08-29,,,,,2026-06-30,,9900023118
603329,上海雅仕,2026-08-26,,,,,2026-06-30,,9900031812
603330,天洋新材,2026-08-26,,,,,2026-06-30,,9900030398
603331,百达精工,2026-08-28,,,,,2026-06-30,,9900030898
603332,苏州龙杰,2026-08-18,,,,,2026-06-30,,9900023657
603333,福华尚纬,2026-08-29,,,,,2026-06-30,,9900022575
603334,丰倍生物,2026-08-24,,,,,2026-06-30,,9900059043
603335,迪生力,2026-08-25,,,,,2026-06-30,,9900030897
603336,宏辉果蔬,2026-08-28,,,,,2026-06-30,,9900023771
603337,杰克科技,2026-08-25,,,,,2026-06-30,,9900030371
603338,浙江鼎力,2026-08-28,,,,,2026-06-30,,9900023741
603339,四方科技,2026-07-29,,,,,2026-06-30,,9900024935
603341,龙旗科技,2026-08-28,,,,,2026-06-30,,9900031780
603344,星德胜,2026-08-29,,,,,2026-06-30,,9900056295
603345,安井食品,2026-08-25,,,,,2026-06-30,,9900028960
603348,文灿股份,2026-08-21,,,,,2026-06-30,,gfbj0832154
603350,安乃达,2026-08-31,,,,,2026-06-30,,gfbj0839807
603351,威尔药业,2026-08-22,,,,,2026-06-30,,9900036282
603352,至信股份,2026-08-22,,,,,2026-06-30,,9900063089
603353,和顺石油,2026-08-29,,,,,2026-06-30,,9900035533
603355,莱克电气,2026-08-27,,,,,2026-06-30,,9900023608
603356,华菱精工,2026-08-26,,,,,2026-06-30,,9900034349
603357,设计总院,2026-08-25,,,,,2026-06-30,,9900031485
603358,华达科技,2026-08-27,,,,,2026-06-30,,9900029980
603359,*ST东珠,2026-08-29,,,,,2026-06-30,,9900023958
603360,百傲化学,2026-08-26,,,,,2026-06-30,,9900030005
603363,傲农生物,2026-08-31,,,,,2026-06-30,,9900033003
603365,水星家纺,2026-08-26,,,,,2026-06-30,,9900026420
603366,日出东方,2026-08-19,,,,,2026-06-30,,9900022648
603367,辰欣药业,2026-08-25,,,,,2026-06-30,,9900024437
603368,柳药集团,2026-08-28,,,,,2026-06-30,,9900022939
603369,今世缘,2026-08-18,,,,,2026-06-30,,9900023168
603370,华新精科,2026-08-25,,,,,2026-06-30,,gfbj0871300
603373,安邦护卫,2026-08-28,,,,,2026-06-30,,9900052523
603375,盛景微,2026-08-22,,,,,2026-06-30,,9900051392
603376,大明电子,2026-08-25,,,,,2026-06-30,,9900057471
603377,ST东时,2026-08-29,,,,,2026-06-30,,9900023616
603378,*ST亚士,2026-08-26,,,,,2026-06-30,,9900030399
603379,三美股份,2026-08-25,,,,,2026-06-30,,GD061916
603380,易德龙,2026-08-22,,,,,2026-06-30,,9900032569
603381,永臻股份,2026-08-28,,,,,2026-06-30,,9900058333
603382,海阳科技,2026-08-20,,,,,2026-06-30,,9900059222
603383,顶点软件,2026-08-20,,,,,2026-06-30,,9900023072
603385,惠达卫浴,2026-08-28,,,,,2026-06-30,,9900030578
603386,骏亚科技,2026-08-26,,,,,2026-06-30,,9900033000
603387,基蛋生物,2026-08-27,,,,,2026-06-30,,9900031490
603389,亚振家居,2026-08-29,,,,,2026-06-30,,9900026793
603390,通达电气,2026-08-25,,,,,2026-06-30,,gfbj0870399
603391,力聚热能,2026-08-21,,,,,2026-06-30,,9900056301
603392,万泰生物,2026-08-20,,,,,2026-06-30,,9900033181
603393,新天然气,2026-08-12,,,,,2026-06-30,,9900030440
603395,红四方,2026-08-26,,,,,2026-06-30,,9900054184
603396,金辰股份,2026-08-26,,,,,2026-06-30,,9900030574
603398,*ST沐邦,2026-08-18,,,,,2026-06-30,,9900024444
603399,永杉锂业,2026-08-31,,,,,2026-06-30,,9900023227
603400,华之杰,2026-08-03,,,,,2026-06-30,,nssc1000461
603402,陕西旅游,2026-08-14,,,,,2026-06-30,,gfbj0870432
603406,天富龙,2026-08-31,,2026-08-18,,,2026-06-30,,9900059053
603407,长裕集团,2026-08-24,,,,,2026-06-30,,9900062968
603408,建霖家居,2026-08-22,,,,,2026-06-30,,9900039735
603409,汇通控股,2026-08-26,,,,,2026-06-30,,gfbj0831204
603416,信捷电气,2026-08-27,,,,,2026-06-30,,9900029045
603418,友升股份,2026-08-25,,,,,2026-06-30,,9900046966
603421,鼎信通讯,2026-08-26,,,,,2026-06-30,,9900026642
603429,*ST集友,2026-08-31,,,,,2026-06-30,,9900033051
603435,嘉德利,2026-08-29,,,,,2026-06-30,,9900063567
603439,三力制药,2026-08-28,,,,,2026-06-30,,gfbj0832708
603444,吉比特,2026-08-14,,,,,2026-06-30,,9900028872
603456,九洲药业,2026-08-04,,,,,2026-06-30,,9900022935
603458,勘设股份,2026-08-25,,,,,2026-06-30,,9900031907
603459,红板科技,2026-08-26,,,,,2026-06-30,,9900063205
603466,风语筑,2026-08-27,,,,,2026-06-30,,9900033216
603477,巨星农牧,2026-08-28,,,,,2026-06-30,,9900035087
603486,科沃斯,2026-08-22,,,,,2026-06-30,,GD134549
603488,展鹏科技,2026-08-22,,,,,2026-06-30,,9900030895
603489,八方股份,2026-08-28,,,,,2026-06-30,,9900037309
603496,恒为科技,2026-08-31,,,,,2026-06-30,,9900030822
603499,翔港科技,2026-08-25,,,,,2026-06-30,,9900032988
603500,祥和实业,2026-08-28,,,,,2026-06-30,,9900032885
603501,豪威集团,2026-08-25,,,,,2026-06-30,,9900030772
603505,金石资源,2026-08-21,,,,,2026-06-30,,9900029041
603506,南都物业,2026-08-28,,,,,2026-06-30,,9900033208
603507,振江股份,2026-08-26,,,,,2026-06-30,,9900033205
603508,思维列控,2026-08-08,,,,,2026-06-30,,9900024628
603511,爱慕股份,2026-08-28,,,,,2026-06-30,,GD183129
603515,欧普照明,2026-08-28,,,,,2026-06-30,,9900026533
603516,淳中科技,2026-08-26,,,,,2026-06-30,,gfbj0834801
603517,ST绝味,2026-08-21,,,,,2026-06-30,,9900029519
603518,锦泓集团,2026-08-25,,,,,2026-06-30,,9900023765
603519,立霸股份,2026-08-20,,,,,2026-06-30,,9900023752
603520,司太立,2026-08-31,,,,,2026-06-30,,9900024955
603527,众源新材,2026-08-27,,,,,2026-06-30,,gfbj0832582
603528,多伦科技,2026-08-26,,,,,2026-06-30,,9900026209
603529,爱玛科技,2026-08-25,,,,,2026-06-30,,9900037312
603530,神马电力,2026-08-13,,,,,2026-06-30,,9900036545
603533,掌阅科技,2026-08-27,,,,,2026-06-30,,9900033063
603535,嘉诚国际,2026-08-22,,,,,2026-06-30,,9900023643
603536,惠发食品,2026-08-25,,,,,2026-06-30,,9900024760
603538,美诺华,2026-08-12,,,,,2026-06-30,,9900029824
603551,奥普科技,2026-08-25,,,,,2026-06-30,,9900037166
603556,海兴电力,2026-08-18,,,,,2026-06-30,,9900026786
603557,*ST起步,2026-08-31,,,,,2026-06-30,,9900032999
603558,健盛集团,2026-08-04,,,,,2026-06-30,,GD040373
603559,中通国脉,2026-08-26,,,,,2026-06-30,,9900029037
603565,中谷物流,2026-08-27,,,,,2026-06-30,,gfbj0836283
603566,普莱柯,2026-08-25,,,,,2026-06-30,,9900023152
603567,珍宝岛,2026-08-28,,,,,2026-06-30,,9900023465
603568,伟明环保,2026-08-15,,,,,2026-06-30,,9900023680
603569,长久物流,2026-08-27,,,,,2026-06-30,,9900026446
603577,汇金通,2026-08-29,,,,,2026-06-30,,9900029595
603578,三星新材,2026-08-29,,,,,2026-06-30,,gfbj0831645
603579,荣泰健康,2026-08-20,,,,,2026-06-30,,9900029801
603580,艾艾精工,2026-08-31,,,,,2026-06-30,,gfbj0430599
603583,捷昌驱动,2026-08-27,,,,,2026-06-30,,gfbj0830948
603585,苏利股份,2026-08-14,,,,,2026-06-30,,9900029469
603586,金麒麟,2026-08-07,,,,,2026-06-30,,9900030773
603587,地素时尚,2026-08-28,,,,,2026-06-30,,9900031496
603588,高能环境,2026-08-18,,,,,2026-06-30,,9900023766
603589,口子窖,2026-08-28,,,,,2026-06-30,,9900023518
603590,康辰药业,2026-08-26,,,,,2026-06-30,,9900034526
603595,ST东尼,2026-08-26,,,,,2026-06-30,,9900032656
603596,伯特利,2026-08-28,,,,,2026-06-30,,gfbj0835470
603598,引力传媒,2026-08-29,,,,,2026-06-30,,9900024134
603599,广信股份,2026-08-25,,,,,2026-06-30,,9900023967
603600,永艺股份,2026-08-27,,,,,2026-06-30,,9900023653
603601,再升科技,2026-08-25,,,,,2026-06-30,,9900023779
603602,纵横通信,2026-08-22,,,,,2026-06-30,,9900024449
603605,珀莱雅,2026-08-25,,,,,2026-06-30,,9900032985
603606,东方电缆,2026-08-05,,,,,2026-06-30,,9900023122
603607,京华激光,2026-08-25,,,,,2026-06-30,,9900034181
603608,天创时尚,2026-08-22,,,,,2026-06-30,,9900024757
603609,禾丰股份,2026-08-31,,,,,2026-06-30,,9900022976
603610,麒盛科技,2026-08-27,,,,,2026-06-30,,9900037346
603611,诺力股份,2026-08-27,,,,,2026-06-30,,9900023659
603612,索通发展,2026-08-22,,,,,2026-06-30,,9900023754
603613,国联股份,2026-08-31,,,,,2026-06-30,,GD082689
603615,茶花股份,2026-08-14,,,,,2026-06-30,,9900030397
603616,韩建河山,2026-08-28,,,,,2026-06-30,,9900023517
603617,君禾股份,2026-08-27,,,,,2026-06-30,,9900023354
603618,杭电股份,2026-08-26,,,,,2026-06-30,,9900023676
603619,中曼石油,2026-08-28,,,,,2026-06-30,,9900031498
603626,科森科技,2026-08-25,,,,,2026-06-30,,9900029914
603628,清源股份,2026-08-31,,,,,2026-06-30,,9900023615
603629,利通电子,2026-08-29,,,,,2026-06-30,,9900035548
603630,拉芳家化,2026-08-25,,,,,2026-06-30,,9900030439
603633,徕木股份,2026-08-26,,,,,2026-06-30,,9900029035
603636,南威软件,2026-08-27,,,,,2026-06-30,,9900023642
603637,镇海股份,2026-08-21,,,,,2026-06-30,,9900029746
603638,艾迪精密,2026-08-31,,,,,2026-06-30,,9900029803
603639,海利尔,2026-08-29,,,,,2026-06-30,,9900026804
603648,畅联股份,2026-08-27,,,,,2026-06-30,,9900031813
603650,彤程新材,2026-08-20,,,,,2026-06-30,,9900035570
603655,朗博科技,2026-08-20,,,,,2026-06-30,,9900033184
603656,泰禾智能,2026-08-22,,,,,2026-06-30,,9900030419
603657,春光科技,2026-08-29,,,,,2026-06-30,,9900035542
603658,安图生物,2026-08-25,,,,,2026-06-30,,9900026792
603659,璞泰来,2026-08-20,,,,,2026-06-30,,9900033054
603660,苏州科达,2026-08-29,,,,,2026-06-30,,9900026447
603661,恒林股份,2026-08-27,,,,,2026-06-30,,9900022987
603662,柯力传感,2026-08-28,,,,,2026-06-30,,9900035557
603663,三祥新材,2026-08-22,,,,,2026-06-30,,9900024948
603665,康隆达,2026-08-25,,,,,2026-06-30,,9900030088
603666,亿嘉和,2026-08-22,,,,,2026-06-30,,9900034945
603667,五洲新春,2026-08-28,,,,,2026-06-30,,9900027666
603668,天马科技,2026-08-31,,,,,2026-06-30,,9900029592
603669,灵康药业,2026-07-31,,,,,2026-06-30,,9900029033
603676,卫信康,2026-08-28,,,,,2026-06-30,,9900034348
603677,奇精机械,2026-08-21,,,,,2026-06-30,,9900029823
603678,火炬电子,2026-08-22,,,,,2026-06-30,,9900023660
603679,华体科技,2026-08-25,,,,,2026-06-30,,9900030893
603680,今创集团,2026-08-26,,,,,2026-06-30,,9900030697
603681,永冠新材,2026-08-27,,,,,2026-06-30,,gfbj0831135
603682,锦和商管,2026-08-25,,,,,2026-06-30,,9900024645
603683,晶华新材,2026-08-22,,,,,2026-06-30,,9900031815
603685,晨丰科技,2026-08-28,,,,,2026-06-30,,9900034224
603686,福龙马,2026-08-29,,,,,2026-06-30,,9900023655
603687,大胜达,2026-08-26,,,,,2026-06-30,,9900036561
603688,石英股份,2026-08-22,,,,,2026-06-30,,9900023189
603689,皖天然气,2026-08-27,,,,,2026-06-30,,9900026998
603690,至纯科技,2026-08-25,,,,,2026-06-30,,9900023872
603693,江苏新能,2026-08-27,,,,,2026-06-30,,gfbj0833368
603696,安记食品,2026-08-25,,,,,2026-06-30,,9900023456
603697,有友食品,2026-08-15,,,,,2026-06-30,,gfbj0831377
603698,航天工程,2026-08-27,,,,,2026-06-30,,9900023661
603699,纽威股份,2026-08-22,,,,,2026-06-30,,9900022929
603700,宁水集团,2026-08-27,,,,,2026-06-30,,gfbj0834980
603701,德宏股份,2026-08-12,,,,,2026-06-30,,9900023037
603703,盛洋科技,2026-08-26,,,,,2026-06-30,,9900023745
603706,东方环宇,2026-08-27,,,,,2026-06-30,,9900035562
603707,健友股份,2026-08-29,,,,,2026-06-30,,9900022971
603708,家家悦,2026-08-21,,,,,2026-06-30,,9900029040
603709,中源家居,2026-08-29,,,,,2026-06-30,,9900033232
603711,香飘飘,2026-08-29,,,,,2026-06-30,,9900031497
603712,七一二,2026-08-29,,,,,2026-06-30,,9900034448
603713,密尔克卫,2026-08-21,,,,,2026-06-30,,9900035585
603716,塞力医疗,2026-08-28,,,,,2026-06-30,,9900029439
603717,天域生物,2026-08-29,,,,,2026-06-30,,9900030817
603718,*ST海利,2026-08-25,,2026-08-29,,,2026-06-30,,9900023467
603719,良品铺子,2026-08-25,,,,,2026-06-30,,9900037310
603721,中广天择,2026-08-27,,,,,2026-06-30,,9900030820
603722,阿科力,2026-08-27,,,,,2026-06-30,,gfbj0430605
603725,天安新材,2026-08-29,,,,,2026-06-30,,9900030420
603726,朗迪集团,2026-08-29,,,,,2026-06-30,,9900024447
603727,博迈科,2026-07-25,,,,,2026-06-30,,9900029043
603728,鸣志电器,2026-08-26,,,,,2026-06-30,,9900030819
603729,ST龙韵,2026-08-29,,,,,2026-06-30,,9900023473
603730,岱美股份,2026-08-29,,,,,2026-06-30,,9900023136
603733,仙鹤股份,2026-08-31,,,,,2026-06-30,,9900034849
603737,三棵树,2026-08-29,,,,,2026-06-30,,9900032852
603738,泰晶科技,2026-08-29,,,,,2026-06-30,,9900026775
603739,蔚蓝生物,2026-08-28,,,,,2026-06-30,,9900035525
603755,日辰股份,2026-08-29,,,,,2026-06-30,,9900035535
603757,大元泵业,2026-08-27,,,,,2026-06-30,,9900031903
603758,秦安股份,2026-08-22,,,,,2026-06-30,,9900030635
603759,海天股份,2026-08-27,,,,,2026-06-30,,9900041834
603766,隆鑫通用,2026-08-22,,,,,2026-06-30,,9900023200
603767,中马传动,2026-08-22,,,,,2026-06-30,,9900023196
603768,常青股份,2026-08-28,,,,,2026-06-30,,9900030531
603773,沃格光电,2026-08-26,,,,,2026-06-30,,gfbj0832766
603776,永安行,2026-08-29,,,,,2026-06-30,,9900030823
603777,来伊份,2026-08-27,,,,,2026-06-30,,9900023222
603778,国晟科技,2026-08-28,,,,,2026-06-30,,9900024942
603779,威龙股份,2026-08-26,,,,,2026-06-30,,9900024531
603786,科博达,2026-08-28,,,,,2026-06-30,,DR0000117
603787,新日股份,2026-08-27,,,,,2026-06-30,,9900024502
603788,宁波高发,2026-08-26,,,,,2026-06-30,,9900023639
603789,ST星农,2026-08-29,,,,,2026-06-30,,9900023454
603790,雅运股份,2026-08-26,,,,,2026-06-30,,9900035564
603797,联泰环保,2026-08-25,,,,,2026-06-30,,9900029385
603798,康普顿,2026-08-29,,,,,2026-06-30,,9900024539
603799,华友钴业,2026-08-19,,,,,2026-06-30,,9900023781
603800,洪田股份,2026-08-31,,,,,2026-06-30,,9900024532
603801,志邦家居,2026-08-28,,,,,2026-06-30,,9900032419
603803,瑞斯康达,2026-08-26,,,,,2026-06-30,,9900030603
603806,福斯特,2026-08-20,,,,,2026-06-30,,9900023130
603808,歌力思,2026-08-28,,,,,2026-06-30,,9900023747
603809,豪能股份,2026-08-15,,,,,2026-06-30,,9900023062
603810,丰山集团,2026-08-28,,,,,2026-06-30,,9900035509
603811,诚意药业,2026-08-27,,,,,2026-06-30,,9900029864
603813,原尚股份,2026-08-27,,,,,2026-06-30,,9900031908
603815,交建股份,2026-08-29,,,,,2026-06-30,,9900037165
603816,顾家家居,2026-08-28,,,,,2026-06-30,,9900027317
603817,海峡环保,2026-08-28,,,,,2026-06-30,,9900030369
603818,曲美家居,2026-08-27,,,,,2026-06-30,,9900023523
603819,神力股份,2026-08-29,,,,,2026-06-30,,9900028909
603822,ST嘉澳,2026-08-08,,,,,2026-06-30,,9900023474
603823,百合花,2026-08-25,,,,,2026-06-30,,9900029800
603825,ST华扬,2026-08-25,,,,,2026-06-30,,9900024448
603826,坤彩科技,2026-08-26,,,,,2026-06-30,,9900030692
603828,*ST利达,2026-08-31,,,,,2026-06-30,,9900023713
603829,洛凯股份,2026-08-27,,,,,2026-06-30,,9900033203
603833,欧派家居,2026-08-29,,,,,2026-06-30,,9900029667
603836,海程邦达,2026-08-26,,,,,2026-06-30,,9900041685
603838,*ST四通,2026-08-28,,,,,2026-06-30,,9900024445
603839,安正时尚,2026-08-29,,,,,2026-06-30,,9900030003
603843,*ST正平,2026-08-29,,,,,2026-06-30,,9900027728
603848,好太太,2026-08-18,,,,,2026-06-30,,9900033913
603855,华荣股份,2026-08-27,,,,,2026-06-30,,9900030785
603856,东宏股份,2026-08-25,,,,,2026-06-30,,9900030896
603858,步长制药,2026-08-28,,,,,2026-06-30,,9900028961
603859,能科科技,2026-08-26,,,,,2026-06-30,,9900028822
603860,中公高科,2026-08-29,,,,,2026-06-30,,9900023798
603861,白云电器,2026-08-25,,,,,2026-06-30,,9900032270
603863,松炀资源,2026-08-29,,,,,2026-06-30,,gfbj0831543
603866,桃李面包,2026-08-25,,,,,2026-06-30,,9900024533
603867,新化股份,2026-08-21,,,,,2026-06-30,,gfbj0839128
603868,飞科电器,2026-08-27,,,,,2026-06-30,,9900026668
603869,ST智知,2026-08-22,,,,,2026-06-30,,9900023784
603871,嘉友国际,2026-08-26,,,,,2026-06-30,,9900034449
603876,鼎胜新材,2026-08-29,,,,,2026-06-30,,9900035545
603877,太平鸟,2026-08-21,,,,,2026-06-30,,9900029744
603878,武进不锈,2026-08-26,,,,,2026-06-30,,9900028821
603879,永悦科技,2026-08-28,,,,,2026-06-30,,9900030816
603880,南卫股份,2026-08-31,,,,,2026-06-30,,9900031500
603881,数据港,2026-08-22,,,,,2026-06-30,,9900029913
603882,金域医学,2026-08-26,,2026-08-25,,,2026-06-30,,9900035075
603883,老百姓,2026-08-28,,,,,2026-06-30,,9900023762
603885,吉祥航空,2026-08-31,,,,,2026-06-30,,9900023633
603886,元祖股份,2026-08-26,,,,,2026-06-30,,9900028959
603887,城地香江,2026-08-25,,,,,2026-06-30,,9900027318
603888,新华网,2026-08-26,,,,,2026-06-30,,9900024951
603889,新澳股份,2026-08-26,,,,,2026-06-30,,9900023162
603890,春秋电子,2026-08-26,,,,,2026-06-30,,9900034947
603893,瑞芯微,2026-08-18,,,,,2026-06-30,,9900033186
603895,天永智能,2026-08-27,,,,,2026-06-30,,9900033669
603896,寿仙谷,2026-08-26,,,,,2026-06-30,,9900030535
603897,长城科技,2026-08-12,,,,,2026-06-30,,9900034846
603898,好莱客,2026-08-27,,,,,2026-06-30,,9900023664
603899,晨光股份,2026-08-29,,,,,2026-06-30,,9900023662
603900,莱绅通灵,2026-08-27,,,,,2026-06-30,,9900028736
603901,永创智能,2026-08-28,,,,,2026-06-30,,9900023686
603903,中持股份,2026-08-29,,,,,2026-06-30,,9900030530
603906,龙蟠科技,2026-08-27,,,,,2026-06-30,,9900030660
603908,牧高笛,2026-08-27,,,,,2026-06-30,,9900030089
603909,建发合诚,2026-08-20,,,,,2026-06-30,,9900024646
603912,佳力图,2026-08-26,,,,,2026-06-30,,9900033668
603915,国茂股份,2026-08-28,,,,,2026-06-30,,9900035565
603916,苏博特,2026-08-20,,,,,2026-06-30,,9900031814
603917,合力科技,2026-08-27,,,,,2026-06-30,,9900024681
603918,金桥信息,2026-08-27,,,,,2026-06-30,,9900023739
603919,金徽酒,2026-08-20,,,,,2026-06-30,,9900026772
603920,世运电路,2026-08-14,,,,,2026-06-30,,9900030580
603922,ST金鸿顺,2026-08-25,,,,,2026-06-30,,9900032570
603926,铁流股份,2026-08-26,,,,,2026-06-30,,9900030777
603927,中科软,2026-08-26,,,,,2026-06-30,,gfbj0430002
603928,兴业股份,2026-08-26,,,,,2026-06-30,,9900023749
603929,亚翔集成,2026-08-25,,2026-07-31,,,2026-06-30,,9900024759
603931,格林达,2026-08-26,,,,,2026-06-30,,9900039864
603933,睿能科技,2026-08-20,,,,,2026-06-30,,9900031816
603936,博敏电子,2026-08-25,,,,,2026-06-30,,9900024943
603937,丽岛新材,2026-08-28,,,,,2026-06-30,,gfbj0832374
603938,三孚股份,2026-08-21,,,,,2026-06-30,,9900031499
603939,益丰药房,2026-08-28,,,,,2026-06-30,,9900023775
603948,建业股份,2026-08-27,,,,,2026-06-30,,9900037778
603949,雪龙集团,2026-08-31,,,,,2026-06-30,,9900034647
603950,长源东谷,2026-08-27,,,,,2026-06-30,,9900037311
603955,大千生态,2026-08-27,,,,,2026-06-30,,9900023665
603956,威派格,2026-08-15,,,,,2026-06-30,,gfbj0837354
603958,哈森股份,2026-08-29,,,,,2026-06-30,,9900023619
603959,ST百利,2026-08-31,,,,,2026-06-30,,9900024644
603960,克来机电,2026-08-27,,,,,2026-06-30,,9900030536
603966,法兰泰克,2026-08-29,,,,,2026-06-30,,9900029598
603967,中创物流,2026-08-28,,,,,2026-06-30,,9900033064
603968,醋化股份,2026-08-27,,,,,2026-06-30,,9900023704
603969,银龙股份,2026-08-20,,,,,2026-06-30,,9900023685
603970,中农立华,2026-08-27,,,,,2026-06-30,,9900031484
603976,正川股份,2026-08-29,,,,,2026-06-30,,9900032884
603977,国泰集团,2026-08-25,,,,,2026-06-30,,9900026669
603978,深圳新星,2026-08-27,,,,,2026-06-30,,9900031492
603979,金诚信,2026-08-26,,,,,2026-06-30,,9900024796
603980,吉华集团,2026-08-28,,,,,2026-06-30,,GD095172
603982,泉峰汽车,2026-08-28,,,,,2026-06-30,,9900036555
603983,丸美生物,2026-08-29,,,,,2026-06-30,,9900029039
603985,恒润股份,2026-08-31,,2026-08-25,,,2026-06-30,,9900023733
603986,兆易创新,2026-08-19,,,,,2026-06-30,,9900026561
603987,康德莱,2026-08-26,,,,,2026-06-30,,9900024932
603988,中电电机,2026-08-22,,,,,2026-06-30,,9900023768
603989,艾华集团,2026-08-29,,,,,2026-06-30,,9900023223
603990,麦迪科技,2026-08-27,,,,,2026-06-30,,9900029594
603991,领先股份,2026-08-27,,,,,2026-06-30,,9900030532
603992,松霖科技,2026-08-27,,,,,2026-06-30,,9900036921
603993,洛阳钼业,2026-08-20,,,,,2026-06-30,,gshk0003993
603995,甬金股份,2026-08-12,,,,,2026-06-30,,9900037183
603997,继峰股份,2026-08-15,,,,,2026-06-30,,9900023694
603998,方盛制药,2026-08-29,,,,,2026-06-30,,9900023772
603999,读者传媒,2026-08-27,,,,,2026-06-30,,9900026062
605001,威奥股份,2026-08-26,,,,,2026-06-30,,9900039785
605003,众望布艺,2026-08-19,,,,,2026-06-30,,9900039803
605005,合兴股份,2026-08-25,,,,,2026-06-30,,9900039817
605006,山东玻纤,2026-08-19,,,,,2026-06-30,,9900033212
605007,五洲特纸,2026-08-08,,,,,2026-06-30,,9900039805
605008,长鸿高科,2026-08-29,,,,,2026-06-30,,9900039739
605009,豪悦护理,2026-08-22,,,,,2026-06-30,,9900039806
605011,杭州热电,2026-08-22,,,,,2026-06-30,,9900039850
605016,百龙创园,2026-08-25,,,,,2026-06-30,,9900041707
605018,长华集团,2026-08-28,,,,,2026-06-30,,9900039843
605020,永和股份,2026-08-17,,,,,2026-06-30,,9900041940
605028,世茂能源,2026-08-29,,,,,2026-06-30,,9900041666
605033,美邦股份,2026-07-30,,,,,2026-06-30,,9900047435
605050,福然德,2026-08-28,,,,,2026-06-30,,9900039818
605055,迎丰股份,2026-08-26,,,,,2026-06-30,,9900039766
605056,咸亨国际,2026-08-25,,,,,2026-06-30,,9900041878
605058,澳弘电子,2026-08-28,,,,,2026-06-30,,9900039836
605060,联德股份,2026-08-21,,,,,2026-06-30,,9900039810
605066,天正电气,2026-08-22,,,,,2026-06-30,,9900039721
605068,明新旭腾,2026-08-27,,,,,2026-06-30,,9900039848
605069,正和生态,2026-08-31,,,,,2026-06-30,,9900027354
605077,华康股份,2026-08-21,,,,,2026-06-30,,9900039807
605080,浙江自然,2026-08-25,,,,,2026-06-30,,9900041946
605086,龙高股份,2026-08-21,,,,,2026-06-30,,9900041409
605088,冠盛股份,2026-08-25,,,,,2026-06-30,,gfbj0834175
605089,味知香,2026-08-27,,,,,2026-06-30,,9900043037
605090,九丰能源,2026-08-19,,,,,2026-06-30,,9900037724
605098,行动教育,2026-08-12,,,,,2026-06-30,,gfbj0831891
605099,共创草坪,2026-08-25,,,,,2026-06-30,,9900039858
605100,华丰股份,2026-08-31,,,,,2026-06-30,,gfbj0837398
605108,同庆楼,2026-08-29,,,,,2026-06-30,,9900033223
605111,新洁能,2026-08-25,,,,,2026-06-30,,gfbj0838147
605116,奥锐特,2026-08-29,,,,,2026-06-30,,9900039801
605117,德业股份,2026-08-20,,,,,2026-06-30,,9900039788
605118,力鼎光电,2026-08-27,,,,,2026-06-30,,9900039790
605122,四方新材,2026-08-29,,,,,2026-06-30,,9900039751
605123,派克新材,2026-08-31,,,,,2026-06-30,,9900039842
605128,上海沿浦,2026-08-18,,,,,2026-06-30,,9900037900
605133,嵘泰股份,2026-08-29,,,,,2026-06-30,,9900039741
605136,丽人丽妆,2026-08-14,,,,,2026-06-30,,9900033670
605138,盛泰集团,2026-08-25,,,,,2026-06-30,,9900041910
605151,西上海,2026-08-27,,,,,2026-06-30,,9900032989
605155,西大门,2026-08-28,,,,,2026-06-30,,9900039759
605158,华达新材,2026-08-28,,,,,2026-06-30,,9900034523
605162,新中港,2026-08-25,,,,,2026-06-30,,9900039948
605166,聚合顺,2026-08-14,,,,,2026-06-30,,gfbj0870755
605167,利柏特,2026-08-26,,,,,2026-06-30,,nssc1000345
605168,三人行,2026-08-31,,,,,2026-06-30,,gfbj0832288
605169,洪通燃气,2026-08-26,,,,,2026-06-30,,9900039840
605177,东亚药业,2026-08-31,,,,,2026-06-30,,9900039857
605178,时空科技,2026-08-31,,,,,2026-06-30,,9900035580
605179,一鸣食品,2026-08-25,,,,,2026-06-30,,9900039760
605180,华生科技,2026-08-28,,,,,2026-06-30,,9900039860
605183,确成股份,2026-08-26,,,,,2026-06-30,,gfbj0833656
605186,健麾信息,2026-08-28,,,,,2026-06-30,,9900039753
605188,国光连锁,2026-08-25,,,,,2026-06-30,,9900039746
605189,富春染织,2026-08-28,,,,,2026-06-30,,gfbj0870898
605196,华通线缆,2026-08-26,,,,,2026-06-30,,gfbj0837020
605198,安德利,2026-08-25,,,,,2026-06-30,,gshk0008259
605199,ST葫芦娃,2026-08-27,,,,,2026-06-30,,9900039731
605208,永茂泰,2026-08-21,,,,,2026-06-30,,9900039946
605218,伟时电子,2026-08-28,,,,,2026-06-30,,9900039725
605222,起帆电缆,2026-08-25,,,,,2026-06-30,,9900039833
605228,神通科技,2026-07-23,,,,,2026-06-30,,9900039800
605255,天普股份,2026-08-29,,,,,2026-06-30,,9900039799
605258,协和电子,2026-08-22,,,,,2026-06-30,,gfbj0870554
605259,绿田机械,2026-08-21,,,,,2026-06-30,,9900041944
605266,健之佳,2026-08-27,,,,,2026-06-30,,9900035301
605268,王力安防,2026-08-31,,,,,2026-06-30,,9900039804
605277,新亚电子,2026-08-26,,,,,2026-06-30,,9900039816
605286,同力天启,2026-08-26,,,,,2026-06-30,,9900040546
605287,德才股份,2026-08-29,,,,,2026-06-30,,9900041678
605288,凯迪股份,2026-08-25,,,,,2026-06-30,,9900038386
605289,罗曼股份,2026-08-27,,,,,2026-06-30,,gfbj0430662
605296,神农集团,2026-08-25,,,,,2026-06-30,,9900033227
605298,必得科技,2026-08-27,,,,,2026-06-30,,gfbj0833643
605299,舒华体育,2026-08-18,,,,,2026-06-30,,gfbj0839064
605300,佳禾食品,2026-08-27,,,,,2026-06-30,,9900041607
605303,园林股份,2026-08-31,,,,,2026-06-30,,9900031489
605305,中际联合,2026-08-26,,,,,2026-06-30,,gfbj0831344
605318,法狮龙,2026-08-25,,,,,2026-06-30,,9900039809
605319,无锡振华,2026-08-21,,,,,2026-06-30,,9900039945
605333,沪光股份,2026-08-26,,,,,2026-06-30,,9900038389
605336,*ST帅电,2026-08-31,,,,,2026-06-30,,9900039798
605337,李子园,2026-08-21,,,,,2026-06-30,,9900039750
605338,巴比食品,2026-08-21,,,,,2026-06-30,,9900039853
605339,南侨食品,2026-08-13,,,,,2026-06-30,,9900037308
605358,立昂微,2026-08-25,,2026-08-08,,,2026-06-30,,9900038308
605365,立达信,2026-08-22,,,,,2026-06-30,,nssc1000221
605366,宏柏新材,2026-08-31,,,,,2026-06-30,,9900039786
605368,蓝天燃气,2026-08-31,,,,,2026-06-30,,9900023971
605369,拱东医疗,2026-08-25,,,,,2026-06-30,,9900039863
605376,博迁新材,2026-08-29,,,,,2026-06-30,,gfbj0871363
605377,华旺科技,2026-08-27,,,,,2026-06-30,,gfbj0832514
605378,野马电池,2026-08-27,,,,,2026-06-30,,9900039787
605388,均瑶健康,2026-08-27,,,,,2026-06-30,,9900039814
605389,长龄液压,2026-08-26,,,,,2026-06-30,,9900039835
605398,新炬网络,2026-08-31,,,,,2026-06-30,,9900039824
605399,晨光新材,2026-08-27,,,,,2026-06-30,,9900039742
605488,福莱新材,2026-08-26,,,,,2026-06-30,,nssc1000227
605499,东鹏饮料,2026-07-31,,,,,2026-06-30,,9900041766
605500,森林包装,2026-08-25,,,,,2026-06-30,,9900039734
605507,国邦医药,2026-08-01,,,,,2026-06-30,,nssc1000172
605555,德昌股份,2026-08-22,,,,,2026-06-30,,nssc1000733
605566,福莱蒽特,2026-08-29,,,,,2026-06-30,,nssc1000534
605567,春雪食品,2026-08-27,,,,,2026-06-30,,nssc1000786
605577,龙版传媒,2026-08-26,,,,,2026-06-30,,nssc1000394
605580,恒盛能源,2026-08-27,,,,,2026-06-30,,gfbj0872062
605588,冠石科技,2026-08-31,,,,,2026-06-30,,nssc1000573
605589,圣泉集团,2026-08-15,,,,,2026-06-30,,9900028008
605598,上海港湾,2026-08-29,,,,,2026-06-30,,nssc1000167
605599,菜百股份,2026-08-26,,,,,2026-06-30,,nssc1000538
688001,华兴源创,2026-08-29,,,,,2026-06-30,,9900038969
688002,睿创微纳,2026-08-18,,,,,2026-06-30,,9900038939
688003,天准科技,2026-08-26,,,,,2026-06-30,,gfbj0833231
688004,博汇科技,2026-08-24,,,,,2026-06-30,,gfbj0871038
688005,容百科技,2026-08-01,,2026-08-25,,,2026-06-30,,9900038937
688006,杭可科技,2026-08-27,,,,,2026-06-30,,9900037551
688007,光峰科技,2026-08-22,,,,,2026-06-30,,9900038970
688008,澜起科技,2026-08-29,,,,,2026-06-30,,9900039002
688009,中国通号,2026-08-25,,,,,2026-06-30,,9900030958
688010,福光股份,2026-08-29,,,,,2026-06-30,,9900038992
688011,新光光电,2026-08-26,,,,,2026-06-30,,9900038995
688012,中微公司,2026-08-20,,,,,2026-06-30,,9900038991
688013,天臣医疗,2026-08-27,,,,,2026-06-30,,nssc1000493
688015,交控科技,2026-08-29,,,,,2026-06-30,,9900038993
688016,心脉医疗,2026-08-27,,,,,2026-06-30,,9900039142
688017,绿的谐波,2026-08-27,,,,,2026-06-30,,9900041602
688018,乐鑫科技,2026-07-31,,,,,2026-06-30,,9900039017
688019,安集科技,2026-08-27,,,,,2026-06-30,,9900038987
688020,方邦股份,2026-08-31,,2026-08-28,,,2026-06-30,,9900033190
688021,奥福科技,2026-08-22,,,,,2026-06-30,,9900039287
688022,ST瀚川,2026-08-21,,,,,2026-06-30,,9900039049
688023,安恒信息,2026-08-26,,,,,2026-06-30,,9900039124
688025,杰普特,2026-08-26,,,,,2026-06-30,,gfbj0870105
688026,洁特生物,2026-08-27,,,,,2026-06-30,,gfbj0834589
688027,国盾量子,2026-08-21,,,,,2026-06-30,,9900038967
688028,沃尔德,2026-08-28,,,,,2026-06-30,,9900039154
688029,南微医学,2026-08-27,,,,,2026-06-30,,gfbj0834229
688030,山石网科,2026-08-28,,,,,2026-06-30,,9900039126
688031,星环科技,2026-08-27,,,,,2026-06-30,,9900048105
688032,禾迈股份,2026-08-29,,,,,2026-06-30,,9900046513
688033,*ST天宜,2026-08-29,,,,,2026-06-30,,9900039155
688035,德邦科技,2026-08-11,,,,,2026-06-30,,9900047879
688036,传音控股,2026-08-18,,,,,2026-06-30,,9900038988
688037,芯源微,2026-08-26,,,,,2026-06-30,,9900039964
688038,中科通达,2026-08-27,,,,,2026-06-30,,9900024458
688039,当虹科技,2026-08-26,,,,,2026-06-30,,9900038989
688041,海光信息,2026-08-20,,,,,2026-06-30,,9900048365
688045,必易微,2026-08-22,,,,,2026-06-30,,9900047235
688046,药康生物,2026-08-20,,,,,2026-06-30,,9900051414
688047,龙芯中科,2026-08-29,,,,,2026-06-30,,9900048052
688048,长光华芯,2026-08-31,,,,,2026-06-30,,9900048112
688049,炬芯科技,2026-08-25,,,,,2026-06-30,,9900046620
688050,爱博医疗,2026-08-26,,,,,2026-06-30,,9900042736
688051,佳华科技,2026-08-29,,,,,2026-06-30,,9900039347
688052,纳芯微,2026-08-28,,,,,2026-06-30,,gfbj0838551
688053,ST思科瑞,2026-08-27,,,,,2026-06-30,,9900046510
688055,龙腾光电,2026-08-26,,,,,2026-06-30,,fzqy1056458
688056,莱伯泰科,2026-08-28,,,,,2026-06-30,,9900031826
688057,金达莱,2026-08-29,,,,,2026-06-30,,gfbj0830777
688058,宝兰德,2026-08-28,,,,,2026-06-30,,9900032882
688059,华锐精密,2026-08-15,,,,,2026-06-30,,9900041578
688060,云涌科技,2026-08-28,,,,,2026-06-30,,9900033204
688061,灿瑞科技,2026-08-26,,,,,2026-06-30,,nssc1000405
688062,迈威生物,2026-08-31,,,,,2026-06-30,,nssc1000843
688063,派能科技,2026-08-22,,,,,2026-06-30,,fzqy1027385
688065,凯赛生物,2026-08-20,,,,,2026-06-30,,9900042737
688066,*ST航图,2026-08-27,,,,,2026-06-30,,fzqy1026111
688067,爱威科技,2026-08-28,,,,,2026-06-30,,gfbj0831895
688068,热景生物,2026-08-27,,,,,2026-06-30,,9900039048
688069,德林海,2026-08-26,,,,,2026-06-30,,9900039471
688070,纵横股份,2026-08-27,,,,,2026-06-30,,9900041841
688071,华依科技,2026-08-29,,,,,2026-06-30,,nssc1000336
688072,拓荆科技,2026-08-29,,2026-08-21,,,2026-06-30,,9900048695
688073,毕得医药,2026-08-28,,,,,2026-06-30,,9900048184
688075,安旭生物,2026-08-28,,,,,2026-06-30,,nssc1000391
688076,ST诺泰,2026-08-26,,,,,2026-06-30,,gfbj0835572
688077,大地熊,2026-08-18,,,,,2026-06-30,,9900035313
688078,龙软科技,2026-07-23,,,,,2026-06-30,,9900024805
688079,美迪凯,2026-08-25,,,,,2026-06-30,,nssc1000423
688080,映翰通,2026-08-26,,,,,2026-06-30,,gfbj0430642
688081,兴图新科,2026-08-29,,,,,2026-06-30,,9900039664
688082,盛美上海,2026-08-08,,,,,2026-06-30,,nssc1000455
688083,中望软件,2026-08-15,,,,,2026-06-30,,gfbj0871544
688084,晶品特装,2026-08-25,,,,,2026-06-30,,9900047316
688085,三友医疗,2026-08-25,,,,,2026-06-30,,9900039654
688087,英科再生,2026-08-26,,,,,2026-06-30,,9900023481
688088,虹软科技,2026-08-25,,,,,2026-06-30,,9900038968
688089,嘉必优,2026-08-22,,,,,2026-06-30,,9900033197
688090,瑞松科技,2026-08-28,,,,,2026-06-30,,9900039482
688091,上海谊众,2026-08-26,,,,,2026-06-30,,nssc1000714
688092,爱科科技,2026-08-29,,,,,2026-06-30,,9900041941
688093,世华科技,2026-08-25,,,,,2026-06-30,,nssc1000353
688095,福昕软件,2026-08-28,,,,,2026-06-30,,gfbj0832422
688096,京源环保,2026-08-29,,,,,2026-06-30,,gfbj0831540
688097,博众精工,2026-08-25,,,,,2026-06-30,,9900039003
688098,申联生物,2026-08-31,,,,,2026-06-30,,9900034444
688099,晶晨股份,2026-08-20,,,,,2026-06-30,,9900038936
688100,威胜信息,2026-08-17,,,,,2026-06-30,,9900039047
688101,三达膜,2026-08-21,,,,,2026-06-30,,9900026794
688102,斯瑞新材,2026-08-26,,,,,2026-06-30,,9900041727
688103,国力电子,2026-08-27,,,,,2026-06-30,,9900035534
688105,诺唯赞,2026-08-29,,,,,2026-06-30,,9900046657
688106,金宏气体,2026-08-26,,,,,2026-06-30,,9900023702
688107,安路科技,2026-08-29,,,,,2026-06-30,,9900048391
688108,赛诺医疗,2026-08-27,,,,,2026-06-30,,9900038990
688109,品茗科技,2026-08-21,,,,,2026-06-30,,gfbj0836188
688110,东芯股份,2026-08-22,,,,,2026-06-30,,nssc1000767
688111,金山办公,2026-08-20,,,,,2026-06-30,,9900035303
688112,鼎阳科技,2026-08-18,,,,,2026-06-30,,nssc1000555
688113,联测科技,2026-08-28,,,,,2026-06-30,,nssc1000186
688114,华大智造,2026-08-22,,,,,2026-06-30,,9900046518
688115,思林杰,2026-08-28,,,,,2026-06-30,,9900047403
688116,天奈科技,2026-08-25,,,,,2026-06-30,,9900038935
688117,圣诺生物,2026-08-20,,,,,2026-06-30,,9900041828
688118,普元信息,2026-08-20,,,,,2026-06-30,,9900023069
688119,中钢洛耐,2026-08-27,,,,,2026-06-30,,9900046765
688120,华海清科,2026-08-29,,,,,2026-06-30,,9900044315
688121,*ST卓然,2026-08-31,,,,,2026-06-30,,9900041733
688122,西部超导,2026-08-27,,,,,2026-06-30,,9900026771
688123,聚辰股份,2026-08-15,,,,,2026-06-30,,9900039009
688125,安达智能,2026-08-28,,,,,2026-06-30,,9900047318
688126,沪硅产业,2026-08-20,,,,,2026-06-30,,9900039304
688127,蓝特光学,2026-08-21,,,,,2026-06-30,,gfbj0836383
688128,中国电研,2026-08-25,,,,,2026-06-30,,GD087820
688129,东来技术,2026-08-29,,,,,2026-06-30,,nssc1000433
688130,晶华微,2026-08-08,,,,,2026-06-30,,9900048061
688131,皓元医药,2026-08-27,,,,,2026-06-30,,gfbj0837278
688132,邦彦技术,2026-08-29,,,,,2026-06-30,,9900041778
688133,泰坦科技,2026-08-29,,,,,2026-06-30,,gfbj0835124
688135,利扬芯片,2026-08-28,,,,,2026-06-30,,gfbj0833474
688136,科兴制药,2026-08-22,,,,,2026-06-30,,nssc1000087
688137,近岸蛋白,2026-08-28,,,,,2026-06-30,,9900052713
688138,清溢光电,2026-08-26,,,,,2026-06-30,,9900031655
688139,海尔生物,2026-08-26,,2026-08-20,,,2026-06-30,,9900039010
688141,杰华特,2026-08-27,,,,,2026-06-30,,9900052528
688143,长盈通,2026-08-25,,,,,2026-06-30,,9900052407
688146,中船特气,2026-07-18,,,,,2026-06-30,,9900056077
688147,微导纳米,2026-08-29,,,,,2026-06-30,,nssc1000585
688148,芳源股份,2026-08-11,,,,,2026-06-30,,gfbj0839247
688150,莱特光电,2026-08-25,,,,,2026-06-30,,gfbj0835249
688151,华强科技,2026-08-21,,,,,2026-06-30,,9900047919
688152,麒麟信安,2026-08-27,,,,,2026-06-30,,9900048785
688153,唯捷创芯,2026-08-25,,,,,2026-06-30,,gfbj0834550
688155,先惠技术,2026-08-27,,,,,2026-06-30,,9900042938
688156,路德科技,2026-08-14,,,,,2026-06-30,,gfbj0833601
688157,松井股份,2026-08-29,,,,,2026-06-30,,9900041580
688158,优刻得,2026-08-22,,,,,2026-06-30,,9900039004
688159,有方科技,2026-08-29,,,,,2026-06-30,,gfbj0835770
688160,步科股份,2026-08-26,,,,,2026-06-30,,9900032778
688161,威高骨科,2026-08-26,,,,,2026-06-30,,nssc1000274
688162,巨一科技,2026-08-25,,,,,2026-06-30,,9900047935
688163,赛伦生物,2026-08-22,,,,,2026-06-30,,gfbj0835716
688165,埃夫特,2026-08-27,,,,,2026-06-30,,9900039655
688166,博瑞医药,2026-08-31,,,,,2026-06-30,,9900039105
688167,炬光科技,2026-08-08,,,,,2026-06-30,,gfbj0835243
688168,安博通,2026-08-26,,,,,2026-06-30,,gfbj0839570
688169,石头科技,2026-08-31,,,,,2026-06-30,,9900039123
688170,德龙激光,2026-08-31,,,,,2026-06-30,,9900031473
688171,纬德信息,2026-08-31,,,,,2026-06-30,,nssc1000503
688172,燕东微,2026-08-25,,,,,2026-06-30,,9900053758
688173,希荻微,2026-08-29,,,,,2026-06-30,,9900048175
688175,高凌信息,2026-08-26,,,,,2026-06-30,,9900046848
688176,亚虹医药,2026-08-29,,,,,2026-06-30,,9900048081
688177,百奥泰,2026-08-26,,,,,2026-06-30,,9900039904
688178,万德斯,2026-08-31,,,,,2026-06-30,,9900039218
688179,阿拉丁,2026-08-20,,,,,2026-06-30,,gfbj0830793
688180,君实生物,2026-08-27,,,,,2026-06-30,,gfbj0833330
688181,八亿时空,2026-08-15,,,,,2026-06-30,,gfbj0430581
688182,灿勤科技,2026-08-18,,,,,2026-06-30,,nssc1000567
688183,生益电子,2026-08-15,,,,,2026-06-30,,nssc1000615
688184,ST帕瓦,2026-08-29,,,,,2026-06-30,,9900041894
688185,康希诺,2026-08-29,,,,,2026-06-30,,9900038913
688186,广大特材,2026-08-25,,,,,2026-06-30,,9900039136
688187,时代电气,2026-08-20,,,,,2026-06-30,,gshk0003898
688188,柏楚电子,2026-08-18,,,,,2026-06-30,,9900039134
688189,ST南新,2026-08-31,,,,,2026-06-30,,9900039656
688190,云路股份,2026-08-29,,,,,2026-06-30,,9900041682
688191,智洋创新,2026-08-28,,,,,2026-06-30,,gfbj0831681
688192,迪哲医药,2026-08-21,,,,,2026-06-30,,9900046766
688193,仁度生物,2026-08-29,,,,,2026-06-30,,9900047411
688195,腾景科技,2026-08-29,,,,,2026-06-30,,nssc1000637
688196,卓越新能,2026-08-26,,,,,2026-06-30,,9900029007
688197,首药控股,2026-08-29,,,,,2026-06-30,,9900047638
688198,佰仁医疗,2026-08-27,,,,,2026-06-30,,9900039164
688199,久日新材,2026-08-26,,,,,2026-06-30,,9900024207
688200,华峰测控,2026-08-31,,,,,2026-06-30,,9900040164
688201,ST信安,2026-08-27,,,,,2026-06-30,,9900041393
688202,美迪西,2026-08-25,,,,,2026-06-30,,9900035560
688203,海正生材,2026-08-25,,,,,2026-06-30,,9900048188
688205,德科立,2026-08-31,,,,,2026-06-30,,9900051420
688206,概伦电子,2026-08-27,,,,,2026-06-30,,9900048370
688207,格灵深瞳,2026-08-22,,,,,2026-06-30,,9900047656
688208,道通科技,2026-08-25,,,,,2026-06-30,,9900031482
688209,英集芯,2026-08-28,,,,,2026-06-30,,9900048776
688210,统联精密,2026-08-28,,,,,2026-06-30,,9900046542
688211,中科微至,2026-08-31,,,,,2026-06-30,,nssc1000716
688212,澳华内镜,2026-08-20,,,,,2026-06-30,,9900047918
688213,思特威,2026-08-22,,,,,2026-06-30,,9900048605
688215,瑞晟智能,2026-08-25,,,,,2026-06-30,,gfbj0832884
688216,气派科技,2026-08-05,,,,,2026-06-30,,9900029867
688217,睿昂基因,2026-08-28,,,,,2026-06-30,,9900041746
688218,江苏北人,2026-08-29,,,,,2026-06-30,,gfbj0836084
688219,会通股份,2026-08-22,,,,,2026-06-30,,9900041353
688220,翱捷科技,2026-08-29,,,,,2026-06-30,,9900046396
688221,前沿生物,2026-08-31,,,,,2026-06-30,,fzqy1026860
688222,成都先导,2026-08-27,,,,,2026-06-30,,9900039916
688223,晶科能源,2026-08-27,,,,,2026-06-30,,9900017709
688225,亚信安全,2026-08-25,,,,,2026-06-30,,9900047311
688226,威腾电气,2026-08-28,,,,,2026-06-30,,gfbj0836970
688227,品高股份,2026-08-15,,,,,2026-06-30,,9900044736
688228,开普云,2026-08-29,,,,,2026-06-30,,gfbj0870863
688229,博睿数据,2026-08-29,,,,,2026-06-30,,9900034679
688230,芯导科技,2026-08-28,,,,,2026-06-30,,nssc1000829
688231,隆达股份,2026-08-26,,,,,2026-06-30,,9900048065
688232,新点软件,2026-08-27,,,,,2026-06-30,,nssc1000623
688233,神工股份,2026-08-27,,,,,2026-06-30,,9900039220
688234,天岳先进,2026-08-20,,,,,2026-06-30,,9900047650
688235,百济神州,2026-08-27,,,,,2026-06-30,,9900037454
688236,春立医疗,2026-08-29,,,,,2026-06-30,,9900024363
688237,超卓航科,2026-08-28,,,,,2026-06-30,,gfbj0839971
688238,和元生物,2026-08-25,,,,,2026-06-30,,gfbj0839702
688239,航宇科技,2026-08-25,,,,,2026-06-30,,gfbj0834635
688244,永信至诚,2026-08-29,,,,,2026-06-30,,9900032737
688246,嘉和美康,2026-08-29,,,,,2026-06-30,,nssc1000020
688247,宣泰医药,2026-08-28,,,,,2026-06-30,,9900046770
688248,南网科技,2026-08-29,,,,,2026-06-30,,9900048083
688249,晶合集成,2026-08-25,,,,,2026-06-30,,9900048182
688251,井松智能,2026-08-26,,,,,2026-06-30,,9900052695
688252,天德钰,2026-08-12,,,,,2026-06-30,,9900049001
688253,英诺特,2026-08-27,,,,,2026-06-30,,9900048398
688255,凯尔达,2026-08-28,,,,,2026-06-30,,gfbj0835780
688256,寒武纪,2026-08-08,,,,,2026-06-30,,nssc1000595
688257,新锐股份,2026-08-26,,,,,2026-06-30,,gfbj0834859
688258,卓易信息,2026-08-27,,,,,2026-06-30,,9900039137
688259,创耀科技,2026-08-25,,,,,2026-06-30,,9900046651
688260,昀冢科技,2026-07-31,,,,,2026-06-30,,nssc1000568
688261,东微半导,2026-08-20,,,,,2026-06-30,,9900048069
688262,国芯科技,2026-08-28,,,,,2026-06-30,,9900041592
688265,南模生物,2026-08-29,,,,,2026-06-30,,gfbj0839728
688266,泽璟制药,2026-08-01,,,,,2026-06-30,,9900039488
688267,中触媒,2026-08-20,,,,,2026-06-30,,gfbj0836546
688268,华特气体,2026-08-26,,,,,2026-06-30,,gfbj0870865
688269,凯立新材,2026-08-27,,,,,2026-06-30,,gfbj0834893
688270,ST臻镭,2026-08-27,,,,,2026-06-30,,9900052539
688271,联影医疗,2026-08-20,,,,,2026-06-30,,9900048090
688272,富吉瑞,2026-08-27,,,,,2026-06-30,,9900046529
688273,麦澜德,2026-08-29,,,,,2026-06-30,,9900047239
688275,万润新能,2026-08-29,,,,,2026-06-30,,9900052406
688276,百克生物,2026-08-21,,,,,2026-06-30,,nssc1000784
688277,天智航,2026-08-26,,,,,2026-06-30,,gfbj0834360
688278,特宝生物,2026-08-19,,,,,2026-06-30,,9900038966
688279,峰岹科技,2026-08-28,,,,,2026-06-30,,9900046501
688280,精进电动,2026-08-28,,,,,2026-06-30,,nssc1000348
688281,华秦科技,2026-08-20,,,,,2026-06-30,,9900051575
688282,理工导航,2026-08-28,,,,,2026-06-30,,nssc1000849
688283,坤恒顺维,2026-08-29,,,,,2026-06-30,,gfbj0838580
688285,高铁电气,2026-08-27,,,,,2026-06-30,,gfbj0873023
688286,敏芯股份,2026-08-15,,,,,2026-06-30,,gfbj0836736
688288,鸿泉技术,2026-08-28,,,,,2026-06-30,,9900038986
688289,圣湘生物,2026-08-27,,,,,2026-06-30,,nssc1000305
688290,景业智能,2026-08-20,,,,,2026-06-30,,9900048388
688291,金橙子,2026-08-27,,,,,2026-06-30,,gfbj0839562
688292,浩瀚深度,2026-08-26,,,,,2026-06-30,,gfbj0833175
688293,奥浦迈,2026-08-31,,,,,2026-06-30,,9900048799
688295,中复神鹰,2026-08-27,,,,,2026-06-30,,9900051393
688296,和达科技,2026-08-28,,,,,2026-06-30,,gfbj0831762
688297,中无人机,2026-08-19,,,,,2026-06-30,,9900048646
688298,东方生物,2026-08-29,,,,,2026-06-30,,9900039348
688299,长阳科技,2026-08-27,,,,,2026-06-30,,gfbj0839162
688300,联瑞新材,2026-08-15,,,,,2026-06-30,,gfbj0831647
688301,奕瑞科技,2026-08-14,,,,,2026-06-30,,9900037040
688302,海创药业,2026-08-27,,,,,2026-06-30,,9900047618
688303,大全能源,2026-08-21,,,,,2026-06-30,,gfbj0837316
688305,科德数控,2026-08-28,,,,,2026-06-30,,nssc1000529
688306,均普智能,2026-08-27,,,,,2026-06-30,,nssc1000543
688307,中润光学,2026-08-28,,,,,2026-06-30,,9900048080
688308,欧科亿,2026-08-26,,,,,2026-06-30,,9900041574
688309,恒誉环保,2026-08-11,,,,,2026-06-30,,gfbj0837414
688310,迈得医疗,2026-08-26,,,,,2026-06-30,,gfbj0833990
688311,盟升电子,2026-08-26,,,,,2026-06-30,,9900041819
688312,燕麦科技,2026-08-27,,,,,2026-06-30,,9900041798
688313,仕佳光子,2026-08-01,,,,,2026-06-30,,9900041526
688314,康拓医疗,2026-08-28,,,,,2026-06-30,,9900044536
688315,诺禾致源,2026-08-14,,,,,2026-06-30,,9900038309
688316,青云科技,2026-08-28,,,,,2026-06-30,,nssc1000259
688317,之江生物,2026-08-28,,,,,2026-06-30,,gfbj0834839
688318,财富趋势,2026-08-28,,,,,2026-06-30,,9900022732
688319,欧林生物,2026-08-27,,,,,2026-06-30,,gfbj0833577
688320,禾川科技,2026-08-28,,,,,2026-06-30,,9900041893
688321,微芯生物,2026-08-20,,,,,2026-06-30,,9900038965
688322,奥比中光,2026-08-22,,,,,2026-06-30,,9900048777
688323,瑞华泰,2026-08-22,,,,,2026-06-30,,9900041792
688325,赛微微电,2026-08-31,,,,,2026-06-30,,9900048060
688326,经纬恒润,2026-08-26,,,,,2026-06-30,,9900048779
688327,云从科技,2026-08-22,,,,,2026-06-30,,9900046632
688328,深科达,2026-08-18,,,,,2026-06-30,,gfbj0831314
688329,艾隆科技,2026-08-25,,,,,2026-06-30,,9900039722
688330,宏力达,2026-08-29,,,,,2026-06-30,,9900041745
688331,荣昌生物,2026-08-25,,,,,2026-06-30,,9900047137
688332,中科蓝讯,2026-08-19,,,,,2026-06-30,,9900051695
688333,铂力特,2026-08-25,,,,,2026-06-30,,9900039046
688334,西高院,2026-08-20,,,,,2026-06-30,,9900056273
688335,复洁科技,2026-08-29,,,,,2026-06-30,,gfbj0836304
688336,三生国健,2026-08-21,,,,,2026-06-30,,9900041739
688337,普源精电,2026-08-26,,,,,2026-06-30,,9900046628
688338,赛科希德,2026-08-22,,,,,2026-06-30,,9900041384
688339,亿华通,2026-08-31,,,,,2026-06-30,,gfbj0834613
688343,云天励飞,2026-08-27,,,,,2026-06-30,,9900047695
688345,博力威,2026-08-08,,,,,2026-06-30,,nssc1000127
688347,华虹宏力,2026-08-27,,,,,2026-06-30,,9900029531
688348,昱能科技,2026-08-31,,,,,2026-06-30,,9900052521
688349,三一重能,2026-08-31,,,,,2026-06-30,,9900047297
688350,富淼科技,2026-08-27,,,,,2026-06-30,,9900035517
688351,微电生理,2026-08-28,,,,,2026-06-30,,gfbj0871960
688352,颀中科技,2026-08-15,,,,,2026-06-30,,9900055631
688353,华盛锂电,2026-08-20,,,,,2026-06-30,,9900047233
688355,明志科技,2026-08-29,,,,,2026-06-30,,9900044737
688356,键凯科技,2026-08-26,,,,,2026-06-30,,9900042296
688357,建龙微纳,2026-08-25,,,,,2026-06-30,,gfbj0833540
688358,祥生医疗,2026-08-28,,,,,2026-06-30,,9900039303
688359,三孚新科,2026-08-26,,,,,2026-06-30,,gfbj0836367
688360,德马科技,2026-08-25,,,,,2026-06-30,,gfbj0830805
688361,中科飞测,2026-08-26,,,,,2026-06-30,,9900048792
688362,甬矽电子,2026-08-26,,,,,2026-06-30,,9900047769
688363,华熙生物,2026-08-28,,,,,2026-06-30,,9900039135
688365,光云科技,2026-08-22,,,,,2026-06-30,,9900039491
688366,昊海生科,2026-08-22,,,,,2026-06-30,,9900023042
688367,工大高科,2026-08-28,,,,,2026-06-30,,gfbj0834182
688368,晶丰明源,2026-08-31,,,,,2026-06-30,,9900036061
688369,致远互联,2026-08-26,,,,,2026-06-30,,9900039219
688370,丛麟科技,2026-08-22,,,,,2026-06-30,,9900048185
688371,菲沃泰,2026-08-29,,,,,2026-06-30,,9900048903
688372,伟测科技,2026-08-29,,,,,2026-06-30,,9900048401
688373,盟科药业,2026-08-26,,,,,2026-06-30,,9900048168
688375,国博电子,2026-08-20,,,,,2026-06-30,,9900048583
688376,美埃科技,2026-08-29,,,,,2026-06-30,,nssc1000717
688377,迪威尔,2026-08-22,,,,,2026-06-30,,9900029817
688378,奥来德,2026-08-20,,,,,2026-06-30,,gfbj0871531
688379,华光新材,2026-08-27,,,,,2026-06-30,,9900023922
688380,中微半导,2026-08-17,,,,,2026-06-30,,9900047331
688381,帝奥微,2026-08-31,,2026-08-22,,,2026-06-30,,9900051388
688382,益方生物,2026-08-21,,,,,2026-06-30,,9900047884
688383,新益昌,2026-08-21,,,,,2026-06-30,,nssc1000129
688385,复旦微电,2026-08-18,,,,,2026-06-30,,gshk0008102
688386,泛亚微透,2026-08-29,,,,,2026-06-30,,9900041594
688387,信科移动,2026-08-27,,,,,2026-06-30,,9900052408
688388,嘉元科技,2026-08-25,,,,,2026-06-30,,gfbj0833790
688389,普门科技,2026-08-22,,,,,2026-06-30,,9900039187
688390,固德威,2026-08-28,,,,,2026-06-30,,gfbj0835209
688391,钜泉科技,2026-08-29,,,,,2026-06-30,,9900023098
688392,骄成超声,2026-08-29,,,,,2026-06-30,,9900053044
688393,安必平,2026-08-28,,,,,2026-06-30,,9900030277
688395,正弦电气,2026-08-22,,,,,2026-06-30,,gfbj0834933
688396,华润微,2026-08-25,,,,,2026-06-30,,gshk0000597
688398,赛特新材,2026-08-22,,,,,2026-06-30,,9900030638
688399,硕世生物,2026-08-28,,,,,2026-06-30,,9900039223
688400,凌云光,2026-08-28,,,,,2026-06-30,,9900048361
688401,路维光电,2026-08-26,,,,,2026-06-30,,gfbj0833550
688403,汇成股份,2026-08-13,,,,,2026-06-30,,9900052003
688408,中信博,2026-08-31,,,,,2026-06-30,,9900039737
688409,富创精密,2026-08-31,,,,,2026-06-30,,9900048393
688410,山外山,2026-08-28,,,,,2026-06-30,,gfbj0838057
688411,海博思创,2026-08-28,,,,,2026-06-30,,9900059116
688416,恒烁股份,2026-08-26,,,,,2026-06-30,,9900052004
688418,震有科技,2026-08-25,,,,,2026-06-30,,9900035556
688419,耐科装备,2026-08-22,,,,,2026-06-30,,9900048179
688420,美腾科技,2026-08-27,,,,,2026-06-30,,nssc1000863
688425,铁建重工,2026-08-20,,,,,2026-06-30,,nssc1000602
688426,康为世纪,2026-08-28,,,,,2026-06-30,,9900048405
688428,诺诚健华,2026-08-25,,,,,2026-06-30,,9900043455
688429,时创能源,2026-08-28,,,,,2026-06-30,,9900056080
688432,有研硅,2026-08-14,,,,,2026-06-30,,9900053027
688433,华曙高科,2026-08-05,,,,,2026-06-30,,9900056217
688435,英方软件,2026-08-25,,,,,2026-06-30,,gfbj0837417
688439,振华风光,2026-08-27,,,,,2026-06-30,,9900053041
688443,智翔金泰,2026-08-31,,,,,2026-06-30,,9900056031
688448,磁谷科技,2026-08-18,,,,,2026-06-30,,9900046626
688449,联芸科技,2026-08-26,,,,,2026-06-30,,9900057421
688450,光格科技,2026-08-28,,,,,2026-06-30,,9900051380
688455,科捷智能,2026-08-29,,,,,2026-06-30,,9900048050
688456,有研粉材,2026-08-31,,,,,2026-06-30,,nssc1000134
688458,美芯晟,2026-08-31,,,,,2026-06-30,,9900055791
688459,哈铁科技,2026-08-14,,,,,2026-06-30,,9900052789
688466,金科环境,2026-08-21,,,,,2026-06-30,,9900039436
688468,科美诊断,2026-08-28,,,,,2026-06-30,,nssc1000313
688469,芯联集成,2026-08-11,,,,,2026-06-30,,9900053045
688472,阿特斯,2026-08-28,,,,,2026-06-30,,9900032673
688475,萤石网络,2026-07-25,,,,,2026-06-30,,9900052782
688478,晶升股份,2026-08-28,,,,,2026-06-30,,9900053817
688479,友车科技,2026-08-22,,,,,2026-06-30,,gfbj0839951
688480,赛恩斯,2026-08-25,,,,,2026-06-30,,nssc1000725
688484,南芯科技,2026-08-31,,,,,2026-06-30,,9900056052
688485,九州一轨,2026-08-31,,,,,2026-06-30,,9900048106
688486,龙迅股份,2026-08-26,,,,,2026-06-30,,nssc1000599
688488,艾迪药业,2026-08-29,,,,,2026-06-30,,9900041599
688489,三未信安,2026-08-29,,,,,2026-06-30,,9900047309
688496,*ST清越,2026-08-31,,,,,2026-06-30,,9900051401
688498,源杰科技,2026-08-29,,,,,2026-06-30,,9900052124
688499,利元亨,2026-08-15,,,,,2026-06-30,,9900038933
688500,慧辰股份,2026-08-27,,,,,2026-06-30,,gfbj0833309
688501,青达环保,2026-08-27,,,,,2026-06-30,,9900041684
688502,茂莱光学,2026-08-29,,,,,2026-06-30,,gfbj0833673
688503,聚和材料,2026-08-28,,,,,2026-06-30,,9900046635
688505,复旦张江,2026-08-15,,,,,2026-06-30,,gshk0008231
688506,百利天恒,2026-08-27,,,,,2026-06-30,,9900024957
688507,索辰科技,2026-08-26,,,,,2026-06-30,,nssc1000827
688508,芯朋微,2026-08-15,,,,,2026-06-30,,gfbj0430512
688509,正元地信,2026-08-28,,,,,2026-06-30,,9900041382
688510,航亚科技,2026-08-18,,,,,2026-06-30,,gfbj0870269
688511,天微电子,2026-08-29,,,,,2026-06-30,,nssc1000625
688512,慧智微,2026-08-27,,,,,2026-06-30,,9900053938
688513,苑东生物,2026-08-21,,,,,2026-06-30,,gfbj0837374
688515,裕太微,2026-08-29,,,,,2026-06-30,,9900056245
688516,奥特维,2026-08-25,,,,,2026-06-30,,gfbj0836288
688517,金冠电气,2026-08-26,,,,,2026-06-30,,9900041524
688518,联赢激光,2026-08-26,,,,,2026-06-30,,gfbj0833684
688519,南亚新材,2026-08-29,,,,,2026-06-30,,9900038620
688520,神州细胞,2026-08-29,,,,,2026-06-30,,9900040621
688521,芯原股份,2026-08-22,,,,,2026-06-30,,9900040648
688522,纳睿雷达,2026-08-26,,,,,2026-06-30,,9900048075
688523,航天环宇,2026-08-21,,,,,2026-06-30,,nssc1000474
688525,佰维存储,2026-08-25,,,,,2026-06-30,,9900047412
688526,科前生物,2026-08-27,,,,,2026-06-30,,9900038938
688528,秦川物联,2026-08-28,,,,,2026-06-30,,9900039483
688529,豪森智能,2026-08-26,,,,,2026-06-30,,nssc1000041
688530,欧莱新材,2026-08-22,,,,,2026-06-30,,9900048076
688531,日联科技,2026-08-15,,,,,2026-06-30,,gfbj0834204
688533,上声电子,2026-08-28,,,,,2026-06-30,,9900041606
688535,华海诚科,2026-08-29,,,,,2026-06-30,,9900032633
688536,思瑞浦,2026-08-20,,,,,2026-06-30,,9900032795
688538,和辉光电,2026-08-26,,,,,2026-06-30,,nssc1000734
688539,高华科技,2026-08-27,,,,,2026-06-30,,gfbj0833425
688543,国科军工,2026-08-25,,,,,2026-06-30,,9900035514
688545,兴福电子,2026-08-18,,,,,2026-06-30,,9900058649
688548,广钢气体,2026-08-31,,,,,2026-06-30,,9900057373
688549,中巨芯,2026-08-08,,,,,2026-06-30,,9900052780
688550,瑞联新材,2026-08-21,,,,,2026-06-30,,gfbj0835406
688551,科威尔,2026-08-22,,,,,2026-06-30,,nssc1000154
688552,航天南湖,2026-08-27,,,,,2026-06-30,,nssc1000225
688553,汇宇制药,2026-08-22,,,,,2026-06-30,,nssc1000740
688556,高测股份,2026-08-28,,,,,2026-06-30,,gfbj0834278
688557,兰剑智能,2026-08-21,,,,,2026-06-30,,9900041688
688558,国盛智科,2026-08-28,,,,,2026-06-30,,9900035083
688559,海目星,2026-08-31,,,,,2026-06-30,,9900041799
688560,明冠新材,2026-08-27,,,,,2026-06-30,,9900037841
688561,奇安信,2026-08-28,,,,,2026-06-30,,9900041361
688562,航天软件,2026-08-31,,,,,2026-06-30,,9900055792
688563,航材股份,2026-08-26,,,,,2026-06-30,,9900056081
688565,力源科技,2026-08-29,,,,,2026-06-30,,gfbj0831353
688566,吉贝尔,2026-08-28,,,,,2026-06-30,,9900039624
688567,孚能科技,2026-08-29,,,,,2026-06-30,,9900040620
688568,中科星图,2026-08-29,,,,,2026-06-30,,9900038994
688569,铁科轨道,2026-08-19,,,,,2026-06-30,,9900041365
688570,天玛智控,2026-08-31,,,,,2026-06-30,,9900056072
688571,杭华股份,2026-08-27,,,,,2026-06-30,,9900034180
688573,信宇人,2026-08-27,,,,,2026-06-30,,9900041756
688575,亚辉龙,2026-08-27,,,,,2026-06-30,,nssc1000247
688576,西山科技,2026-08-29,,,,,2026-06-30,,gfbj0834788
688577,浙海德曼,2026-08-20,,,,,2026-06-30,,gfbj0837244
688578,艾力斯,2026-08-20,,,,,2026-06-30,,nssc1000445
688579,地纬智能,2026-08-22,,,,,2026-06-30,,gfbj0831688
688580,伟思医疗,2026-08-26,,,,,2026-06-30,,gfbj0836154
688581,安杰思,2026-08-07,,,,,2026-06-30,,nssc1000268
688582,芯动联科,2026-08-18,,,,,2026-06-30,,9900047780
688583,思看科技,2026-08-26,,,,,2026-06-30,,9900059081
688584,上海合晶,2026-08-29,,,,,2026-06-30,,nssc1000610
688585,上纬新材,2026-08-25,,,,,2026-06-30,,9900042956
688586,江航装备,2026-08-27,,,,,2026-06-30,,9900041351
688588,凌志软件,2026-08-31,,,,,2026-06-30,,gfbj0830866
688589,力合微,2026-08-21,,,,,2026-06-30,,9900031454
688590,新致软件,2026-08-28,,,,,2026-06-30,,9900031487
688591,泰凌微,2026-08-25,,,,,2026-06-30,,9900048793
688592,司南导航,2026-08-28,,,,,2026-06-30,,gfbj0833972
688593,新相微,2026-08-22,,,,,2026-06-30,,9900053760
688595,芯海科技,2026-08-28,,,,,2026-06-30,,gfbj0837517
688596,正帆科技,2026-08-27,,,,,2026-06-30,,gfbj0834317
688597,煜邦电力,2026-08-25,,,,,2026-06-30,,9900035311
688598,金博股份,2026-08-26,,,,,2026-06-30,,9900041577
688599,天合光能,2026-08-27,,,,,2026-06-30,,GD155612
688600,皖仪科技,2026-08-11,,,,,2026-06-30,,9900041342
688601,力芯微,2026-08-29,,,,,2026-06-30,,9900033358
688602,康鹏科技,2026-08-22,,,,,2026-06-30,,9900041744
688603,天承科技,2026-08-29,,,,,2026-06-30,,9900048047
688605,先锋精科,2026-08-31,,,,,2026-06-30,,9900059045
688606,奥泰生物,2026-08-29,,,,,2026-06-30,,9900039769
688607,康众医疗,2026-08-28,,,,,2026-06-30,,9900041595
688608,恒玄科技,2026-08-20,,,,,2026-06-30,,nssc1000367
688609,九联科技,2026-08-12,,,,,2026-06-30,,9900023226
688610,埃科光电,2026-08-19,,,,,2026-06-30,,9900056071
688611,杭州柯林,2026-08-29,,,,,2026-06-30,,gfbj0836844
688612,威迈斯,2026-08-11,,,,,2026-06-30,,9900039720
688613,奥精医疗,2026-08-29,,,,,2026-06-30,,nssc1000537
688615,合合信息,2026-08-20,,,,,2026-06-30,,9900046400
688616,西力科技,2026-08-27,,,,,2026-06-30,,9900035300
688617,惠泰医疗,2026-08-20,,,,,2026-06-30,,nssc1000047
688618,三旺通信,2026-08-28,,,,,2026-06-30,,nssc1000604
688619,罗普特,2026-08-31,,2026-08-22,,,2026-06-30,,9900041860
688620,安凯微,2026-08-28,,,,,2026-06-30,,9900047635
688621,阳光诺和,2026-08-29,,,,,2026-06-30,,9900046415
688622,*ST禾信,2026-08-26,,,,,2026-06-30,,gfbj0871079
688623,双元科技,2026-08-15,,,,,2026-06-30,,9900048999
688625,呈和科技,2026-08-31,,,,,2026-06-30,,gfbj0838731
688626,翔宇医疗,2026-08-29,,,,,2026-06-30,,9900041530
688627,精智达,2026-08-29,,,,,2026-06-30,,gfbj0836990
688628,优利德,2026-08-15,,,,,2026-06-30,,nssc1000176
688629,华丰科技,2026-08-29,,,,,2026-06-30,,9900048587
688630,芯碁微装,2026-08-27,,,,,2026-06-30,,nssc1000289
688631,莱斯信息,2026-08-27,,,,,2026-06-30,,9900023202
688633,星球石墨,2026-08-29,,,,,2026-06-30,,9900044435
688635,长进光子,2026-08-28,,,,,2026-06-30,,9900063337
688636,智明达,2026-08-20,,,,,2026-06-30,,9900041815
688638,誉辰智能,2026-08-26,,,,,2026-06-30,,9900038835
688639,华恒生物,2026-08-25,,,,,2026-06-30,,gfbj0831088
688646,ST逸飞,2026-08-27,,,,,2026-06-30,,9900047763
688648,中邮科技,2026-08-27,,,,,2026-06-30,,9900053181
688651,盛邦安全,2026-08-29,,,,,2026-06-30,,gfbj0836731
688652,京仪装备,2026-08-29,,,,,2026-06-30,,9900053046
688653,康希通信,2026-08-25,,,,,2026-06-30,,9900057354
688655,迅捷兴,2026-08-25,,,,,2026-06-30,,nssc1000359
688656,浩欧博,2026-08-18,,,,,2026-06-30,,9900039221
688657,浩辰软件,2026-08-15,,,,,2026-06-30,,gfbj0832097
688658,悦康药业,2026-08-21,,,,,2026-06-30,,9900041389
688659,元琛科技,2026-08-28,,,,,2026-06-30,,9900041346
688660,电气风电,2026-08-18,,,,,2026-06-30,,nssc1000609
688661,和林微纳,2026-08-25,,,,,2026-06-30,,nssc1000577
688662,富信科技,2026-08-19,,,,,2026-06-30,,nssc1000012
688663,新风光,2026-08-27,,,,,2026-06-30,,gfbj0833152
688665,四方光电,2026-08-20,,,,,2026-06-30,,nssc1000466
688667,菱电电控,2026-08-22,,,,,2026-06-30,,9900041562
688668,鼎通科技,2026-08-25,,,,,2026-06-30,,9900041452
688669,聚石化学,2026-08-25,,,,,2026-06-30,,gfbj0833817
688670,金迪克,2026-08-21,,,,,2026-06-30,,9900046653
688671,碧兴物联,2026-08-29,,,,,2026-06-30,,9900048797
688676,金盘科技,2026-08-21,,,,,2026-06-30,,9900044215
688677,海泰新光,2026-08-21,,,,,2026-06-30,,gfbj0836412
688678,福立旺,2026-08-28,,,,,2026-06-30,,gfbj0839734
688679,通源环境,2026-08-26,,,,,2026-06-30,,gfbj0834778
688680,海优新材,2026-08-28,,,,,2026-06-30,,gfbj0831697
688681,科汇股份,2026-08-29,,,,,2026-06-30,,gfbj0830912
688682,霍莱沃,2026-08-26,,,,,2026-06-30,,nssc1000563
688683,莱尔科技,2026-08-19,,,,,2026-06-30,,9900041447
688685,迈信林,2026-08-22,,,,,2026-06-30,,nssc1000499
688686,奥普特,2026-08-20,,,,,2026-06-30,,9900041449
688687,凯因科技,2026-08-22,,,,,2026-06-30,,9900023505
688689,银河微电,2026-08-10,,,,,2026-06-30,,9900035558
688690,纳微科技,2026-08-27,,,,,2026-06-30,,nssc1000188
688691,灿芯股份,2026-08-28,,,,,2026-06-30,,9900050044
688692,达梦数据,2026-08-26,,,,,2026-06-30,,9900048178
688693,锴威特,2026-08-27,,,,,2026-06-30,,9900055875
688695,中创股份,2026-08-28,,,,,2026-06-30,,gfbj0831413
688696,极米科技,2026-08-29,,,,,2026-06-30,,9900041814
688697,纽威数控,2026-08-28,,,,,2026-06-30,,nssc1000650
688698,伟创电气,2026-08-26,,,,,2026-06-30,,nssc1000507
688699,明微电子,2026-08-15,,,,,2026-06-30,,9900023024
688700,东威科技,2026-08-25,,2026-08-08,,,2026-06-30,,9900044715
688701,卓锦股份,2026-08-31,,,,,2026-06-30,,gfbj0833149
688702,盛科通信,2026-08-27,,,,,2026-06-30,,9900053025
688707,振华新材,2026-08-22,,,,,2026-06-30,,gfbj0870341
688708,佳驰科技,2026-08-27,,,,,2026-06-30,,9900055992
688709,成都华微,2026-08-29,,,,,2026-06-30,,9900053939
688710,益诺思,2026-08-25,,,,,2026-06-30,,9900057434
688711,宏微科技,2026-08-29,,,,,2026-06-30,,gfbj0831872
688712,北芯生命,2026-08-25,,,,,2026-06-30,,9900058275
688716,中研股份,2026-08-29,,,,,2026-06-30,,gfbj0835017
688717,艾罗能源,2026-08-25,,,,,2026-06-30,,9900048907
688718,唯赛勃,2026-08-27,,,,,2026-06-30,,9900023614
688719,爱科赛博,2026-08-26,,,,,2026-06-30,,9900031471
688720,艾森股份,2026-08-26,,,,,2026-06-30,,9900046652
688721,龙图光罩,2026-08-20,,,,,2026-06-30,,9900058968
688722,同益中,2026-08-29,,,,,2026-06-30,,nssc1000851
688726,拉普拉斯,2026-08-25,,,,,2026-06-30,,9900059088
688727,恒坤新材,2026-08-26,,,,,2026-06-30,,gfbj0832456
688728,格科微,2026-08-28,,,,,2026-06-30,,nssc1000731
688729,屹唐股份,2026-08-29,,,,,2026-06-30,,9900052123
688733,壹石通,2026-08-27,,,,,2026-06-30,,gfbj0833598
688737,中自科技,2026-08-29,,,,,2026-06-30,,gfbj0836497
688739,成大生物,2026-08-25,,,,,2026-06-30,,gfbj0831550
688750,金天钛业,2026-08-31,,,,,2026-06-30,,9900059188
688755,汉邦科技,2026-08-20,,,,,2026-06-30,,9900060336
688757,胜科纳米,2026-08-27,,,,,2026-06-30,,9900058815
688758,赛分科技,2026-08-28,,,,,2026-06-30,,9900057459
688759,必贝特,2026-08-25,,,,,2026-06-30,,9900056244
688765,禾元生物,2026-08-27,,,,,2026-06-30,,gfbj0833101
688766,普冉股份,2026-08-19,,,,,2026-06-30,,nssc1000720
688767,博拓生物,2026-08-29,,,,,2026-06-30,,9900041934
688768,容知日新,2026-08-26,,,,,2026-06-30,,9900041350
688772,珠海冠宇,2026-08-26,,,,,2026-06-30,,9900046634
688775,影石创新,2026-08-28,,,,,2026-06-30,,9900046494
688776,国光电气,2026-08-27,,,,,2026-06-30,,GD005988
688777,中控技术,2026-08-29,,,,,2026-06-30,,9900041899
688778,厦钨新能,2026-08-20,,,,,2026-06-30,,9900046057
688779,五矿新能,2026-08-18,,,,,2026-06-30,,9900041575
688781,视涯科技,2026-08-21,,,,,2026-06-30,,9900063194
688783,西安奕材,2026-08-26,,,,,2026-06-30,,9900061680
688785,恒运昌,2026-08-31,,,,,2026-06-30,,9900063107
688786,悦安新材,2026-08-25,,,,,2026-06-30,,9900041628
688787,海天瑞声,2026-08-27,,,,,2026-06-30,,9900039125
688788,科思科技,2026-08-20,,,,,2026-06-30,,9900041758
688789,宏华数科,2026-08-27,,,,,2026-06-30,,9900023013
688790,昂瑞微,2026-08-27,,,,,2026-06-30,,9900062620
688793,倍轻松,2026-08-28,,,,,2026-06-30,,gfbj0837027
688795,摩尔线程,2026-08-10,,,,,2026-06-30,,9900063221
688796,百奥赛图,2026-08-28,,,,,2026-06-30,,9900048815
688797,臻宝科技,2026-08-25,,,,,2026-06-30,,9900063195
688798,艾为电子,2026-08-20,,,,,2026-06-30,,gfbj0833221
688799,华纳药厂,2026-08-25,,,,,2026-06-30,,9900033718
688800,瑞可达,2026-08-25,,,,,2026-06-30,,gfbj0831274
688802,沐曦股份,2026-08-31,,,,,2026-06-30,,9900063219
688805,健信超导,2026-08-25,,,,,2026-06-30,,9900062848
688807,优迅股份,2026-08-25,,,,,2026-06-30,,9900063196
688808,联讯仪器,2026-08-27,,,,,2026-06-30,,9900063334
688809,强一股份,2026-08-31,,,,,2026-06-30,,9900062000
688811,有研复材,2026-08-27,,,,,2026-06-30,,9900063220
688813,泰金新能,2026-08-26,,,,,2026-06-30,,9900061070
688816,易思维,2026-08-29,,,,,2026-06-30,,9900063087
688818,电科蓝天,2026-08-28,,,,,2026-06-30,,GD192810
688819,天能股份,2026-08-27,,,,,2026-06-30,,9900041888
688820,盛合晶微,2026-08-20,,,,,2026-06-30,,9900063550
688981,中芯国际,2026-08-28,,,,,2026-06-30,,gshk0000981
689009,九号公司,2026-08-11,,,,,2026-06-30,,9900039199
900929,锦旅Ｂ股,2026-08-26,,,,,2026-06-30,,gssh0900929
900939,汇丽B,2026-08-15,,,,,2026-06-30,,gssh0900939
900948,伊泰Ｂ股,2026-08-29,,,,,2026-06-30,,gssh0900948
920000,安徽凤凰,2026-08-24,,,,,2026-06-30,,gfbj0832000
920001,纬达光电,2026-08-24,,2026-08-27,,,2026-06-30,,9900037542
920002,万达轴承,2026-08-20,,,,,2026-06-30,,gfbj0873843
920003,中诚咨询,2026-08-20,,,,,2026-06-30,,gfbj0839962
920005,鼎佳精密,2026-08-18,,,,,2026-06-30,,9900057482
920006,晟楠科技,2026-08-25,,,,,2026-06-30,,gfbj0837006
920007,酉立智能,2026-08-07,,,,,2026-06-30,,gfbj0874325
920008,成电光信,2026-08-27,,,,,2026-06-30,,gfbj0831490
920009,丹娜生物,2026-08-26,,,,,2026-06-30,,nssc1000841
920010,凯添燃气,2026-08-20,,,,,2026-06-30,,gfbj0831010
920011,晨光电机,2026-08-28,,,,,2026-06-30,,gfbj0874468
920012,创达新材,2026-08-20,,,,,2026-06-30,,gfbj0832990
920014,特瑞斯,2026-08-25,,,,,2026-06-30,,gfbj0834014
920015,锦华新材,2026-08-14,,,,,2026-06-30,,gfbj0874085
920016,中草香料,2026-08-21,,,,,2026-06-30,,gfbj0870800
920017,星昊医药,2026-08-10,,,,,2026-06-30,,9900003482
920018,宏远股份,2026-08-26,,,,,2026-06-30,,9900048068
920019,铜冠矿建,2026-08-26,,,,,2026-06-30,,nssc1000257
920020,泰凯英,2026-08-26,,,,,2026-06-30,,gfbj0874194
920021,流金科技,2026-08-21,,,,,2026-06-30,,gfbj0834021
920022,世昌股份,2026-08-26,,,,,2026-06-30,,gfbj0873702
920023,*ST田野,2026-08-28,,2026-08-21,,,2026-06-30,,gfbj0832023
920026,卓兆点胶,2026-08-18,,,,,2026-06-30,,gfbj0873726
920027,交大铁发,2026-08-21,,,,,2026-06-30,,9900034037
920028,新恒泰,2026-08-27,,,,,2026-06-30,,gfbj0874502
920029,开发科技,2026-08-25,,,,,2026-06-30,,gfbj0873879
920030,德众汽车,2026-08-24,,,,,2026-06-30,,gfbj0838030
920033,康普化学,2026-08-25,,,,,2026-06-30,,gfbj0834033
920035,精创电气,2026-08-17,,,,,2026-06-30,,gfbj0874096
920036,觅睿科技,2026-08-20,,,,,2026-06-30,,gfbj0873697
920037,广信科技,2026-08-26,,,,,2026-06-30,,gfbj0430447
920039,国义招标,2026-08-28,,,,,2026-06-30,,gfbj0831039
920045,蘅东光,2026-08-21,,,,,2026-06-30,,gfbj0874084
920046,亿能电力,2026-08-25,,,,,2026-06-30,,gfbj0837046
920047,诺思兰德,2026-08-26,,,,,2026-06-30,,9900006121
920050,爱伦医疗,2026-08-24,,,,,2026-06-30,,gfbj0874105
920055,隆源股份,2026-08-26,,,,,2026-06-30,,gfbj0874546
920056,能之光,2026-08-27,,,,,2026-06-30,,gfbj0871532
920057,百甲科技,2026-08-25,,,,,2026-06-30,,gfbj0835857
920058,华洋赛车,2026-08-26,,,,,2026-06-30,,gfbj0834058
920060,万源通,2026-08-27,,,,,2026-06-30,,9900048400
920061,西磁科技,2026-08-21,,,,,2026-06-30,,gfbj0836961
920062,科润智控,2026-08-25,,,,,2026-06-30,,gfbj0834062
920066,科拜尔,2026-08-19,,,,,2026-06-30,,gfbj0873664
920068,天工股份,2026-08-28,,,,,2026-06-30,,gfbj0834549
920069,普昂医疗,2026-08-26,,,,,2026-06-30,,gfbj0874572
920072,科莱瑞迪,2026-08-26,,,,,2026-06-30,,gfbj0839744
920075,柏星龙,2026-08-25,,,,,2026-06-30,,gfbj0833075
920076,国亮新材,2026-08-26,,,,,2026-06-30,,9900040466
920077,吉林碳谷,2026-08-18,,,,,2026-06-30,,gfbj0836077
920078,族兴新材,2026-08-26,,,,,2026-06-30,,gfbj0830854
920080,奥美森,2026-08-20,,,,,2026-06-30,,gfbj0833340
920081,欧伦电气,2026-08-26,,,,,2026-06-30,,gfbj0874628
920082,方正阀门,2026-08-24,,,,,2026-06-30,,9900046486
920083,金戈新材,2026-08-28,,,,,2026-06-30,,gfbj0873524
920086,科马材料,2026-08-20,,,,,2026-06-30,,gfbj0831178
920087,秋乐种业,2026-08-18,,,,,2026-06-30,,gfbj0831087
920088,科力股份,2026-08-28,,,,,2026-06-30,,9900041869
920089,禾昌聚合,2026-08-10,,,,,2026-06-30,,gfbj0832089
920090,*ST同辉,2026-08-27,,,,,2026-06-30,,9900020567
920091,大鹏工业,2026-08-26,,,,,2026-06-30,,9900041536
920092,汉鑫科技,2026-08-28,,,,,2026-06-30,,gfbj0837092
920096,嘉晨智能,2026-08-12,,,,,2026-06-30,,9900056215
920098,科隆新材,2026-08-28,,,,,2026-06-30,,gfbj0834351
920099,瑞华技术,2026-08-21,,,,,2026-06-30,,gfbj0872869
920100,三协电机,2026-08-24,,,,,2026-06-30,,gfbj0873669
920101,志高机械,2026-08-27,,,,,2026-06-30,,gfbj0836517
920106,林泰新材,2026-08-24,,,,,2026-06-30,,gfbj0873682
920108,宏海科技,2026-08-26,,,,,2026-06-30,,gfbj0831075
920110,雷特科技,2026-08-18,,,,,2026-06-30,,gfbj0832110
920111,聚星科技,2026-08-20,,,,,2026-06-30,,nssc1000327
920112,巴兰仕,2026-08-26,,,,,2026-06-30,,gfbj0430674
920116,星图测控,2026-08-28,,,,,2026-06-30,,gfbj0874016
920118,太湖远大,2026-08-20,,,,,2026-06-30,,9900041895
920119,美德乐,2026-08-28,,,,,2026-06-30,,gfbj0874489
920121,江天科技,2026-08-26,,,,,2026-06-30,,gfbj0874560
920122,中纺标,2026-08-28,,,,,2026-06-30,,gfbj0873122
920123,芭薇股份,2026-08-25,,,,,2026-06-30,,gfbj0837023
920124,南特科技,2026-08-28,,,,,2026-06-30,,gfbj0838401
920125,鸿仕达,2026-08-17,,,,,2026-06-30,,gfbj0874538
920126,永大股份,2026-08-28,,,,,2026-06-30,,gfbj0874495
920128,胜业电气,2026-08-26,,,,,2026-06-30,,gfbj0873783
920130,立方控股,2026-08-27,,,,,2026-06-30,,gfbj0833030
920132,泰鹏智能,2026-08-28,,,,,2026-06-30,,gfbj0873132
920139,华岭股份,2026-08-17,,,,,2026-06-30,,9900024205
920145,恒合股份,2026-08-21,,,,,2026-06-30,,gfbj0832145
920146,华阳变速,2026-08-28,,,,,2026-06-30,,gfbj0839946
920149,旭杰科技,2026-08-26,,,,,2026-06-30,,gfbj0836149
920152,昆工科技,2026-08-28,,2026-08-20,,,2026-06-30,,gfbj0831152
920156,海昌智能,2026-08-26,,,,,2026-06-30,,gfbj0874519
920158,长江能科,2026-08-28,,,,,2026-06-30,,fzqy1030036
920159,农大科技,2026-08-24,,,,,2026-06-30,,gfbj0874513
920160,北矿检测,2026-08-25,,,,,2026-06-30,,gfbj0873694
920161,龙辰科技,2026-08-25,,,,,2026-06-30,,9900023061
920163,方大新材,2026-08-24,,,,,2026-06-30,,gfbj0838163
920166,海圣医疗,2026-08-24,,,,,2026-06-30,,gfbj0873794
920167,同享科技,2026-08-27,,,,,2026-06-30,,gfbj0839167
920168,通宝光电,2026-08-26,,,,,2026-06-30,,gfbj0833137
920169,七丰精工,2026-08-26,,,,,2026-06-30,,gfbj0873169
920171,志晟信息,2026-08-24,,,,,2026-06-30,,9900030337
920174,五新智能,2026-08-28,,,,,2026-06-30,,gfbj0835174
920175,东方碳素,2026-08-28,,,,,2026-06-30,,gfbj0832175
920177,恒道科技,2026-08-26,,,,,2026-06-30,,gfbj0874202
920178,锐翔智能,2026-08-25,,,,,2026-06-30,,gfbj0874580
920179,凯德石英,2026-08-27,,,,,2026-06-30,,gfbj0835179
920180,爱得科技,2026-08-24,,,,,2026-06-30,,gfbj0834286
920181,赛英电子,2026-08-28,,,,,2026-06-30,,gfbj0837559
920183,海菲曼,2026-08-26,,,,,2026-06-30,,gfbj0874481
920184,国源科技,2026-08-26,,,,,2026-06-30,,gfbj0835184
920185,贝特瑞,2026-08-28,,,,,2026-06-30,,gfbj0835185
920186,中科仪,2026-08-26,,,,,2026-06-30,,gfbj0830852
920187,通领科技,2026-08-26,,,,,2026-06-30,,gfbj0834081
920188,悦龙科技,2026-08-17,,,,,2026-06-30,,gfbj0874157
920189,康美特,2026-08-21,,,,,2026-06-30,,9900034066
920190,雷神科技,2026-08-10,,,,,2026-06-30,,9900035891
920191,瑞尔竞达,2026-08-18,,,,,2026-06-30,,gfbj0874327
920193,吉和昌,2026-08-12,,,,,2026-06-30,,gfbj0832073
920195,三祥科技,2026-08-26,,,,,2026-06-30,,gfbj0831195
920198,微创光电,2026-07-31,,2026-08-06,,,2026-06-30,,9900024889
920199,倍益康,2026-08-25,,,,,2026-06-30,,gfbj0870199
920200,振宏股份,2026-08-20,,,,,2026-06-30,,gfbj0874492
920204,沪江材料,2026-08-26,,,,,2026-06-30,,gfbj0870204
920206,彩客科技,2026-08-18,,,,,2026-06-30,,gfbj0873772
920207,众诚科技,2026-07-31,,2026-08-06,,,2026-06-30,,gfbj0835207
920208,青矩技术,2026-08-17,,,,,2026-06-30,,gfbj0836208
920211,新睿电子,2026-08-27,,,,,2026-06-30,,gfbj0874510
920212,智新电子,2026-08-18,,,,,2026-06-30,,gfbj0837212
920218,新天力,2026-08-27,,,,,2026-06-30,,gfbj0874555
920220,朗信电气,2026-08-26,,,,,2026-06-30,,gfbj0874326
920221,易实精密,2026-08-24,,,,,2026-06-30,,gfbj0836221
920222,益坤电气,2026-08-27,,,,,2026-06-30,,nssc1000269
920223,荣亿精密,2026-08-25,,,,,2026-06-30,,gfbj0873223
920225,利通科技,2026-08-27,,,,,2026-06-30,,gfbj0832225
920227,美登科技,2026-08-25,,,,,2026-06-30,,gfbj0838227
920230,欧康医药,2026-08-27,,,,,2026-06-30,,gfbj0833230
920237,力佳科技,2026-08-25,,,,,2026-06-30,,gfbj0835237
920239,长虹能源,2026-08-28,,,,,2026-06-30,,gfbj0836239
920242,建邦科技,2026-08-26,,,,,2026-06-30,,gfbj0837242
920245,威博液压,2026-08-27,,,,,2026-06-30,,gfbj0871245
920247,华密新材,2026-08-07,,,,,2026-06-30,,gfbj0836247
920249,利尔达,2026-08-19,,,,,2026-06-30,,gfbj0832149
920252,天宏锂电,2026-08-25,,,,,2026-06-30,,gfbj0873152
920260,中寰股份,2026-08-26,,,,,2026-06-30,,gfbj0836260
920261,一诺威,2026-08-20,,,,,2026-06-30,,gfbj0834261
920262,太湖雪,2026-07-31,,,,,2026-06-30,,gfbj0838262
920263,中航泰达,2026-08-25,,,,,2026-06-30,,gfbj0836263
920266,生物谷,2026-08-28,,2026-08-21,,,2026-06-30,,gfbj0833266
920267,鑫汇科,2026-08-26,,,,,2026-06-30,,gfbj0831167
920270,天铭科技,2026-08-27,,,,,2026-06-30,,gfbj0836270
920271,邦德股份,2026-08-27,,2026-08-24,,,2026-06-30,,gfbj0838171
920273,一致魔芋,2026-08-25,,,,,2026-06-30,,gfbj0839273
920274,宏裕包材,2026-08-14,,,,,2026-06-30,,gfbj0837174
920275,驱动力,2026-08-28,,,,,2026-06-30,,9900033375
920278,鹿得医疗,2026-08-25,,,,,2026-06-30,,gfbj0832278
920284,灵鸽科技,2026-08-21,,,,,2026-06-30,,gfbj0833284
920299,灿能电力,2026-08-21,,,,,2026-06-30,,gfbj0870299
920300,辰光医疗,2026-08-26,,,,,2026-06-30,,9900023934
920304,迪尔化工,2026-08-10,,,,,2026-06-30,,gfbj0831304
920339,恒太照明,2026-08-24,,,,,2026-06-30,,gfbj0873339
920344,三元基因,2026-08-28,,,,,2026-06-30,,gfbj0837344
920346,威贸电子,2026-08-27,,,,,2026-06-30,,gfbj0833346
920351,华光源海,2026-08-24,,,,,2026-06-30,,gfbj0872351
920357,雅葆轩,2026-08-28,,,,,2026-06-30,,gfbj0870357
920363,莱赛激光,2026-08-25,,,,,2026-06-30,,gfbj0871263
920367,新赣江,2026-08-27,,,,,2026-06-30,,gfbj0873167
920368,连城数控,2026-08-25,,,,,2026-06-30,,9900023723
920370,新安洁,2026-08-26,,,,,2026-06-30,,gfbj0831370
920371,欧福蛋业,2026-08-21,,,,,2026-06-30,,gfbj0839371
920374,云里物里,2026-08-25,,,,,2026-06-30,,gfbj0872374
920375,派诺科技,2026-08-28,,,,,2026-06-30,,gfbj0831175
920378,泰德股份,2026-08-24,,,,,2026-06-30,,gfbj0831278
920392,佳合科技,2026-08-28,,,,,2026-06-30,,gfbj0872392
920394,民士达,2026-08-20,,,,,2026-06-30,,gfbj0833394
920395,朗鸿科技,2026-08-26,,,,,2026-06-30,,gfbj0836395
920396,常辅股份,2026-08-18,,,,,2026-06-30,,9900034929
920402,硅烷科技,2026-08-28,,,,,2026-06-30,,gfbj0838402
920403,康农种业,2026-08-26,,,,,2026-06-30,,gfbj0837403
920405,海希通讯,2026-08-28,,,,,2026-06-30,,gfbj0831305
920407,驰诚股份,2026-08-06,,,,,2026-06-30,,gfbj0834407
920414,欧普泰,2026-08-24,,,,,2026-06-30,,gfbj0836414
920415,恒拓开源,2026-08-28,,,,,2026-06-30,,gfbj0834415
920418,苏轴股份,2026-08-17,,,,,2026-06-30,,gfbj0430418
920419,路斯股份,2026-08-25,,,,,2026-06-30,,gfbj0832419
920422,润普食品,2026-08-26,,,,,2026-06-30,,gfbj0836422
920425,乐创技术,2026-08-20,,,,,2026-06-30,,gfbj0430425
920427,华维设计,2026-08-28,,,,,2026-06-30,,gfbj0833427
920429,康比特,2026-08-14,,,,,2026-06-30,,gfbj0833429
920433,大唐药业,2026-08-27,,,,,2026-06-30,,gfbj0836433
920436,大地电气,2026-08-26,,,,,2026-06-30,,gfbj0870436
920438,戈碧迦,2026-08-26,,,,,2026-06-30,,gfbj0835438
920445,龙竹科技,2026-08-26,,,,,2026-06-30,,gfbj0831445
920454,同心传动,2026-08-03,,,,,2026-06-30,,gfbj0833454
920455,汇隆活塞,2026-08-28,,,,,2026-06-30,,gfbj0833455
920469,富恒新材,2026-08-24,,2026-08-21,,,2026-06-30,,gfbj0832469
920471,美邦科技,2026-08-21,,,,,2026-06-30,,gfbj0832471
920475,三友科技,2026-08-07,,,,,2026-06-30,,gfbj0834475
920476,海能技术,2026-08-17,,,,,2026-06-30,,gfbj0430476
920478,峆一药业,2026-08-28,,,,,2026-06-30,,gfbj0430478
920489,佳先股份,2026-08-28,,,,,2026-06-30,,9900028040
920491,奥迪威,2026-08-27,,,,,2026-06-30,,gfbj0832491
920493,并行科技,2026-08-28,,,,,2026-06-30,,gfbj0839493
920496,许昌智能,2026-08-28,,,,,2026-06-30,,gfbj0831396
920504,博迅生物,2026-08-25,,,,,2026-06-30,,gfbj0836504
920505,九菱科技,2026-08-27,,,,,2026-06-30,,gfbj0873305
920508,殷图网联,2026-08-26,,,,,2026-06-30,,gfbj0835508
920509,同惠电子,2026-08-11,,,,,2026-06-30,,gfbj0833509
920510,丰光精密,2026-08-14,,,,,2026-06-30,,gfbj0430510
920519,万德股份,2026-08-26,,,,,2026-06-30,,gfbj0836419
920522,纳科诺尔,2026-08-26,,,,,2026-06-30,,gfbj0832522
920523,德瑞锂电,2026-08-25,,,,,2026-06-30,,gfbj0833523
920526,凯华材料,2026-08-21,,,,,2026-06-30,,gfbj0831526
920527,夜光明,2026-08-26,,,,,2026-06-30,,gfbj0833841
920533,骏创科技,2026-08-20,,,,,2026-06-30,,gfbj0833533
920541,铁大科技,2026-08-25,,,,,2026-06-30,,gfbj0872541
920547,无锡晶海,2026-08-24,,,,,2026-06-30,,gfbj0836547
920553,凯腾精工,2026-08-27,,,,,2026-06-30,,gfbj0871553
920556,雅达股份,2026-08-27,,,,,2026-06-30,,9900023057
920564,天润科技,2026-08-27,,,,,2026-06-30,,gfbj0430564
920566,梓橦宫,2026-08-26,,,,,2026-06-30,,gfbj0832566
920570,坤博精工,2026-08-27,,,,,2026-06-30,,gfbj0873570
920571,国航远洋,2026-08-10,,,,,2026-06-30,,9900022904
920575,*ST康乐,2026-08-28,,2026-08-21,,,2026-06-30,,gfbj0833575
920576,天力复合,2026-08-10,,,,,2026-06-30,,gfbj0873576
920578,巨能股份,2026-08-25,,,,,2026-06-30,,gfbj0871478
920579,机科股份,2026-08-28,,,,,2026-06-30,,gfbj0835579
920580,科创新材,2026-08-26,,,,,2026-06-30,,gfbj0833580
920592,华信永道,2026-08-18,,,,,2026-06-30,,gfbj0837592
920593,鼎智科技,2026-08-28,,,,,2026-06-30,,gfbj0873593
920599,同力股份,2026-08-25,,,,,2026-06-30,,9900021933
920608,丰安股份,2026-08-27,,,,,2026-06-30,,9900034486
920627,力王股份,2026-08-26,,,,,2026-06-30,,gfbj0831627
920634,新威凌,2026-08-28,,,,,2026-06-30,,gfbj0871634
920639,晨光电缆,2026-08-26,,,,,2026-06-30,,gfbj0834639
920640,富士达,2026-08-26,,,,,2026-06-30,,gfbj0835640
920641,格利尔,2026-08-25,,,,,2026-06-30,,gfbj0831641
920642,通易航天,2026-08-27,,,,,2026-06-30,,gfbj0871642
920651,天罡股份,2026-08-26,,,,,2026-06-30,,gfbj0832651
920656,海昇药业,2026-08-20,,,,,2026-06-30,,gfbj0870656
920662,方盛股份,2026-08-25,,,,,2026-06-30,,gfbj0832662
920663,明阳科技,2026-08-12,,,,,2026-06-30,,gfbj0837663
920665,科强股份,2026-08-21,,,,,2026-06-30,,gfbj0872059
920670,数字人,2026-08-21,,,,,2026-06-30,,gfbj0835670
920675,秉扬科技,2026-08-27,,,,,2026-06-30,,gfbj0836675
920679,前进科技,2026-08-28,,,,,2026-06-30,,nssc1000287
920682,球冠电缆,2026-08-21,,,,,2026-06-30,,gfbj0834682
920685,新芝生物,2026-08-26,,,,,2026-06-30,,gfbj0430685
920689,克莱特,2026-08-25,,,,,2026-06-30,,gfbj0831689
920690,捷众科技,2026-08-25,,,,,2026-06-30,,9900035089
920693,阿为特,2026-08-25,,,,,2026-06-30,,nssc1000029
920694,中裕科技,2026-08-20,,,,,2026-06-30,,9900035499
920699,海达尔,2026-08-24,,,,,2026-06-30,,gfbj0836699
920701,豪声电子,2026-08-25,,,,,2026-06-30,,gfbj0838701
920703,广厦环能,2026-08-11,,,,,2026-06-30,,gfbj0833747
920706,铁拓机械,2026-08-24,,,,,2026-06-30,,nssc1000632
920717,瑞星股份,2026-08-26,,,,,2026-06-30,,gfbj0836717
920718,合肥高科,2026-08-28,,,,,2026-06-30,,gfbj0430718
920719,宁新新材,2026-08-27,,2026-08-19,,,2026-06-30,,gfbj0839719
920720,吉冈精密,2026-08-26,,,,,2026-06-30,,gfbj0836720
920725,惠丰钻石,2026-08-26,,,,,2026-06-30,,gfbj0839725
920726,朱老六,2026-08-20,,,,,2026-06-30,,gfbj0831726
920729,永顺生物,2026-08-26,,,,,2026-06-30,,gfbj0839729
920735,德源药业,2026-08-25,,,,,2026-06-30,,gfbj0832735
920748,路桥信息,2026-08-26,,,,,2026-06-30,,gfbj0837748
920751,惠同新材,2026-08-10,,,,,2026-06-30,,gfbj0833751
920753,天纺标,2026-08-27,,,,,2026-06-30,,gfbj0871753
920765,美之高,2026-08-28,,,,,2026-06-30,,gfbj0834765
920768,拾比佰,2026-08-25,,,,,2026-06-30,,gfbj0831768
920770,艾能聚,2026-08-27,,,,,2026-06-30,,gfbj0834770
920779,武汉蓝电,2026-08-20,,,,,2026-06-30,,gfbj0830779
920781,瑞奇智造,2026-08-26,,,,,2026-06-30,,gfbj0833781
920786,骑士乳业,2026-08-20,,,,,2026-06-30,,gfbj0832786
920790,联迪信息,2026-08-28,,,,,2026-06-30,,gfbj0839790
920792,东和新材,2026-08-26,,,,,2026-06-30,,gfbj0839792
920799,艾融软件,2026-08-21,,,,,2026-06-30,,gfbj0830799
920802,保丽洁,2026-08-20,,,,,2026-06-30,,gfbj0832802
920806,云星宇,2026-08-25,,,,,2026-06-30,,9900030903
920807,奔朗新材,2026-08-26,,,,,2026-06-30,,gfbj0836807
920808,曙光数创,2026-08-25,,,,,2026-06-30,,gfbj0872808
920809,安达科技,2026-08-18,,,,,2026-06-30,,gfbj0830809
920810,春光智能,2026-08-28,,,,,2026-06-30,,gfbj0838810
920819,颖泰生物,2026-08-14,,,,,2026-06-30,,gfbj0833819
920821,则成电子,2026-08-20,,,,,2026-06-30,,gfbj0837821
920826,盖世食品,2026-08-21,,,,,2026-06-30,,gfbj0836826
920832,齐鲁华信,2026-08-18,,,,,2026-06-30,,gqtg0100030
920833,美心翼申,2026-08-28,,,,,2026-06-30,,gfbj0833959
920834,三维装备,2026-08-27,,,,,2026-06-30,,gfbj0831834
920837,华原股份,2026-08-26,,,,,2026-06-30,,gfbj0838837
920839,万通液压,2026-08-20,,,,,2026-06-30,,gfbj0830839
920855,浙江大农,2026-08-25,,,,,2026-06-30,,gfbj0831855
920856,浩淼科技,2026-08-25,,,,,2026-06-30,,gfbj0831856
920857,泓禧科技,2026-08-27,,,,,2026-06-30,,gfbj0871857
920866,绿亨科技,2026-08-24,,,,,2026-06-30,,gfbj0870866
920870,恒进感应,2026-08-25,,,,,2026-06-30,,gfbj0838670
920871,派特尔,2026-08-17,,,,,2026-06-30,,gfbj0836871
920873,中设咨询,2026-08-24,,,,,2026-06-30,,gqtg0900033
920876,慧为智能,2026-08-28,,,,,2026-06-30,,gfbj0832876
920879,基康技术,2026-08-25,,,,,2026-06-30,,gfbj0830879
920885,星辰科技,2026-08-21,,,,,2026-06-30,,gfbj0832885
920892,广咨国际,2026-08-27,,,,,2026-06-30,,gfbj0836892
920895,花溪科技,2026-08-21,,2026-07-24,2026-08-24,,2026-06-30,,gfbj0872895
920896,旺成科技,2026-08-26,,,,,2026-06-30,,gqtg0900028
920906,舜宇精工,2026-08-27,,,,,2026-06-30,,gfbj0831906
920914,远航精密,2026-08-21,,,,,2026-06-30,,gfbj0833914
920924,广脉科技,2026-08-25,,,,,2026-06-30,,gfbj0838924
920925,锦好医疗,2026-08-25,,,,,2026-06-30,,gfbj0872925
920926,鸿智科技,2026-08-24,,,,,2026-06-30,,gfbj0870726
920931,无锡鼎邦,2026-08-20,,,,,2026-06-30,,gfbj0872931
920932,科达自控,2026-08-26,,2026-08-20,,,2026-06-30,,gfbj0831832
920942,恒立钻具,2026-08-24,,,,,2026-06-30,,gfbj0836942
920943,优机股份,2026-08-26,,,,,2026-06-30,,9900013373
920946,森萱医药,2026-08-26,,,,,2026-06-30,,gfbj0830946
920950,迅安科技,2026-08-25,,,,,2026-06-30,,gfbj0834950
920953,国子软件,2026-08-20,,,,,2026-06-30,,gfbj0872953
920957,汉维科技,2026-08-24,,,,,2026-06-30,,gfbj0836957
920961,创远信科,2026-08-28,,,,,2026-06-30,,gfbj0831961
920964,润农节水,2026-08-27,,,,,2026-06-30,,gfbj0830964
920970,大禹生物,2026-08-24,,,,,2026-06-30,,gfbj0871970
920971,天马新材,2026-08-25,,,,,2026-06-30,,gfbj0838971
920974,凯大催化,2026-08-20,,2026-08-19,,,2026-06-30,,gfbj0830974
920976,视声智能,2026-08-24,,,,,2026-06-30,,gfbj0870976
920978,开特股份,2026-08-26,,,,,2026-06-30,,gfbj0832978
920981,晶赛科技,2026-08-07,,,,,2026-06-30,,gfbj0871981
920982,锦波生物,2026-08-28,,,,,2026-06-30,,gfbj0832982
920985,海泰新能,2026-08-27,,2026-08-18,,,2026-06-30,,gfbj0835985
920992,中科美菱,2026-08-14,,,,,2026-06-30,,gfbj0835892
600000,浦发银行,2026-08-31,,2026-08-29,,,2026-06-30,,gssh0600000
600004,白云机场,2026-08-27,,,,,2026-06-30,,gssh0600004
600006,东风股份,2026-08-27,,,,,2026-06-30,,gssh0600006
600007,中国国贸,2026-08-31,,,,,2026-06-30,,gssh0600007
600008,首创环保,2026-08-31,,,,,2026-06-30,,gssh0600008
600009,上海机场,2026-08-20,,,,,2026-06-30,,gssh0600009
600010,包钢股份,2026-08-20,,,,,2026-06-30,,gssh0600010
600011,华能国际,2026-08-19,,,,,2026-06-30,,gssh0600011
600012,皖通高速,2026-08-25,,,,,2026-06-30,,gssh0600012
600015,华夏银行,2026-08-29,,,,,2026-06-30,,gssh0600015
600016,民生银行,2026-08-29,,,,,2026-06-30,,gssh0600016
600017,日照港,2026-08-27,,,,,2026-06-30,,9900000981
600018,上港集团,2026-08-28,,,,,2026-06-30,,9900001281
600019,宝钢股份,2026-08-22,,,,,2026-06-30,,gssh0600019
600020,中原高速,2026-08-01,,2026-08-15,,,2026-06-30,,gssh0600020
600021,上海电力,2026-08-29,,,,,2026-06-30,,gssh0600021
600022,山东钢铁,2026-08-21,,,,,2026-06-30,,gssh0600022
600023,浙能电力,2026-08-29,,,,,2026-06-30,,9900027828
600025,华能水电,2026-08-26,,,,,2026-06-30,,9900030360
600026,中远海能,2026-08-29,,,,,2026-06-30,,gssh0600026
600027,华电国际,2026-08-28,,,,,2026-06-30,,gssh0600027
600028,中国石化,2026-08-24,,,,,2026-06-30,,gssh0600028
600029,南方航空,2026-08-29,,,,,2026-06-30,,gssh0600029
600030,中信证券,2026-08-21,,,,,2026-06-30,,gssh0600030
600031,三一重工,2026-08-31,,,,,2026-06-30,,gssh0600031
600032,浙江新能,2026-08-28,,,,,2026-06-30,,9900041932
600033,福建高速,2026-08-25,,,,,2026-06-30,,gssh0600033
600035,楚天高速,2026-08-27,,,,,2026-06-30,,gssh0600035
600036,招商银行,2026-08-29,,,,,2026-06-30,,gssh0600036
600037,歌华有线,2026-08-29,,,,,2026-06-30,,gssh0600037
600038,中直股份,2026-08-25,,2026-08-27,,,2026-06-30,,gssh0600038
600039,四川路桥,2026-08-29,,,,,2026-06-30,,gssh0600039
600048,保利发展,2026-08-27,,,,,2026-06-30,,9900000161
600050,中国联通,2026-08-19,,,,,2026-06-30,,gssh0600050
600051,宁波联合,2026-08-25,,,,,2026-06-30,,gssh0600051
600052,东望时代,2026-08-28,,,,,2026-06-30,,gssh0600052
600053,*ST九鼎,2026-08-25,,,,,2026-06-30,,gssh0600053
600054,黄山旅游,2026-08-25,,,,,2026-06-30,,gssh0600054
600055,万东医疗,2026-08-26,,,,,2026-06-30,,gssh0600055
600056,中国医药,2026-08-26,,,,,2026-06-30,,gssh0600056
600057,厦门象屿,2026-08-25,,,,,2026-06-30,,gssh0600057
600058,五矿发展,2026-08-31,,2026-08-28,,,2026-06-30,,gssh0600058
600059,古越龙山,2026-08-28,,,,,2026-06-30,,gssh0600059
600060,海信视像,2026-08-26,,,,,2026-06-30,,gssh0600060
600061,国投资本,2026-08-31,,,,,2026-06-30,,gssh0600061
600062,华润双鹤,2026-08-22,,,,,2026-06-30,,gssh0600062
600063,皖维高新,2026-08-21,,,,,2026-06-30,,gssh0600063
600064,南京高科,2026-08-21,,,,,2026-06-30,,gssh0600064
600066,宇通客车,2026-08-11,,,,,2026-06-30,,gssh0600066
600067,冠城新材,2026-08-28,,,,,2026-06-30,,gssh0600067
600071,凤凰光学,2026-08-25,,,,,2026-06-30,,gssh0600071
600072,中船科技,2026-08-29,,,,,2026-06-30,,gssh0600072
600073,光明肉业,2026-08-29,,,,,2026-06-30,,gssh0600073
600075,新疆天业,2026-08-22,,,,,2026-06-30,,gssh0600075
600076,康欣新材,2026-08-26,,,,,2026-06-30,,gssh0600076
600078,澄星股份,2026-08-18,,,,,2026-06-30,,gssh0600078
600079,ST人福,2026-08-26,,,,,2026-06-30,,gssh0600079
600080,ST金花,2026-08-22,,,,,2026-06-30,,gssh0600080
600081,东风科技,2026-08-25,,,,,2026-06-30,,gssh0600081
600082,ST海泰,2026-08-29,,,,,2026-06-30,,gssh0600082
600084,*ST尼雅,2026-08-25,,,,,2026-06-30,,gssh0600084
600085,同仁堂,2026-08-31,,,,,2026-06-30,,gssh0600085
600088,中视传媒,2026-08-29,,,,,2026-06-30,,gssh0600088
600089,特变电工,2026-08-22,,,,,2026-06-30,,gssh0600089
600094,大名城,2026-08-28,,,,,2026-06-30,,gssh0600094
600095,湘财股份,2026-08-27,,,,,2026-06-30,,gssh0600095
600096,云天化,2026-08-18,,,,,2026-06-30,,gssh0600096
600097,开创国际,2026-08-29,,,,,2026-06-30,,gssh0600097
600098,广州发展,2026-08-31,,,,,2026-06-30,,gssh0600098
600099,林海股份,2026-08-26,,,,,2026-06-30,,gssh0600099
600100,同方股份,2026-08-29,,,,,2026-06-30,,gssh0600100
600101,明星电力,2026-08-27,,,,,2026-06-30,,gssh0600101
600103,青山纸业,2026-08-25,,,,,2026-06-30,,gssh0600103
600104,上汽集团,2026-08-29,,,,,2026-06-30,,gssh0600104
600105,永鼎股份,2026-08-20,,,,,2026-06-30,,gssh0600105
600106,重庆路桥,2026-08-25,,,,,2026-06-30,,gssh0600106
600107,*ST尔雅,2026-08-26,,,,,2026-06-30,,gssh0600107
600108,亚盛集团,2026-08-28,,,,,2026-06-30,,gssh0600108
600109,国金证券,2026-08-27,,,,,2026-06-30,,gssh0600109
600110,诺德股份,2026-07-31,,,,,2026-06-30,,gssh0600110
600111,北方稀土,2026-08-20,,,,,2026-06-30,,gssh0600111
600113,浙江东日,2026-08-25,,,,,2026-06-30,,gssh0600113
600114,东睦股份,2026-08-27,,,,,2026-06-30,,gssh0600114
600115,中国东航,2026-08-31,,,,,2026-06-30,,gssh0600115
600116,三峡水利,2026-08-21,,,,,2026-06-30,,gssh0600116
600117,西宁特钢,2026-08-31,,,,,2026-06-30,,gssh0600117
600118,中国卫星,2026-08-20,,,,,2026-06-30,,gssh0600118
600119,*ST长投,2026-08-27,,,,,2026-06-30,,gssh0600119
600120,浙江东方,2026-08-18,,,,,2026-06-30,,gssh0600120
600121,郑州煤电,2026-08-25,,,,,2026-06-30,,gssh0600121
600123,兰花科创,2026-08-25,,,,,2026-06-30,,gssh0600123
600125,铁龙物流,2026-08-25,,,,,2026-06-30,,gssh0600125
600126,杭钢股份,2026-08-29,,,,,2026-06-30,,gssh0600126
600127,金健米业,2026-08-29,,,,,2026-06-30,,gssh0600127
600128,苏豪弘业,2026-08-31,,,,,2026-06-30,,gssh0600128
600129,太极集团,2026-08-26,,,,,2026-06-30,,gssh0600129
600130,波导股份,2026-08-25,,,,,2026-06-30,,gssh0600130
600131,国网信通,2026-08-22,,,,,2026-06-30,,gssh0600131
600132,重庆啤酒,2026-08-20,,,,,2026-06-30,,gssh0600132
600133,东湖高新,2026-08-25,,,,,2026-06-30,,gssh0600133
600135,乐凯胶片,2026-08-27,,,,,2026-06-30,,gssh0600135
600136,ST明诚,2026-08-26,,,,,2026-06-30,,gssh0600136
600137,浪莎股份,2026-08-25,,,,,2026-06-30,,gssh0600137
600138,中青旅,2026-08-26,,,,,2026-06-30,,gssh0600138
600141,兴发集团,2026-08-25,,,,,2026-06-30,,gssh0600141
600143,金发科技,2026-08-25,,,,,2026-06-30,,gssh0600143
600148,长春一东,2026-08-26,,,,,2026-06-30,,gssh0600148
600149,廊坊发展,2026-08-22,,,,,2026-06-30,,gssh0600149
600150,中国船舶,2026-08-31,,,,,2026-06-30,,gssh0600150
600151,航天机电,2026-08-26,,,,,2026-06-30,,gssh0600151
600152,维科技术,2026-08-25,,,,,2026-06-30,,gssh0600152
600153,建发股份,2026-08-29,,,,,2026-06-30,,gssh0600153
600155,华创云信,2026-08-31,,,,,2026-06-30,,gssh0600155
600156,华升股份,2026-08-28,,,,,2026-06-30,,gssh0600156
600157,永泰能源,2026-08-29,,,,,2026-06-30,,gssh0600157
600158,中体产业,2026-08-27,,,,,2026-06-30,,gssh0600158
600159,大龙地产,2026-08-26,,,,,2026-06-30,,gssh0600159
600160,巨化股份,2026-08-26,,,,,2026-06-30,,gssh0600160
600161,天坛生物,2026-08-29,,,,,2026-06-30,,gssh0600161
600162,香江控股,2026-08-27,,,,,2026-06-30,,gssh0600162
600163,中闽能源,2026-08-28,,,,,2026-06-30,,gssh0600163
600165,ST宁科,2026-08-29,,,,,2026-06-30,,gssh0600165
600166,福田汽车,2026-08-29,,,,,2026-06-30,,gssh0600166
600167,联美控股,2026-08-29,,,,,2026-06-30,,gssh0600167
600168,武汉控股,2026-08-26,,,,,2026-06-30,,gssh0600168
600169,ST太重,2026-08-25,,,,,2026-06-30,,gssh0600169
600170,上海建工,2026-08-27,,,,,2026-06-30,,gssh0600170
600171,上海贝岭,2026-08-29,,,,,2026-06-30,,gssh0600171
600172,黄河旋风,2026-08-27,,,,,2026-06-30,,gssh0600172
600173,卧龙新能,2026-08-21,,,,,2026-06-30,,gssh0600173
600176,中国巨石,2026-08-27,,,,,2026-06-30,,gssh0600176
600177,雅戈尔,2026-08-29,,,,,2026-06-30,,gssh0600177
600178,东安动力,2026-08-25,,,,,2026-06-30,,gssh0600178
600179,安通控股,2026-08-25,,,,,2026-06-30,,gssh0600179
600180,*ST瑞茂,2026-08-29,,,,,2026-06-30,,gssh0600180
600182,S佳通,2026-08-29,,,,,2026-06-30,,gssh0600182
600183,生益科技,2026-08-15,,,,,2026-06-30,,gssh0600183
600184,光电股份,2026-08-28,,,,,2026-06-30,,gssh0600184
600185,珠免集团,2026-08-29,,,,,2026-06-30,,gssh0600185
600186,莲花控股,2026-08-29,,,,,2026-06-30,,gssh0600186
600187,*ST国中,2026-08-21,,,,,2026-06-30,,gssh0600187
600188,兖矿能源,2026-08-31,,2026-08-29,,,2026-06-30,,gssh0600188
600189,泉阳泉,2026-08-25,,,,,2026-06-30,,gssh0600189
600191,华资实业,2026-08-29,,,,,2026-06-30,,gssh0600191
600192,长城电工,2026-08-29,,,,,2026-06-30,,gssh0600192
600195,中牧股份,2026-08-27,,,,,2026-06-30,,gssh0600195
600196,复星医药,2026-08-26,,,,,2026-06-30,,gssh0600196
600197,伊力特,2026-08-27,,,,,2026-06-30,,gssh0600197
600198,大唐电信,2026-08-21,,,,,2026-06-30,,gssh0600198
600199,金种子酒,2026-08-29,,,,,2026-06-30,,gssh0600199
600201,生物股份,2026-08-04,,,,,2026-06-30,,gssh0600201
600202,哈空调,2026-08-25,,,,,2026-06-30,,gssh0600202
600203,福日电子,2026-08-11,,,,,2026-06-30,,gssh0600203
600206,有研新材,2026-08-25,,2026-08-05,,,2026-06-30,,gssh0600206
600207,安彩高科,2026-08-26,,,,,2026-06-30,,gssh0600207
600208,衢州发展,2026-08-31,,,,,2026-06-30,,gssh0600208
600210,紫江企业,2026-08-28,,,,,2026-06-30,,gssh0600210
600211,西藏药业,2026-08-14,,,,,2026-06-30,,gssh0600211
600212,绿能慧充,2026-08-26,,,,,2026-06-30,,gssh0600212
600215,派斯林,2026-08-26,,,,,2026-06-30,,gssh0600215
600216,浙江医药,2026-08-26,,,,,2026-06-30,,gssh0600216
600217,中再资环,2026-08-28,,,,,2026-06-30,,gssh0600217
600218,全柴动力,2026-08-29,,,,,2026-06-30,,gssh0600218
600219,南山铝业,2026-08-20,,,,,2026-06-30,,gssh0600219
600221,海航控股,2026-08-25,,,,,2026-06-30,,gssh0600221
600222,太龙药业,2026-08-28,,,,,2026-06-30,,gssh0600222
600223,福瑞达,2026-08-26,,,,,2026-06-30,,gssh0600223
600226,亨通股份,2026-08-25,,,,,2026-06-30,,gssh0600226
600227,赤天化,2026-08-28,,,,,2026-06-30,,gssh0600227
600228,返利科技,2026-08-22,,,,,2026-06-30,,gssh0600228
600229,城市传媒,2026-08-29,,,,,2026-06-30,,gssh0600229
600230,沧州大化,2026-08-15,,,,,2026-06-30,,gssh0600230
600231,凌钢股份,2026-08-25,,,,,2026-06-30,,gssh0600231
600232,金鹰股份,2026-08-27,,,,,2026-06-30,,gssh0600232
600233,圆通速递,2026-08-20,,,,,2026-06-30,,gssh0600233
600234,科新发展,2026-08-25,,,,,2026-06-30,,gssh0600234
600235,民丰特纸,2026-08-26,,,,,2026-06-30,,gssh0600235
600236,桂冠电力,2026-07-31,,,,,2026-06-30,,gssh0600236
600237,铜峰电子,2026-08-22,,,,,2026-06-30,,gssh0600237
600238,*ST椰岛,2026-08-25,,,,,2026-06-30,,gssh0600238
600239,ST云城,2026-08-25,,,,,2026-06-30,,gssh0600239
600241,时代万恒,2026-08-22,,,,,2026-06-30,,gssh0600241
600243,*ST海华,2026-08-18,,,,,2026-06-30,,gssh0600243
600246,万通发展,2026-08-29,,,,,2026-06-30,,gssh0600246
600248,陕建股份,2026-08-29,,,,,2026-06-30,,gssh0600248
600249,两面针,2026-08-28,,,,,2026-06-30,,gssh0600249
600250,南京商旅,2026-08-29,,,,,2026-06-30,,gssh0600250
600251,冠农股份,2026-08-26,,,,,2026-06-30,,gssh0600251
600252,中恒集团,2026-08-31,,,,,2026-06-30,,gssh0600252
600255,鑫科材料,2026-08-11,,,,,2026-06-30,,gssh0600255
600256,广汇能源,2026-08-21,,,,,2026-06-30,,gssh0600256
600257,大湖股份,2026-08-13,,,,,2026-06-30,,gssh0600257
600258,首旅酒店,2026-08-29,,,,,2026-06-30,,gssh0600258
600259,中稀有色,2026-08-26,,,,,2026-06-30,,gssh0600259
600261,阳光照明,2026-08-22,,,,,2026-06-30,,gssh0600261
600262,北方股份,2026-08-25,,,,,2026-06-30,,gssh0600262
600265,*ST景谷,2026-08-25,,,,,2026-06-30,,gssh0600265
600266,城建发展,2026-08-27,,,,,2026-06-30,,gssh0600266
600267,海正药业,2026-08-26,,,,,2026-06-30,,gssh0600267
600268,国电南自,2026-08-20,,,,,2026-06-30,,gssh0600268
600269,赣粤高速,2026-08-11,,,,,2026-06-30,,gssh0600269
600271,航天信息,2026-08-29,,,,,2026-06-30,,gssh0600271
600272,开开实业,2026-08-29,,,,,2026-06-30,,gssh0600272
600273,嘉化能源,2026-08-22,,,,,2026-06-30,,gssh0600273
600276,恒瑞医药,2026-08-20,,,,,2026-06-30,,gssh0600276
600278,东方创业,2026-08-28,,,,,2026-06-30,,gssh0600278
600279,重庆港,2026-08-25,,,,,2026-06-30,,gssh0600279
600280,中央商场,2026-08-27,,,,,2026-06-30,,gssh0600280
600281,华阳新材,2026-08-28,,,,,2026-06-30,,gssh0600281
600282,南钢股份,2026-08-21,,,,,2026-06-30,,gssh0600282
600283,钱江水利,2026-08-27,,,,,2026-06-30,,gssh0600283
600284,浦东建设,2026-08-29,,,,,2026-06-30,,gssh0600284
600285,羚锐制药,2026-08-12,,,,,2026-06-30,,gssh0600285
600287,苏豪时尚,2026-08-29,,,,,2026-06-30,,gssh0600287
600288,大恒科技,2026-08-25,,,,,2026-06-30,,gssh0600288
600289,ST信通,2026-08-27,,,,,2026-06-30,,gssh0600289
600292,电投水电,2026-08-31,,,,,2026-06-30,,gssh0600292
600293,三峡新材,2026-08-22,,,,,2026-06-30,,gssh0600293
600295,鄂尔多斯,2026-08-29,,,,,2026-06-30,,gssh0600295
600298,安琪酵母,2026-08-15,,,,,2026-06-30,,gssh0600298
600299,安迪苏,2026-08-31,,,,,2026-06-30,,gssh0600299
600300,维维股份,2026-08-25,,,,,2026-06-30,,gssh0600300
600301,华锡有色,2026-08-18,,,,,2026-06-30,,gssh0600301
600302,ST标准,2026-08-27,,,,,2026-06-30,,gssh0600302
600303,曙光股份,2026-08-31,,,,,2026-06-30,,gssh0600303
600305,恒顺醋业,2026-08-20,,,,,2026-06-30,,gssh0600305
600307,酒钢宏兴,2026-08-29,,,,,2026-06-30,,gssh0600307
600308,华泰股份,2026-08-22,,,,,2026-06-30,,gssh0600308
600309,万华化学,2026-08-11,,,,,2026-06-30,,gssh0600309
600310,广西能源,2026-08-31,,,,,2026-06-30,,gssh0600310
600312,平高电气,2026-08-20,,,,,2026-06-30,,gssh0600312
600313,农发种业,2026-08-22,,,,,2026-06-30,,gssh0600313
600315,上海家化,2026-08-20,,,,,2026-06-30,,gssh0600315
600316,洪都航空,2026-08-27,,,,,2026-06-30,,gssh0600316
600318,新力金融,2026-08-12,,,,,2026-06-30,,gssh0600318
600319,亚星化学,2026-08-29,,,,,2026-06-30,,gssh0600319
600320,振华重工,2026-08-27,,,,,2026-06-30,,gssh0600320
600322,津投城开,2026-08-29,,,,,2026-06-30,,gssh0600322
600323,瀚蓝环境,2026-08-27,,,,,2026-06-30,,gssh0600323
600325,华发股份,2026-08-31,,,,,2026-06-30,,gssh0600325
600326,西藏天路,2026-08-18,,,,,2026-06-30,,gssh0600326
600327,大东方,2026-08-26,,,,,2026-06-30,,gssh0600327
600328,中盐化工,2026-08-26,,,,,2026-06-30,,gssh0600328
600329,达仁堂,2026-08-15,,,,,2026-06-30,,gssh0600329
600330,天通股份,2026-08-26,,,,,2026-06-30,,gssh0600330
600331,宏达股份,2026-08-29,,,,,2026-06-30,,gssh0600331
600332,白云山,2026-08-22,,,,,2026-06-30,,gssh0600332
600333,长春燃气,2026-08-27,,,,,2026-06-30,,gssh0600333
600335,国机汽车,2026-08-26,,,,,2026-06-30,,gssh0600335
600336,澳柯玛,2026-08-22,,,,,2026-06-30,,gssh0600336
600337,ST美克,2026-08-31,,,,,2026-06-30,,gssh0600337
600338,西藏珠峰,2026-08-19,,,,,2026-06-30,,gssh0600338
600339,中油工程,2026-08-27,,,,,2026-06-30,,gssh0600339
600340,*ST华幸,2026-08-29,,,,,2026-06-30,,gssh0600340
600343,航天动力,2026-08-29,,,,,2026-06-30,,gssh0600343
600345,长江通信,2026-08-25,,,,,2026-06-30,,gssh0600345
600346,恒力石化,2026-08-20,,,,,2026-06-30,,gssh0600346
600348,华阳股份,2026-08-27,,,,,2026-06-30,,gssh0600348
600350,山东高速,2026-08-27,,,,,2026-06-30,,gssh0600350
600351,亚宝药业,2026-08-01,,,,,2026-06-30,,gssh0600351
600352,浙江龙盛,2026-08-26,,,,,2026-06-30,,gssh0600352
600353,旭光电子,2026-08-27,,,,,2026-06-30,,gssh0600353
600354,敦煌种业,2026-08-28,,,,,2026-06-30,,gssh0600354
600356,恒丰纸业,2026-08-26,,,,,2026-06-30,,gssh0600356
600358,国旅联合,2026-08-29,,,,,2026-06-30,,gssh0600358
600359,新农开发,2026-08-27,,,,,2026-06-30,,gssh0600359
600360,华微电子,2026-08-26,,,,,2026-06-30,,gssh0600360
600361,创新新材,2026-08-27,,,,,2026-06-30,,gssh0600361
600362,江西铜业,2026-08-26,,,,,2026-06-30,,gssh0600362
600363,联创光电,2026-08-27,,,,,2026-06-30,,gssh0600363
600365,ST通葡,2026-08-25,,,,,2026-06-30,,gssh0600365
600366,宁波韵升,2026-08-18,,,,,2026-06-30,,gssh0600366
600367,红星发展,2026-08-22,,,,,2026-06-30,,gssh0600367
600368,五洲交通,2026-08-22,,,,,2026-06-30,,gssh0600368
600369,西南证券,2026-08-18,,,,,2026-06-30,,gssh0600369
600370,*ST三房,2026-08-28,,,,,2026-06-30,,gssh0600370
600371,万向德农,2026-08-12,,,,,2026-06-30,,gssh0600371
600372,中航机载,2026-08-27,,,,,2026-06-30,,gssh0600372
600373,中文传媒,2026-08-27,,,,,2026-06-30,,gssh0600373
600375,汉马科技,2026-08-22,,,,,2026-06-30,,gssh0600375
600376,首开股份,2026-08-25,,,,,2026-06-30,,gssh0600376
600377,宁沪高速,2026-08-28,,,,,2026-06-30,,gssh0600377
600378,昊华科技,2026-08-27,,,,,2026-06-30,,gssh0600378
600379,宝光股份,2026-08-20,,,,,2026-06-30,,gssh0600379
600380,健康元,2026-08-25,,,,,2026-06-30,,gssh0600380
600381,*ST春天,2026-08-31,,,,,2026-06-30,,gssh0600381
600382,广东明珠,2026-08-27,,,,,2026-06-30,,gssh0600382
600383,金地集团,2026-08-29,,,,,2026-06-30,,gssh0600383
600386,北巴传媒,2026-08-27,,,,,2026-06-30,,gssh0600386
600388,龙净环保,2026-08-15,,,,,2026-06-30,,gssh0600388
600389,江山股份,2026-08-25,,,,,2026-06-30,,gssh0600389
600390,五矿资本,2026-08-27,,,,,2026-06-30,,gssh0600390
600391,航发科技,2026-08-27,,,,,2026-06-30,,gssh0600391
600392,盛和资源,2026-08-29,,,,,2026-06-30,,gssh0600392
600395,盘江股份,2026-08-22,,,,,2026-06-30,,gssh0600395
600396,华电辽能,2026-08-26,,,,,2026-06-30,,gssh0600396
600397,江钨装备,2026-08-27,,,,,2026-06-30,,gssh0600397
600398,海澜之家,2026-08-29,,,,,2026-06-30,,gssh0600398
600399,抚顺特钢,2026-08-20,,,,,2026-06-30,,gssh0600399
600400,红豆股份,2026-08-29,,,,,2026-06-30,,gssh0600400
600403,大有能源,2026-08-25,,,,,2026-06-30,,gssh0600403
600405,动力源,2026-08-20,,,,,2026-06-30,,gssh0600405
600406,国电南瑞,2026-08-27,,,,,2026-06-30,,gssh0600406
600408,安泰集团,2026-08-22,,,,,2026-06-30,,gssh0600408
600409,三友化工,2026-08-26,,,,,2026-06-30,,gssh0600409
600410,华胜天成,2026-08-27,,,,,2026-06-30,,gssh0600410
600415,小商品城,2026-08-26,,,,,2026-06-30,,gssh0600415
600416,湘电股份,2026-08-29,,,,,2026-06-30,,gssh0600416
600418,江淮汽车,2026-08-20,,,,,2026-06-30,,gssh0600418
600419,天润乳业,2026-08-21,,,,,2026-06-30,,gssh0600419
600420,国药现代,2026-08-27,,,,,2026-06-30,,gssh0600420
600422,昆药集团,2026-08-22,,,,,2026-06-30,,gssh0600422
600423,*ST柳化,2026-07-31,,,,,2026-06-30,,gssh0600423
600425,青松建化,2026-08-18,,,,,2026-06-30,,gssh0600425
600426,华鲁恒升,2026-08-20,,,,,2026-06-30,,gssh0600426
600428,中远海特,2026-08-27,,,,,2026-06-30,,gssh0600428
600429,三元股份,2026-08-25,,,,,2026-06-30,,gssh0600429
600433,冠豪高新,2026-08-08,,,,,2026-06-30,,gssh0600433
600435,北方导航,2026-08-26,,,,,2026-06-30,,gssh0600435
600436,片仔癀,2026-08-29,,,,,2026-06-30,,gssh0600436
600438,通威股份,2026-08-27,,,,,2026-06-30,,gssh0600438
600439,瑞贝卡,2026-08-28,,,,,2026-06-30,,gssh0600439
600444,国机通用,2026-08-19,,,,,2026-06-30,,gssh0600444
600446,金证股份,2026-08-25,,,,,2026-06-30,,gssh0600446
600448,华纺股份,2026-08-22,,,,,2026-06-30,,gssh0600448
600449,宁夏建材,2026-08-26,,,,,2026-06-30,,gssh0600449
600452,涪陵电力,2026-08-21,,,,,2026-06-30,,gssh0600452
600455,博通股份,2026-08-15,,,,,2026-06-30,,gssh0600455
600456,宝钛股份,2026-08-26,,,,,2026-06-30,,gssh0600456
600458,时代新材,2026-08-20,,,,,2026-06-30,,gssh0600458
600459,贵研铂业,2026-08-21,,,,,2026-06-30,,gssh0600459
600460,士兰微,2026-08-25,,,,,2026-06-30,,gssh0600460
600461,洪城环境,2026-08-27,,,,,2026-06-30,,gssh0600461
600463,空港股份,2026-08-26,,,,,2026-06-30,,gssh0600463
600467,好当家,2026-08-28,,,,,2026-06-30,,gssh0600467
600468,百利电气,2026-08-26,,,,,2026-06-30,,gssh0600468
600469,风神股份,2026-08-29,,,,,2026-06-30,,gssh0600469
600470,六国化工,2026-08-26,,,,,2026-06-30,,gssh0600470
600475,华光环能,2026-08-26,,,,,2026-06-30,,gssh0600475
600476,*ST湘邮,2026-08-22,,,,,2026-06-30,,gssh0600476
600477,杭萧钢构,2026-08-17,,,,,2026-06-30,,gssh0600477
600478,科力远,2026-08-25,,,,,2026-06-30,,gssh0600478
600479,千金药业,2026-08-26,,,,,2026-06-30,,gssh0600479
600480,凌云股份,2026-08-25,,,,,2026-06-30,,gssh0600480
600481,双良节能,2026-08-28,,,,,2026-06-30,,gssh0600481
600482,中国动力,2026-08-31,,,,,2026-06-30,,gssh0600482
600483,福能股份,2026-08-22,,,,,2026-06-30,,gssh0600483
600486,扬农化工,2026-08-25,,,,,2026-06-30,,gssh0600486
600487,亨通光电,2026-08-27,,,,,2026-06-30,,gssh0600487
600488,津药药业,2026-08-26,,,,,2026-06-30,,gssh0600488
600489,中金黄金,2026-08-28,,,,,2026-06-30,,gssh0600489
600490,鹏欣资源,2026-08-26,,,,,2026-06-30,,gssh0600490
600491,ST龙元,2026-08-31,,,,,2026-06-30,,gssh0600491
600493,凤竹纺织,2026-08-29,,,,,2026-06-30,,gssh0600493
600495,晋西车轴,2026-08-12,,,,,2026-06-30,,gssh0600495
600496,精工钢构,2026-08-26,,,,,2026-06-30,,gssh0600496
600497,驰宏锌锗,2026-08-26,,,,,2026-06-30,,gssh0600497
600498,烽火通信,2026-08-27,,,,,2026-06-30,,gssh0600498
600499,科达制造,2026-08-25,,,,,2026-06-30,,gssh0600499
600500,中化国际,2026-08-08,,,,,2026-06-30,,gssh0600500
600501,航天晨光,2026-08-25,,,,,2026-06-30,,gssh0600501
600502,安徽建工,2026-08-31,,,,,2026-06-30,,gssh0600502
600503,华丽家族,2026-08-29,,,,,2026-06-30,,gssh0600503
600505,西昌电力,2026-08-20,,,,,2026-06-30,,gssh0600505
600506,统一股份,2026-08-25,,,,,2026-06-30,,gssh0600506
600507,方大特钢,2026-08-27,,,,,2026-06-30,,gssh0600507
600508,上海能源,2026-08-22,,,,,2026-06-30,,gssh0600508
600509,天富能源,2026-08-15,,,,,2026-06-30,,gssh0600509
600510,黑牡丹,2026-08-25,,,,,2026-06-30,,gssh0600510
600511,国药股份,2026-08-20,,,,,2026-06-30,,gssh0600511
600512,腾达建设,2026-08-29,,,,,2026-06-30,,gssh0600512
600513,联环药业,2026-08-29,,,,,2026-06-30,,gssh0600513
600515,海南机场,2026-08-21,,,,,2026-06-30,,gssh0600515
600516,方大炭素,2026-08-31,,,,,2026-06-30,,gssh0600516
600517,国网英大,2026-08-27,,,,,2026-06-30,,gssh0600517
600518,康美药业,2026-08-26,,,,,2026-06-30,,gssh0600518
600519,贵州茅台,2026-08-15,,,,,2026-06-30,,gssh0600519
600520,三佳科技,2026-08-27,,,,,2026-06-30,,gssh0600520
600521,华海药业,2026-08-27,,,,,2026-06-30,,gssh0600521
600522,中天科技,2026-08-28,,,,,2026-06-30,,gssh0600522
600523,贵航股份,2026-08-15,,,,,2026-06-30,,gssh0600523
600525,ST长园,2026-08-31,,,,,2026-06-30,,gssh0600525
600526,菲达环保,2026-08-20,,,,,2026-06-30,,gssh0600526
600527,江南高纤,2026-08-25,,,,,2026-06-30,,gssh0600527
600528,中铁工业,2026-08-26,,,,,2026-06-30,,gssh0600528
600529,山东药玻,2026-08-25,,,,,2026-06-30,,gssh0600529
600530,交大昂立,2026-08-25,,,,,2026-06-30,,gssh0600530
600531,豫光金铅,2026-08-27,,,,,2026-06-30,,gssh0600531
600533,栖霞建设,2026-08-27,,,,,2026-06-30,,gssh0600533
600535,天士力,2026-08-22,,,,,2026-06-30,,gssh0600535
600536,中国软件,2026-08-26,,,,,2026-06-30,,gssh0600536
600537,*ST亿晶,2026-08-27,,,,,2026-06-30,,gssh0600537
600538,国发股份,2026-08-22,,,,,2026-06-30,,gssh0600538
600539,狮头股份,2026-08-27,,,,,2026-06-30,,gssh0600539
600540,新赛股份,2026-08-27,,,,,2026-06-30,,gssh0600540
600543,*ST莫高,2026-08-29,,,,,2026-06-30,,gssh0600543
600545,卓郎智能,2026-08-28,,,,,2026-06-30,,gssh0600545
600546,山煤国际,2026-08-29,,,,,2026-06-30,,gssh0600546
600547,山东黄金,2026-08-29,,,,,2026-06-30,,gssh0600547
600548,深高速,2026-08-26,,,,,2026-06-30,,gssh0600548
600549,厦门钨业,2026-08-21,,,,,2026-06-30,,gssh0600549
600550,保变电气,2026-08-20,,,,,2026-06-30,,gssh0600550
600551,时代出版,2026-08-28,,,,,2026-06-30,,gssh0600551
600552,凯盛科技,2026-08-26,,,,,2026-06-30,,gssh0600552
600556,天下秀,2026-08-27,,,,,2026-06-30,,gssh0600556
600557,康缘药业,2026-08-28,,,,,2026-06-30,,gssh0600557
600558,大西洋,2026-08-27,,,,,2026-06-30,,gssh0600558
600559,老白干酒,2026-08-29,,,,,2026-06-30,,gssh0600559
600560,金自天正,2026-08-28,,,,,2026-06-30,,gssh0600560
600561,江西长运,2026-08-28,,,,,2026-06-30,,gssh0600561
600562,国睿科技,2026-08-25,,,,,2026-06-30,,gssh0600562
600563,法拉电子,2026-08-22,,,,,2026-06-30,,gssh0600563
600566,济川药业,2026-08-29,,,,,2026-06-30,,gssh0600566
600567,山鹰国际,2026-08-25,,,,,2026-06-30,,gssh0600567
600568,ST中珠,2026-08-29,,,,,2026-06-30,,gssh0600568
600569,安阳钢铁,2026-08-31,,,,,2026-06-30,,gssh0600569
600570,恒生电子,2026-08-31,,2026-08-26,,,2026-06-30,,gssh0600570
600571,信雅达,2026-08-27,,,,,2026-06-30,,gssh0600571
600572,康恩贝,2026-08-26,,,,,2026-06-30,,gssh0600572
600573,惠泉啤酒,2026-08-19,,,,,2026-06-30,,gssh0600573
600575,淮河能源,2026-08-26,,,,,2026-06-30,,gssh0600575
600576,祥源文旅,2026-08-26,,,,,2026-06-30,,gssh0600576
600577,精达股份,2026-08-25,,,,,2026-06-30,,gssh0600577
600578,京能电力,2026-08-22,,,,,2026-06-30,,gssh0600578
600579,中化装备,2026-08-27,,,,,2026-06-30,,gssh0600579
600580,卧龙电驱,2026-08-31,,,,,2026-06-30,,gssh0600580
600581,*ST八钢,2026-08-21,,2026-08-25,,,2026-06-30,,gssh0600581
600582,天地科技,2026-08-31,,,,,2026-06-30,,gssh0600582
600583,海油工程,2026-08-18,,,,,2026-06-30,,gssh0600583
600584,长电科技,2026-08-21,,,,,2026-06-30,,gssh0600584
600585,海螺水泥,2026-08-27,,,,,2026-06-30,,gssh0600585
600586,金晶科技,2026-08-25,,,,,2026-06-30,,gssh0600586
600587,新华医疗,2026-08-29,,,,,2026-06-30,,gssh0600587
600588,用友网络,2026-08-22,,,,,2026-06-30,,gssh0600588
600589,大位科技,2026-08-21,,,,,2026-06-30,,gssh0600589
600590,泰豪科技,2026-08-29,,,,,2026-06-30,,gssh0600590
600592,龙溪股份,2026-08-28,,,,,2026-06-30,,gssh0600592
600593,大连圣亚,2026-08-26,,,,,2026-06-30,,gssh0600593
600594,益佰制药,2026-08-21,,,,,2026-06-30,,gssh0600594
600595,中孚实业,2026-08-05,,,,,2026-06-30,,gssh0600595
600596,新安股份,2026-08-25,,,,,2026-06-30,,gssh0600596
600597,光明乳业,2026-08-31,,,,,2026-06-30,,gssh0600597
600598,北大荒,2026-08-28,,,,,2026-06-30,,gssh0600598
600600,青岛啤酒,2026-08-27,,,,,2026-06-30,,gssh0600600
600601,方正科技,2026-08-26,,,,,2026-06-30,,gssh0600601
600602,云赛智联,2026-08-26,,,,,2026-06-30,,gssh0600602
600603,广汇物流,2026-08-22,,,,,2026-06-30,,gssh0600603
600604,市北高新,2026-08-22,,,,,2026-06-30,,gssh0600604
600605,汇通能源,2026-08-26,,,,,2026-06-30,,gssh0600605
600606,绿地控股,2026-08-29,,,,,2026-06-30,,gssh0600606
600609,金杯汽车,2026-08-31,,,,,2026-06-30,,gssh0600609
600610,中毅达,2026-08-22,,,,,2026-06-30,,gssh0600610
600611,大众交通,2026-08-29,,,,,2026-06-30,,gssh0600611
600612,老凤祥,2026-08-27,,,,,2026-06-30,,gssh0600612
600613,神奇制药,2026-08-29,,,,,2026-06-30,,gssh0600613
600615,鑫源智造,2026-08-26,,,,,2026-06-30,,gssh0600615
600616,金枫酒业,2026-08-29,,,,,2026-06-30,,gssh0600616
600617,国新能源,2026-08-22,,,,,2026-06-30,,gssh0600617
600618,氯碱化工,2026-08-25,,,,,2026-06-30,,gssh0600618
600619,海立股份,2026-08-31,,,,,2026-06-30,,gssh0600619
600620,天宸股份,2026-08-28,,,,,2026-06-30,,gssh0600620
600621,华鑫股份,2026-08-27,,,,,2026-06-30,,gssh0600621
600622,光大嘉宝,2026-08-27,,,,,2026-06-30,,gssh0600622
600623,华谊集团,2026-08-25,,,,,2026-06-30,,gssh0600623
600624,ST复华,2026-08-26,,,,,2026-06-30,,gssh0600624
600626,申达股份,2026-08-27,,,,,2026-06-30,,gssh0600626
600628,新世界,2026-08-22,,,,,2026-06-30,,gssh0600628
600629,华建集团,2026-08-27,,,,,2026-06-30,,gssh0600629
600630,龙头股份,2026-08-29,,,,,2026-06-30,,gssh0600630
600633,浙数文化,2026-08-15,,,,,2026-06-30,,gssh0600633
600635,大众公用,2026-08-29,,,,,2026-06-30,,gssh0600635
600637,东方明珠,2026-08-25,,,,,2026-06-30,,gssh0600637
600638,新黄浦,2026-08-29,,,,,2026-06-30,,gssh0600638
600639,浦东金桥,2026-08-28,,,,,2026-06-30,,gssh0600639
600640,国脉文化,2026-08-22,,,,,2026-06-30,,gssh0600640
600641,先导基电,2026-08-08,,,,,2026-06-30,,gssh0600641
600642,申能股份,2026-08-29,,,,,2026-06-30,,gssh0600642
600643,爱建集团,2026-08-27,,,,,2026-06-30,,gssh0600643
600644,乐山电力,2026-08-31,,,,,2026-06-30,,gssh0600644
600645,中源协和,2026-08-31,,2026-08-28,,,2026-06-30,,gssh0600645
600648,外高桥,2026-08-25,,,,,2026-06-30,,gssh0600648
600649,城投控股,2026-08-31,,,,,2026-06-30,,gssh0600649
600650,锦江在线,2026-08-26,,,,,2026-06-30,,gssh0600650
600651,飞乐音响,2026-08-28,,,,,2026-06-30,,gssh0600651
600653,申华控股,2026-08-27,,,,,2026-06-30,,gssh0600653
600654,中安科,2026-08-27,,,,,2026-06-30,,gssh0600654
600655,豫园股份,2026-08-21,,,,,2026-06-30,,gssh0600655
600657,信达地产,2026-08-31,,,,,2026-06-30,,gssh0600657
600658,电子城,2026-08-29,,,,,2026-06-30,,gssh0600658
600660,福耀玻璃,2026-08-19,,,,,2026-06-30,,gssh0600660
600661,昂立教育,2026-08-15,,,,,2026-06-30,,gssh0600661
600662,外服控股,2026-08-21,,,,,2026-06-30,,gssh0600662
600663,陆家嘴,2026-07-30,,,,,2026-06-30,,gssh0600663
600664,哈药股份,2026-08-26,,,,,2026-06-30,,gssh0600664
600665,天地源,2026-08-27,,,,,2026-06-30,,gssh0600665
600666,奥瑞德,2026-08-25,,,,,2026-06-30,,gssh0600666
600667,太极实业,2026-08-27,,,,,2026-06-30,,gssh0600667
600668,尖峰集团,2026-08-31,,,,,2026-06-30,,gssh0600668
600671,天目药业,2026-08-28,,,,,2026-06-30,,gssh0600671
600673,东阳光,2026-08-18,,,,,2026-06-30,,gssh0600673
600674,川投能源,2026-08-15,,,,,2026-06-30,,gssh0600674
600675,中华企业,2026-08-27,,,,,2026-06-30,,gssh0600675
600676,交运股份,2026-08-29,,,,,2026-06-30,,gssh0600676
600678,ST金顶,2026-08-27,,,,,2026-06-30,,gssh0600678
600679,上海凤凰,2026-08-31,,,,,2026-06-30,,gssh0600679
600681,百川能源,2026-08-29,,,,,2026-06-30,,gssh0600681
600682,南京新百,2026-08-27,,,,,2026-06-30,,gssh0600682
600683,京投发展,2026-08-25,,,,,2026-06-30,,gssh0600683
600684,珠江股份,2026-08-27,,,,,2026-06-30,,gssh0600684
600685,中船防务,2026-08-26,,,,,2026-06-30,,gssh0600685
600686,金龙汽车,2026-08-25,,,,,2026-06-30,,gssh0600686
600688,上海石化,2026-08-20,,,,,2026-06-30,,gssh0600688
600689,上海三毛,2026-08-31,,,,,2026-06-30,,gssh0600689
600690,海尔智家,2026-08-28,,,,,2026-06-30,,gssh0600690
600691,潞化科技,2026-08-29,,,,,2026-06-30,,gssh0600691
600692,亚通股份,2026-08-26,,,,,2026-06-30,,gssh0600692
600693,东百集团,2026-08-12,,,,,2026-06-30,,gssh0600693
600694,大商股份,2026-08-31,,,,,2026-06-30,,gssh0600694
600697,欧亚集团,2026-08-22,,,,,2026-06-30,,gssh0600697
600698,湖南天雁,2026-08-22,,,,,2026-06-30,,gssh0600698
600699,均胜电子,2026-08-26,,,,,2026-06-30,,gssh0600699
600702,舍得酒业,2026-08-19,,,,,2026-06-30,,gssh0600702
600703,三安光电,2026-08-26,,,,,2026-06-30,,gssh0600703
600704,物产中大,2026-08-25,,,,,2026-06-30,,gssh0600704
600706,曲江文旅,2026-08-25,,,,,2026-06-30,,gssh0600706
600707,彩虹股份,2026-08-27,,,,,2026-06-30,,gssh0600707
600708,光明地产,2026-08-28,,,,,2026-06-30,,gssh0600708
600710,苏美达,2026-08-28,,,,,2026-06-30,,gssh0600710
600711,盛屯矿业,2026-07-30,,,,,2026-06-30,,gssh0600711
600712,南宁百货,2026-08-21,,,,,2026-06-30,,gssh0600712
600713,南京医药,2026-08-29,,,,,2026-06-30,,gssh0600713
600714,金瑞矿业,2026-08-28,,,,,2026-06-30,,gssh0600714
600715,文投控股,2026-08-25,,2026-08-29,,,2026-06-30,,gssh0600715
600716,凤凰股份,2026-08-22,,,,,2026-06-30,,gssh0600716
600717,天津港,2026-08-22,,,,,2026-06-30,,gssh0600717
600718,东软集团,2026-08-29,,,,,2026-06-30,,gssh0600718
600719,大连热电,2026-08-14,,,,,2026-06-30,,gssh0600719
600720,中交设计,2026-08-29,,,,,2026-06-30,,gssh0600720
600721,百花医药,2026-08-25,,,,,2026-06-30,,gssh0600721
600722,金牛化工,2026-08-27,,,,,2026-06-30,,gssh0600722
600724,宁波富达,2026-08-27,,,,,2026-06-30,,gssh0600724
600725,云维股份,2026-08-25,,,,,2026-06-30,,gssh0600725
600726,华电能源,2026-08-20,,,,,2026-06-30,,gssh0600726
600727,鲁北化工,2026-08-06,,,,,2026-06-30,,gssh0600727
600728,佳都科技,2026-08-26,,,,,2026-06-30,,gssh0600728
600729,重百集团,2026-08-25,,,,,2026-06-30,,gssh0600729
600730,*ST高科,2026-08-31,,,,,2026-06-30,,gssh0600730
600731,湖南海利,2026-08-25,,,,,2026-06-30,,gssh0600731
600732,爱旭股份,2026-08-29,,,,,2026-06-30,,gssh0600732
600733,北汽蓝谷,2026-08-29,,,,,2026-06-30,,gssh0600733
600734,*ST实达,2026-08-27,,,,,2026-06-30,,gssh0600734
600735,ST新华锦,2026-08-25,,,,,2026-06-30,,gssh0600735
600736,苏州高新,2026-08-28,,,,,2026-06-30,,gssh0600736
600737,中粮糖业,2026-08-28,,,,,2026-06-30,,gssh0600737
600738,丽尚国潮,2026-08-22,,2026-08-19,,,2026-06-30,,gssh0600738
600739,辽宁成大,2026-08-31,,,,,2026-06-30,,gssh0600739
600740,山西焦化,2026-08-25,,,,,2026-06-30,,gssh0600740
600741,华域汽车,2026-08-28,,,,,2026-06-30,,gssh0600741
600742,富维股份,2026-08-29,,,,,2026-06-30,,gssh0600742
600743,华远控股,2026-08-31,,,,,2026-06-30,,gssh0600743
600744,华银电力,2026-08-27,,,,,2026-06-30,,gssh0600744
600745,*ST闻泰,2026-08-15,,,,,2026-06-30,,gssh0600745
600746,江苏索普,2026-08-26,,,,,2026-06-30,,gssh0600746
600748,上实发展,2026-08-22,,,,,2026-06-30,,gssh0600748
600749,西藏旅游,2026-08-25,,,,,2026-06-30,,gssh0600749
600750,华润江中,2026-08-22,,,,,2026-06-30,,gssh0600750
600751,海航科技,2026-08-25,,,,,2026-06-30,,gssh0600751
600753,ST海钦,2026-08-18,,,,,2026-06-30,,gssh0600753
600754,锦江酒店,2026-08-29,,,,,2026-06-30,,gssh0600754
600755,厦门国贸,2026-08-26,,,,,2026-06-30,,gssh0600755
600756,浪潮软件,2026-08-26,,,,,2026-06-30,,gssh0600756
600757,长江传媒,2026-08-27,,,,,2026-06-30,,gssh0600757
600758,辽宁能源,2026-08-29,,,,,2026-06-30,,gssh0600758
600759,ST洲际,2026-08-25,,,,,2026-06-30,,gssh0600759
600760,中航沈飞,2026-08-28,,,,,2026-06-30,,gssh0600760
600761,安徽合力,2026-08-25,,,,,2026-06-30,,gssh0600761
600763,通策医疗,2026-08-15,,,,,2026-06-30,,gssh0600763
600764,中国海防,2026-08-29,,,,,2026-06-30,,gssh0600764
600765,中航重机,2026-08-31,,,,,2026-06-30,,gssh0600765
600768,宁波富邦,2026-08-11,,,,,2026-06-30,,gssh0600768
600769,祥龙电业,2026-08-19,,,,,2026-06-30,,gssh0600769
600770,综艺股份,2026-08-07,,,,,2026-06-30,,gssh0600770
600771,广誉远,2026-08-26,,,,,2026-06-30,,gssh0600771
600773,西藏城投,2026-08-22,,,,,2026-06-30,,gssh0600773
600774,汉商集团,2026-08-25,,,,,2026-06-30,,gssh0600774
600775,南京熊猫,2026-08-27,,,,,2026-06-30,,gssh0600775
600776,东方通信,2026-08-27,,,,,2026-06-30,,gssh0600776
600777,新潮能源,2026-08-27,,,,,2026-06-30,,gssh0600777
600778,友好集团,2026-08-25,,,,,2026-06-30,,gssh0600778
600779,水井坊,2026-08-29,,,,,2026-06-30,,gssh0600779
600780,通宝能源,2026-08-29,,,,,2026-06-30,,gssh0600780
600782,新钢股份,2026-08-27,,,,,2026-06-30,,gssh0600782
600783,鲁信创投,2026-08-29,,,,,2026-06-30,,gssh0600783
600784,鲁银投资,2026-08-22,,,,,2026-06-30,,gssh0600784
600785,新华百货,2026-08-21,,,,,2026-06-30,,gssh0600785
600787,中储股份,2026-08-27,,,,,2026-06-30,,gssh0600787
600789,鲁抗医药,2026-08-29,,,,,2026-06-30,,gssh0600789
600790,轻纺城,2026-08-25,,,,,2026-06-30,,gssh0600790
600791,京能置业,2026-08-29,,,,,2026-06-30,,gssh0600791
600792,云煤能源,2026-08-25,,,,,2026-06-30,,gssh0600792
600793,宜宾纸业,2026-08-31,,,,,2026-06-30,,gssh0600793
600794,保税科技,2026-08-15,,,,,2026-06-30,,gssh0600794
600795,国电电力,2026-08-18,,,,,2026-06-30,,gssh0600795
600796,钱江生化,2026-08-27,,,,,2026-06-30,,gssh0600796
600797,浙大网新,2026-08-22,,,,,2026-06-30,,gssh0600797
600798,宁波海运,2026-08-25,,,,,2026-06-30,,gssh0600798
600800,渤海化学,2026-08-31,,,,,2026-06-30,,gssh0600800
600801,华新建材,2026-08-29,,,,,2026-06-30,,gssh0600801
600802,福建水泥,2026-08-22,,,,,2026-06-30,,gssh0600802
600803,新奥股份,2026-08-29,,,,,2026-06-30,,gssh0600803
600805,悦达投资,2026-08-22,,,,,2026-06-30,,gssh0600805
600807,济高发展,2026-08-29,,,,,2026-06-30,,gssh0600807
600808,马钢股份,2026-08-29,,,,,2026-06-30,,gssh0600808
600809,山西汾酒,2026-08-31,,,,,2026-06-30,,gssh0600809
600810,神马股份,2026-08-28,,,,,2026-06-30,,gssh0600810
600812,华北制药,2026-08-22,,,,,2026-06-30,,gssh0600812
600814,杭州解百,2026-08-28,,,,,2026-06-30,,gssh0600814
600815,厦工股份,2026-08-31,,,,,2026-06-30,,gssh0600815
600816,建元信托,2026-08-14,,,,,2026-06-30,,gssh0600816
600817,宇通重工,2026-08-15,,,,,2026-06-30,,gssh0600817
600818,ST中路,2026-08-27,,,,,2026-06-30,,gssh0600818
600819,耀皮玻璃,2026-08-27,,,,,2026-06-30,,gssh0600819
600820,隧道股份,2026-08-28,,,,,2026-06-30,,gssh0600820
600821,金开新能,2026-08-26,,,,,2026-06-30,,gssh0600821
600822,上海物贸,2026-08-29,,,,,2026-06-30,,gssh0600822
600824,益民集团,2026-08-27,,,,,2026-06-30,,gssh0600824
600825,新华传媒,2026-08-27,,,,,2026-06-30,,gssh0600825
600826,兰生股份,2026-08-27,,,,,2026-06-30,,gssh0600826
600827,百联股份,2026-08-29,,,,,2026-06-30,,gssh0600827
600828,茂业商业,2026-08-26,,,,,2026-06-30,,gssh0600828
600829,人民同泰,2026-08-08,,,,,2026-06-30,,gssh0600829
600830,香溢融通,2026-08-26,,,,,2026-06-30,,gssh0600830
600831,广电网络,2026-08-26,,,,,2026-06-30,,gssh0600831
600833,第一医药,2026-08-22,,,,,2026-06-30,,gssh0600833
600834,申通地铁,2026-08-28,,,,,2026-06-30,,gssh0600834
600835,上海机电,2026-08-22,,,,,2026-06-30,,gssh0600835
600838,上海九百,2026-08-27,,,,,2026-06-30,,gssh0600838
600839,四川长虹,2026-08-26,,,,,2026-06-30,,gssh0600839
600841,动力新科,2026-08-27,,,,,2026-06-30,,gssh0600841
600843,上工申贝,2026-08-25,,,,,2026-06-30,,gssh0600843
600844,金煤科技,2026-08-14,,2026-07-18,,,2026-06-30,,gssh0600844
600845,宝信软件,2026-08-20,,,,,2026-06-30,,gssh0600845
600846,同济科技,2026-08-22,,,,,2026-06-30,,gssh0600846
600847,万里股份,2026-08-22,,,,,2026-06-30,,gssh0600847
600848,上海临港,2026-08-27,,,,,2026-06-30,,gssh0600848
600850,电科数字,2026-08-26,,,,,2026-06-30,,gssh0600850
600851,海欣股份,2026-08-21,,,,,2026-06-30,,gssh0600851
600853,龙建股份,2026-08-21,,,,,2026-06-30,,gssh0600853
600854,春兰股份,2026-08-26,,,,,2026-06-30,,gssh0600854
600855,航天长峰,2026-08-31,,,,,2026-06-30,,gssh0600855
600857,宁波中百,2026-08-25,,,,,2026-06-30,,gssh0600857
600858,银座股份,2026-08-25,,,,,2026-06-30,,gssh0600858
600859,王府井,2026-08-29,,,,,2026-06-30,,gssh0600859
600860,京城股份,2026-08-15,,,,,2026-06-30,,gssh0600860
600861,北京人力,2026-08-29,,,,,2026-06-30,,gssh0600861
600862,中航高科,2026-08-28,,,,,2026-06-30,,gssh0600862
600863,华能蒙电,2026-08-28,,,,,2026-06-30,,gssh0600863
600864,哈投股份,2026-08-15,,,,,2026-06-30,,gssh0600864
600865,百大集团,2026-08-15,,,,,2026-06-30,,gssh0600865
600866,星湖科技,2026-08-20,,,,,2026-06-30,,gssh0600866
600867,通化东宝,2026-08-25,,,,,2026-06-30,,gssh0600867
600868,梅雁吉祥,2026-08-26,,,,,2026-06-30,,gssh0600868
600869,远东股份,2026-08-22,,,,,2026-06-30,,gssh0600869
600871,石化油服,2026-08-18,,,,,2026-06-30,,gssh0600871
600872,中炬高新,2026-08-20,,,,,2026-06-30,,gssh0600872
600873,梅花生物,2026-08-15,,,,,2026-06-30,,gssh0600873
600874,创业环保,2026-08-26,,,,,2026-06-30,,gssh0600874
600875,东方电气,2026-08-26,,,,,2026-06-30,,gssh0600875
600876,凯盛新能,2026-08-27,,,,,2026-06-30,,gssh0600876
600877,电科芯片,2026-08-25,,,,,2026-06-30,,gssh0600877
600879,航天电子,2026-08-26,,,,,2026-06-30,,gssh0600879
600880,博瑞传播,2026-08-27,,,,,2026-06-30,,gssh0600880
600881,亚泰集团,2026-08-29,,,,,2026-06-30,,gssh0600881
600882,妙可蓝多,2026-08-22,,,,,2026-06-30,,gssh0600882
600883,博闻科技,2026-08-26,,,,,2026-06-30,,gssh0600883
600884,杉杉股份,2026-08-28,,,,,2026-06-30,,gssh0600884
600885,宏发股份,2026-07-30,,,,,2026-06-30,,gssh0600885
600886,国投电力,2026-08-31,,2026-08-28,,,2026-06-30,,gssh0600886
600887,伊利股份,2026-08-27,,,,,2026-06-30,,gssh0600887
600888,新疆众和,2026-08-21,,,,,2026-06-30,,gssh0600888
600889,*ST京化,2026-08-18,,,,,2026-06-30,,gssh0600889
600892,大晟文化,2026-08-27,,,,,2026-06-30,,gssh0600892
600893,航发动力,2026-08-27,,,,,2026-06-30,,gssh0600893
600894,广日股份,2026-08-25,,,,,2026-06-30,,gssh0600894
600895,张江高科,2026-08-20,,,,,2026-06-30,,gssh0600895
600897,厦门空港,2026-08-27,,,,,2026-06-30,,gssh0600897
600900,长江电力,2026-08-31,,,,,2026-06-30,,gssh0600900
600901,江苏金租,2026-08-19,,,,,2026-06-30,,9900017208
600903,贵州燃气,2026-08-27,,,,,2026-06-30,,GD150574
600905,三峡能源,2026-08-28,,,,,2026-06-30,,9900016549
600906,财达证券,2026-08-21,,,,,2026-06-30,,qsgn0000647
600908,无锡银行,2026-08-27,,,,,2026-06-30,,9900024953
600909,华安证券,2026-08-25,,,,,2026-06-30,,qsgn0000505
600916,中国黄金,2026-08-31,,,,,2026-06-30,,9900039719
600917,重庆燃气,2026-08-22,,,,,2026-06-30,,9900029304
600918,中泰证券,2026-08-22,,,,,2026-06-30,,qsgn0000702
600919,江苏银行,2026-08-20,,,,,2026-06-30,,9900006248
600925,苏能股份,2026-08-26,,,,,2026-06-30,,9900051620
600926,杭州银行,2026-08-27,,,,,2026-06-30,,9900006251
600927,永安期货,2026-08-26,,,,,2026-06-30,,gfbj0833840
600928,西安银行,2026-08-28,,,,,2026-06-30,,9900027168
600929,雪天盐业,2026-08-22,,,,,2026-06-30,,9900033912
600930,华电新能,2026-08-27,,,,,2026-06-30,,fzqy1062763
600933,爱柯迪,2026-08-28,,,,,2026-06-30,,gfbj0834393
600935,华塑股份,2026-08-26,,,,,2026-06-30,,gfbj0872452
600936,北投科技,2026-08-20,,,,,2026-06-30,,9900026796
600938,中国海油,2026-08-31,,,,,2026-06-30,,gshk0000883
600939,重庆建工,2026-08-27,,,,,2026-06-30,,9900006064
600941,中国移动,2026-08-14,,,,,2026-06-30,,gshk0000941
600955,维远股份,2026-08-21,,,,,2026-06-30,,nssc1000398
600956,新天绿能,2026-08-26,,,,,2026-06-30,,9900015548
600958,东方证券,2026-08-29,,,,,2026-06-30,,qsgn0000065
600959,江苏有线,2026-08-25,,,,,2026-06-30,,9900023742
600960,渤海汽车,2026-08-29,,,,,2026-06-30,,gssh0600960
600961,株冶集团,2026-08-19,,,,,2026-06-30,,gssh0600961
600962,国投中鲁,2026-08-29,,,,,2026-06-30,,gssh0600962
600963,岳阳林纸,2026-08-27,,,,,2026-06-30,,gssh0600963
600965,*ST福成,2026-08-22,,,,,2026-06-30,,gssh0600965
600966,博汇纸业,2026-08-29,,,,,2026-06-30,,gssh0600966
600967,内蒙一机,2026-08-28,,,,,2026-06-30,,gssh0600967
600968,海油发展,2026-08-26,,,,,2026-06-30,,9900033231
600969,郴电国际,2026-08-21,,,,,2026-06-30,,gssh0600969
600970,中材国际,2026-08-26,,,,,2026-06-30,,gssh0600970
600971,恒源煤电,2026-08-25,,2026-08-21,,,2026-06-30,,gssh0600971
600973,宝胜股份,2026-08-29,,,,,2026-06-30,,gssh0600973
600975,新五丰,2026-08-31,,,,,2026-06-30,,gssh0600975
600976,健民集团,2026-08-20,,,,,2026-06-30,,gssh0600976
600977,中国电影,2026-08-25,,,,,2026-06-30,,9900024673
600979,广安爱众,2026-08-25,,,,,2026-06-30,,gssh0600979
600980,北矿科技,2026-08-21,,,,,2026-06-30,,gssh0600980
600981,苏豪汇鸿,2026-08-28,,,,,2026-06-30,,gssh0600981
600982,宁波能源,2026-08-31,,,,,2026-06-30,,gssh0600982
600983,惠而浦,2026-08-25,,,,,2026-06-30,,gssh0600983
600984,建设机械,2026-08-27,,,,,2026-06-30,,gssh0600984
600985,淮北矿业,2026-08-28,,,,,2026-06-30,,gssh0600985
600986,浙文互联,2026-08-31,,,,,2026-06-30,,gssh0600986
600987,航民股份,2026-08-19,,,,,2026-06-30,,gssh0600987
600988,赤峰黄金,2026-08-31,,,,,2026-06-30,,gssh0600988
600989,宝丰能源,2026-08-13,,,,,2026-06-30,,9900019573
600990,四创电子,2026-08-22,,,,,2026-06-30,,gssh0600990
600992,贵绳股份,2026-08-26,,,,,2026-06-30,,gssh0600992
600993,马应龙,2026-08-26,,,,,2026-06-30,,gssh0600993
600995,南网储能,2026-08-21,,,,,2026-06-30,,gssh0600995
600996,贵广网络,2026-08-31,,,,,2026-06-30,,9900030438
600997,开滦股份,2026-08-27,,,,,2026-06-30,,gssh0600997
600998,九州通,2026-08-25,,,,,2026-06-30,,9900015627
600999,招商证券,2026-08-26,,,,,2026-06-30,,qsgn0000118
601000,唐山港,2026-08-27,,,,,2026-06-30,,9900013088
601001,晋控煤业,2026-08-28,,,,,2026-06-30,,gssh0601001
601002,晋亿实业,2026-08-27,,,,,2026-06-30,,9900002005
601003,柳钢股份,2026-08-29,,,,,2026-06-30,,9900002182
601005,重庆钢铁,2026-08-31,,,,,2026-06-30,,9900002184
601006,大秦铁路,2026-08-21,,,,,2026-06-30,,9900000261
601007,金陵饭店,2026-08-28,,,,,2026-06-30,,9900002481
601008,连云港,2026-08-25,,,,,2026-06-30,,9900002722
601009,南京银行,2026-08-19,,,,,2026-06-30,,9900003284
601010,ST文峰,2026-08-29,,,,,2026-06-30,,9900019963
601011,宝泰隆,2026-08-22,,,,,2026-06-30,,9900018407
601012,隆基绿能,2026-08-31,,,,,2026-06-30,,9900022338
601015,陕西黑猫,2026-08-27,,,,,2026-06-30,,9900022940
601016,节能风电,2026-08-28,,,,,2026-06-30,,9900029306
601018,宁波港,2026-08-28,,,,,2026-06-30,,9900010907
601019,山东出版,2026-08-26,,,,,2026-06-30,,9900031730
601020,华钰矿业,2026-08-28,,,,,2026-06-30,,9900029826
601021,春秋航空,2026-08-29,,,,,2026-06-30,,9900023129
601022,宁波远洋,2026-08-27,,,,,2026-06-30,,9900051994
601026,道生天合,2026-08-20,,,,,2026-06-30,,9900046850
601033,永兴股份,2026-08-26,,,,,2026-06-30,,9900056832
601038,一拖股份,2026-08-26,,,,,2026-06-30,,gshk0000038
601058,赛轮轮胎,2026-08-31,,,,,2026-06-30,,9900009410
601059,信达证券,2026-07-31,,,,,2026-06-30,,9900003683
601061,中信金属,2026-08-21,,,,,2026-06-30,,GD192514
601065,江盐集团,2026-08-25,,,,,2026-06-30,,9900046968
601066,中信建投,2026-08-19,,,,,2026-06-30,,qsgn0000884
601068,中铝国际,2026-08-14,,,,,2026-06-30,,GD066180
601069,西部黄金,2026-08-25,,,,,2026-06-30,,9900023646
601077,渝农商行,2026-08-31,,,,,2026-06-30,,9900016867
601083,锦江航运,2026-08-28,,,,,2026-06-30,,9900057394
601086,国芳集团,2026-08-26,,,,,2026-06-30,,9900027668
601088,中国神华,2026-08-31,,,,,2026-06-30,,9900003701
601089,福元医药,2026-08-15,,,,,2026-06-30,,9900047301
601096,宏盛华源,2026-08-20,,,,,2026-06-30,,9900052305
601098,中南传媒,2026-08-26,,,,,2026-06-30,,9900015470
601099,太平洋,2026-08-29,,,,,2026-06-30,,9900004122
601100,恒立液压,2026-08-25,,,,,2026-06-30,,9900021530
601101,昊华能源,2026-08-19,,,,,2026-06-30,,9900010887
601106,中国一重,2026-08-28,,,,,2026-06-30,,9900010530
601107,四川成渝,2026-08-28,,,,,2026-06-30,,9900007387
601108,财通证券,2026-08-29,,,,,2026-06-30,,qsgn0000808
601111,中国国航,2026-08-31,,,,,2026-06-30,,9900000441
601112,振石股份,2026-08-18,,,,,2026-06-30,,9900063189
601113,华鼎股份,2026-08-26,,,,,2026-06-30,,9900019412
601116,三江购物,2026-08-27,,,,,2026-06-30,,9900018284
601117,中国化学,2026-08-25,,,,,2026-06-30,,9900009949
601118,海南橡胶,2026-08-28,,,,,2026-06-30,,9900005902
601121,宝地矿业,2026-08-26,,,,,2026-06-30,,9900030900
601126,四方股份,2026-08-27,,,,,2026-06-30,,9900016847
601127,赛力斯,2026-08-20,,,,,2026-06-30,,9900024265
601128,常熟银行,2026-08-27,,,,,2026-06-30,,9900023084
601133,柏诚股份,2026-08-26,,,,,2026-06-30,,9900053230
601136,首创证券,2026-08-26,,,,,2026-06-30,,qsgn0000516
601137,博威合金,2026-08-25,,,,,2026-06-30,,9900017432
601138,工业富联,2026-08-12,,,,,2026-06-30,,9900036731
601139,深圳燃气,2026-08-26,,,,,2026-06-30,,9900009513
601155,新城控股,2026-08-27,,,,,2026-06-30,,GD012027
601156,东航物流,2026-08-31,,,,,2026-06-30,,9900039947
601158,重庆水务,2026-08-26,,,,,2026-06-30,,9900011267
601162,天风证券,2026-08-31,,,,,2026-06-30,,qsgn0000533
601163,三角轮胎,2026-08-27,,,,,2026-06-30,,9900022035
601166,兴业银行,2026-08-28,,,,,2026-06-30,,9900002081
601168,西部矿业,2026-07-30,,,,,2026-06-30,,9900003262
601169,北京银行,2026-08-21,,,,,2026-06-30,,9900003642
601177,杭齿前进,2026-08-21,,,,,2026-06-30,,9900014907
601179,中国西电,2026-08-20,,,,,2026-06-30,,9900010350
601186,中国铁建,2026-08-29,,,,,2026-06-30,,9900004347
601187,厦门银行,2026-08-29,,,,,2026-06-30,,9900012128
601188,龙江交通,2026-08-28,,,,,2026-06-30,,9900011628
601198,东兴证券,2026-07-31,,,,,2026-06-30,,9900008427
601199,江南水务,2026-08-26,,,,,2026-06-30,,9900018832
601200,上海环境,2026-08-27,,,,,2026-06-30,,9900034899
601208,东材科技,2026-08-21,,,,,2026-06-30,,9900019705
601211,国泰海通,2026-08-19,,,,,2026-06-30,,qsgn0000116
601212,白银有色,2026-08-29,,,,,2026-06-30,,9900027220
601216,君正集团,2026-08-26,,,,,2026-06-30,,9900017867
601218,吉鑫科技,2026-08-25,,,,,2026-06-30,,9900019427
601222,林洋能源,2026-08-28,,,,,2026-06-30,,9900021223
601225,陕西煤业,2026-08-28,,,,,2026-06-30,,9900023204
601226,华电科工,2026-08-26,,,,,2026-06-30,,9900023782
601228,广州港,2026-08-25,,,,,2026-06-30,,9900029141
601229,上海银行,2026-08-28,,,,,2026-06-30,,9900010207
601231,环旭电子,2026-08-27,,,,,2026-06-30,,9900022058
601233,桐昆股份,2026-08-26,,,,,2026-06-30,,9900019547
601236,红塔证券,2026-08-31,,,,,2026-06-30,,qsgn0000641
601238,广汽集团,2026-08-29,,,,,2026-06-30,,9900006006
601279,英利汽车,2026-08-31,,,,,2026-06-30,,9900039777
601288,农业银行,2026-08-29,,,,,2026-06-30,,jjxt0000020
601298,青岛港,2026-08-29,,,,,2026-06-30,,GD025907
601311,骆驼股份,2026-08-22,,,,,2026-06-30,,9900019962
601318,中国平安,2026-08-21,,,,,2026-06-30,,9900002221
601319,中国人保,2026-08-28,,,,,2026-06-30,,9900024684
601326,秦港股份,2026-08-29,,,,,2026-06-30,,9900023004
601328,交通银行,2026-08-29,,,,,2026-06-30,,9900002841
601330,绿色动力,2026-08-29,,,,,2026-06-30,,9900028847
601333,广深铁路,2026-08-26,,,,,2026-06-30,,9900001741
601336,新华保险,2026-08-27,,,,,2026-06-30,,GD040482
601339,百隆东方,2026-08-07,,,,,2026-06-30,,9900022783
601360,三六零,2026-08-20,,,,,2026-06-30,,9900021962
601366,利群股份,2026-08-27,,,,,2026-06-30,,9900028735
601368,绿城水务,2026-08-26,,,,,2026-06-30,,9900023964
601369,陕鼓动力,2026-08-26,,,,,2026-06-30,,9900012093
601375,中原证券,2026-08-26,,,,,2026-06-30,,qsgn0000802
601377,兴业证券,2026-08-20,,,,,2026-06-30,,qsgn0000076
601388,怡球资源,2026-08-25,,,,,2026-06-30,,9900022404
601390,中国中铁,2026-08-29,,,,,2026-06-30,,9900003904
601398,工商银行,2026-08-29,,,,,2026-06-30,,jjxt0000019
601399,国机重装,2026-08-29,,,,,2026-06-30,,9900010450
601456,国联民生,2026-08-31,,2026-08-29,,,2026-06-30,,qsgn0000343
601500,通用股份,2026-08-28,,,,,2026-06-30,,9900026535
601512,中新集团,2026-08-26,,,,,2026-06-30,,9900022946
601515,衢州东峰,2026-08-27,,,,,2026-06-30,,9900022063
601518,吉林高速,2026-08-27,,,,,2026-06-30,,9900011627
601519,大智慧,2026-08-27,,,,,2026-06-30,,9900017431
601528,瑞丰银行,2026-08-25,,,,,2026-06-30,,9900032315
601555,东吴证券,2026-08-31,,,,,2026-06-30,,qsgn0000325
601566,九牧王,2026-08-25,,,,,2026-06-30,,9900019841
601567,三星电气,2026-08-31,,,,,2026-06-30,,9900020091
601568,北元化工,2026-08-27,,,,,2026-06-30,,9900039743
601577,长沙银行,2026-08-28,,,,,2026-06-30,,9900021960
601579,会稽山,2026-08-22,,,,,2026-06-30,,9900023219
601588,北辰实业,2026-08-21,,,,,2026-06-30,,9900000921
601595,上海电影,2026-08-27,,,,,2026-06-30,,9900024674
601598,中国外运,2026-08-26,,,,,2026-06-30,,gshk0000598
601599,浙文影业,2026-08-27,,,,,2026-06-30,,9900019840
601600,中国铝业,2026-08-28,,,,,2026-06-30,,9900002901
601601,中国太保,2026-08-28,,,,,2026-06-30,,9900004003
601606,长城军工,2026-07-31,,,,,2026-06-30,,9900027664
601607,上海医药,2026-08-28,,,,,2026-06-30,,gssh0600849
601608,中信重工,2026-08-26,,,,,2026-06-30,,9900022870
601609,金田股份,2026-08-19,,,,,2026-06-30,,9900023721
601611,中国核建,2026-08-29,,,,,2026-06-30,,9900028774
601615,明阳智能,2026-08-29,,,,,2026-06-30,,9900036760
601616,广电电气,2026-08-29,,,,,2026-06-30,,9900017667
601618,中国中冶,2026-08-31,,,,,2026-06-30,,9900008087
601619,嘉泽新能,2026-08-20,,,,,2026-06-30,,9900031909
601628,中国人寿,2026-08-28,,,,,2026-06-30,,9900001881
601633,长城汽车,2026-08-26,,,,,2026-06-30,,gshk0002333
601636,旗滨集团,2026-08-31,,,,,2026-06-30,,9900021239
601658,邮储银行,2026-08-29,,,,,2026-06-30,,9900005091
601665,齐鲁银行,2026-08-29,,,,,2026-06-30,,9900010908
601666,平煤股份,2026-08-25,,,,,2026-06-30,,9900001301
601668,中国建筑,2026-08-29,,,,,2026-06-30,,9900005970
601669,中国电建,2026-08-29,,,,,2026-06-30,,9900019726
601677,明泰铝业,2026-08-18,,,,,2026-06-30,,9900021432
601678,滨化股份,2026-08-28,,,,,2026-06-30,,9900010667
601686,友发集团,2026-08-25,,,,,2026-06-30,,9900039715
601688,华泰证券,2026-08-29,,,,,2026-06-30,,qsgn0000161
601689,拓普集团,2026-08-28,,,,,2026-06-30,,9900023677
601696,中银证券,2026-08-29,,,,,2026-06-30,,qsgn0000638
601698,中国卫通,2026-08-25,,,,,2026-06-30,,9900036546
601699,潞安环能,2026-08-26,,,,,2026-06-30,,9900000721
601700,风范股份,2026-08-28,,,,,2026-06-30,,9900017119
601702,华峰铝业,2026-08-18,,,,,2026-06-30,,9900038468
601717,中创智领,2026-08-31,,,,,2026-06-30,,9900013667
601718,ST际华,2026-08-22,,,,,2026-06-30,,9900013870
601727,上海电气,2026-08-31,,,,,2026-06-30,,9900005766
601728,中国电信,2026-08-21,,,,,2026-06-30,,gshk0000728
601766,中国中车,2026-08-20,,,,,2026-06-30,,9900005127
601777,千里科技,2026-08-25,,,,,2026-06-30,,9900016000
601778,晶科科技,2026-08-27,,,,,2026-06-30,,9900038390
601788,光大证券,2026-08-20,,,,,2026-06-30,,qsgn0000085
601789,宁波建工,2026-08-22,,,,,2026-06-30,,9900021256
601798,蓝科高新,2026-08-28,,,,,2026-06-30,,9900020287
601799,星宇股份,2026-08-29,,,,,2026-06-30,,9900017668
601800,中国交建,2026-08-29,,,,,2026-06-30,,gshk0001800
601801,皖新传媒,2026-08-27,,,,,2026-06-30,,9900010089
601808,中海油服,2026-08-25,,,,,2026-06-30,,9900003692
601811,新华文轩,2026-08-27,,,,,2026-06-30,,gshk0000811
601816,京沪高铁,2026-08-31,,,,,2026-06-30,,9900041360
601818,光大银行,2026-08-31,,2026-08-29,,,2026-06-30,,9900006246
601825,沪农商行,2026-08-28,,,,,2026-06-30,,9900010687
601827,三峰环境,2026-08-26,,,,,2026-06-30,,9900038387
601828,美凯龙,2026-08-31,,2026-08-29,,,2026-06-30,,9900024118
601838,成都银行,2026-08-27,,,,,2026-06-30,,9900021318
601857,中国石油,2026-08-25,,,,,2026-06-30,,9900003825
601858,中国科传,2026-08-26,,,,,2026-06-30,,9900023751
601860,紫金银行,2026-08-29,,,,,2026-06-30,,9900031760
601865,福莱特,2026-08-26,,,,,2026-06-30,,9900031502
601866,中远海发,2026-08-29,,,,,2026-06-30,,9900003962
601868,中国能建,2026-08-31,,,,,2026-06-30,,9900031628
601869,长飞光纤,2026-08-25,,,,,2026-06-30,,GD100544
601872,招商轮船,2026-08-31,,,,,2026-06-30,,9900001441
601877,正泰电器,2026-08-20,,,,,2026-06-30,,9900010254
601878,浙商证券,2026-08-26,,,,,2026-06-30,,qsgn0000203
601880,辽港股份,2026-08-27,,,,,2026-06-30,,gshk0002880
601881,中国银河,2026-08-29,,,,,2026-06-30,,qsgn0000512
601882,海天精工,2026-08-29,,,,,2026-06-30,,9900024758
601886,江河集团,2026-08-12,,,,,2026-06-30,,9900021258
601888,中国中免,2026-08-21,,,,,2026-06-30,,9900008313
601890,亚星锚链,2026-08-25,,,,,2026-06-30,,9900016571
601898,中煤能源,2026-08-22,,,,,2026-06-30,,9900004221
601899,紫金矿业,2026-08-22,,,,,2026-06-30,,9900004143
601900,南方传媒,2026-08-22,,,,,2026-06-30,,9900024439
601901,方正证券,2026-08-29,,,,,2026-06-30,,9900021222
601908,京运通,2026-08-27,,,,,2026-06-30,,9900021379
601916,浙商银行,2026-08-27,,,,,2026-06-30,,9900007207
601918,新集能源,2026-08-22,,,,,2026-06-30,,9900003914
601919,中远海控,2026-08-31,,2026-08-29,,,2026-06-30,,9900003201
601921,浙版传媒,2026-08-15,,,,,2026-06-30,,9900041882
601928,凤凰传媒,2026-08-27,,,,,2026-06-30,,9900021782
601929,吉视传媒,2026-08-25,,,,,2026-06-30,,9900022073
601933,永辉超市,2026-08-21,,,,,2026-06-30,,9900016367
601939,建设银行,2026-08-29,,,,,2026-06-30,,9900003682
601949,中国出版,2026-08-29,,,,,2026-06-30,,9900031902
601952,苏垦农发,2026-08-19,,,,,2026-06-30,,9900030581
601956,东贝集团,2026-08-22,,,,,2026-06-30,,GD008131
601958,金钼股份,2026-08-21,,,,,2026-06-30,,9900004461
601963,重庆银行,2026-08-21,,,,,2026-06-30,,9900006641
601965,中国汽研,2026-08-26,,,,,2026-06-30,,9900022752
601966,玲珑轮胎,2026-08-27,,,,,2026-06-30,,9900023113
601968,宝钢包装,2026-08-27,,,,,2026-06-30,,9900024535
601969,海南矿业,2026-08-25,,,,,2026-06-30,,9900023250
601975,招商南油,2026-08-28,,,,,2026-06-30,,gssh0600087
601985,中国核电,2026-08-29,,,,,2026-06-30,,9900022188
601988,中国银行,2026-08-29,,,,,2026-06-30,,jjxt0000028
601990,南京证券,2026-08-29,,,,,2026-06-30,,qsgn0000240
601991,大唐发电,2026-08-29,,,,,2026-06-30,,9900001601
601992,金隅集团,2026-08-29,,,,,2026-06-30,,9900006630
601995,中金公司,2026-08-31,,,,,2026-06-30,,qsgn0000421
601996,丰林集团,2026-08-22,,,,,2026-06-30,,9900021478
601997,贵阳银行,2026-08-25,,,,,2026-06-30,,9900022955
601998,中信银行,2026-08-27,,,,,2026-06-30,,9900002721
601999,出版传媒,2026-08-27,,,,,2026-06-30,,9900003948
603000,人民网,2026-08-29,,,,,2026-06-30,,9900022477
603001,奥康国际,2026-08-27,,,,,2026-06-30,,9900022510
603002,宏昌电子,2026-08-22,,,,,2026-06-30,,9900022649
603004,鼎龙科技,2026-08-22,,,,,2026-06-30,,9900048374
603005,晶方科技,2026-08-25,,,,,2026-06-30,,9900022989
603006,联明股份,2026-08-27,,,,,2026-06-30,,9900023816
603007,顺景科技,2026-08-29,,,,,2026-06-30,,9900026537
603008,ST喜临门,2026-08-26,,,,,2026-06-30,,9900023007
603009,北特科技,2026-08-26,,,,,2026-06-30,,9900022982
603010,万盛股份,2026-08-25,,,,,2026-06-30,,9900022964
603011,合锻智能,2026-08-28,,,,,2026-06-30,,9900023764
603012,创力集团,2026-08-27,,,,,2026-06-30,,9900023710
603013,亚普股份,2026-08-27,,,,,2026-06-30,,9900023758
603014,威高血净,2026-08-26,,,,,2026-06-30,,9900048196
603015,弘讯科技,2026-08-20,,,,,2026-06-30,,9900023700
603016,新宏泰,2026-08-21,,,,,2026-06-30,,9900024938
603017,中衡设计,2026-08-25,,,,,2026-06-30,,9900023640
603018,华设集团,2026-08-29,,,,,2026-06-30,,9900023176
603019,中科曙光,2026-08-26,,,,,2026-06-30,,9900023134
603020,爱普股份,2026-08-27,,,,,2026-06-30,,9900023123
603021,*ST华鹏,2026-08-22,,,,,2026-06-30,,9900023482
603022,新通联,2026-08-28,,,,,2026-06-30,,9900023675
603023,威帝股份,2026-08-19,,,,,2026-06-30,,9900023114
603025,大豪科技,2026-08-14,,,,,2026-06-30,,9900023457
603026,石大胜华,2026-08-26,,,,,2026-06-30,,9900022966
603027,千禾味业,2026-08-29,,,,,2026-06-30,,9900024904
603028,赛福天,2026-08-25,,,,,2026-06-30,,9900024903
603029,天鹅股份,2026-08-22,,,,,2026-06-30,,9900024504
603030,全筑股份,2026-08-26,,,,,2026-06-30,,9900023461
603031,安孚科技,2026-08-18,,,,,2026-06-30,,9900024937
603032,德新科技,2026-08-22,,,,,2026-06-30,,9900030090
603033,三维股份,2026-08-28,,,,,2026-06-30,,9900026790
603035,常熟汽饰,2026-08-29,,,,,2026-06-30,,9900029042
603036,如通股份,2026-08-22,,,,,2026-06-30,,9900026788
603037,凯众股份,2026-08-27,,,,,2026-06-30,,9900029866
603038,华立股份,2026-08-28,,,,,2026-06-30,,9900024798
603039,泛微网络,2026-08-21,,,,,2026-06-30,,9900029865
603040,新坐标,2026-08-28,,,,,2026-06-30,,9900029981
603041,美思德,2026-08-29,,,,,2026-06-30,,9900030661
603042,华脉科技,2026-08-21,,,,,2026-06-30,,9900031495
603043,广州酒家,2026-08-28,,,,,2026-06-30,,9900023009
603045,福达合金,2026-08-29,,,,,2026-06-30,,9900023670
603048,浙江黎明,2026-08-31,,,,,2026-06-30,,9900047835
603049,中策橡胶,2026-08-18,,,,,2026-06-30,,9900005872
603050,科林电气,2026-08-22,,,,,2026-06-30,,9900023860
603051,鹿山新材,2026-08-21,,,,,2026-06-30,,9900022812
603052,可川科技,2026-08-22,,,,,2026-06-30,,9900039839
603053,成都燃气,2026-08-15,,,,,2026-06-30,,9900037233
603055,台华新材,2026-08-27,,,,,2026-06-30,,9900024946
603057,紫燕食品,2026-08-28,,,,,2026-06-30,,nssc1000798
603058,永吉股份,2026-08-01,,,,,2026-06-30,,9900030781
603059,倍加洁,2026-08-26,,,,,2026-06-30,,9900034525
603060,国检集团,2026-08-22,,,,,2026-06-30,,9900026560
603061,金海通,2026-08-27,,,,,2026-06-30,,9900048113
603062,麦加芯彩,2026-08-25,,2026-08-22,,,2026-06-30,,9900056874
603063,禾望电气,2026-08-05,,,,,2026-06-30,,9900031488
603065,宿迁联盛,2026-08-27,,,,,2026-06-30,,9900051383
603066,音飞储存,2026-08-26,,,,,2026-06-30,,9900023471
603067,振华股份,2026-08-28,,,,,2026-06-30,,9900024048
603068,博通集成,2026-08-21,,,,,2026-06-30,,9900036059
603069,海汽集团,2026-08-25,,,,,2026-06-30,,9900024949
603070,万控智造,2026-08-21,,,,,2026-06-30,,nssc1000483
603071,物产环能,2026-08-18,,,,,2026-06-30,,9900046526
603072,天和磁材,2026-08-26,,,,,2026-06-30,,9900041650
603073,彩蝶实业,2026-08-25,,,,,2026-06-30,,nssc1000544
603075,热威股份,2026-08-19,,,,,2026-06-30,,nssc1000638
603076,乐惠国际,2026-08-28,,,,,2026-06-30,,9900032992
603077,和邦生物,2026-08-18,,,,,2026-06-30,,9900023244
603078,江化微,2026-08-26,,,,,2026-06-30,,9900030584
603079,圣达生物,2026-08-28,,,,,2026-06-30,,9900031480
603080,新疆火炬,2026-08-22,,,,,2026-06-30,,gfbj0832099
603081,大丰实业,2026-08-27,,,,,2026-06-30,,9900030818
603082,北自科技,2026-08-25,,,,,2026-06-30,,9900053997
603083,剑桥科技,2026-08-25,,,,,2026-06-30,,9900033004
603085,天成自控,2026-08-25,,,,,2026-06-30,,9900024678
603086,先达股份,2026-08-25,,,,,2026-06-30,,9900029747
603087,甘李药业,2026-08-26,,,,,2026-06-30,,9900026770
603088,宁波精达,2026-08-28,,,,,2026-06-30,,9900023174
603089,正裕工业,2026-08-29,,,,,2026-06-30,,9900023726
603090,宏盛股份,2026-08-27,,,,,2026-06-30,,9900026803
603091,众鑫股份,2026-08-26,,,,,2026-06-30,,9900056873
603092,德力佳,2026-08-21,,,,,2026-06-30,,9900062009
603093,南华期货,2026-08-18,,,,,2026-06-30,,9900031483
603095,越剑智能,2026-08-22,,,,,2026-06-30,,9900039808
603096,新经典,2026-08-11,,,,,2026-06-30,,9900030604
603097,江苏华辰,2026-08-27,,,,,2026-06-30,,9900048064
603098,森特股份,2026-08-26,,,,,2026-06-30,,9900029044
603099,长白山,2026-08-25,,,,,2026-06-30,,9900022933
603100,川仪股份,2026-08-26,,,,,2026-06-30,,9900022948
603101,汇嘉时代,2026-07-31,,,,,2026-06-30,,9900026787
603102,百合股份,2026-08-10,,,,,2026-06-30,,9900039756
603103,横店影视,2026-08-22,,,,,2026-06-30,,9900033195
603105,芯能科技,2026-08-26,,,,,2026-06-30,,gfbj0833677
603106,恒银科技,2026-08-26,,,,,2026-06-30,,9900032781
603107,上海汽配,2026-08-25,,,,,2026-06-30,,nssc1000420
603108,润达医疗,2026-08-28,,,,,2026-06-30,,9900023738
603109,神驰机电,2026-08-25,,,,,2026-06-30,,9900034528
603110,东方材料,2026-08-28,,,,,2026-06-30,,9900031774
603111,康尼机电,2026-08-26,,,,,2026-06-30,,9900022961
603112,华翔股份,2026-08-26,,,,,2026-06-30,,9900039758
603113,金能科技,2026-08-25,,,,,2026-06-30,,9900024626
603115,海星股份,2026-08-29,,,,,2026-06-30,,9900036552
603116,红蜻蜓,2026-08-28,,,,,2026-06-30,,9900023735
603117,万林物流,2026-08-29,,,,,2026-06-30,,9900023716
603118,共进股份,2026-08-26,,,,,2026-06-30,,9900023687
603119,浙江荣泰,2026-08-11,,,,,2026-06-30,,9900053442
603120,肯特催化,2026-08-25,,,,,2026-06-30,,gfbj0837696
603121,华培动力,2026-08-27,,,,,2026-06-30,,9900035554
603122,合富中国,2026-08-26,,,,,2026-06-30,,nssc1000089
603123,翠微股份,2026-08-29,,,,,2026-06-30,,9900022511
603124,江南新材,2026-08-28,,,,,2026-06-30,,9900048190
603125,常青科技,2026-08-27,,,,,2026-06-30,,9900048108
603126,中材节能,2026-08-31,,,,,2026-06-30,,9900023209
603127,昭衍新药,2026-08-29,,,,,2026-06-30,,9900030771
603128,华贸物流,2026-08-25,,,,,2026-06-30,,9900022718
603129,春风动力,2026-08-18,,,,,2026-06-30,,9900032725
603130,云中马,2026-08-27,,,,,2026-06-30,,9900048363
603131,上海沪工,2026-08-25,,,,,2026-06-30,,9900023707
603132,金徽股份,2026-08-07,,,,,2026-06-30,,9900051476
603135,中重科技,2026-08-28,,,,,2026-06-30,,9900052304
603136,天目湖,2026-08-25,,,,,2026-06-30,,9900032263
603137,恒尚节能,2026-08-28,,,,,2026-06-30,,9900048389
603138,海量数据,2026-08-27,,,,,2026-06-30,,9900030534
603139,康惠股份,2026-08-28,,,,,2026-06-30,,9900030778
603150,万朗磁塑,2026-08-27,,,,,2026-06-30,,9900035337
603151,邦基科技,2026-08-25,,,,,2026-06-30,,9900052705
603153,上海建科,2026-08-14,,,,,2026-06-30,,9900047762
603155,新亚强,2026-07-28,,,,,2026-06-30,,gfbj0835550
603156,养元饮品,2026-08-22,,,,,2026-06-30,,9900023988
603158,腾龙股份,2026-08-27,,,,,2026-06-30,,9900023476
603159,上海亚虹,2026-08-29,,,,,2026-06-30,,9900026562
603160,汇顶科技,2026-08-21,,,,,2026-06-30,,9900027319
603161,科华控股,2026-08-27,,,,,2026-06-30,,gfbj0831263
603162,海通发展,2026-07-21,,,,,2026-06-30,,gfbj0833362
603163,圣晖集成,2026-08-27,,,,,2026-06-30,,9900052777
603165,荣晟环保,2026-08-26,,,,,2026-06-30,,9900030004
603166,福达股份,2026-08-24,,,,,2026-06-30,,9900023112
603167,渤海轮渡,2026-08-26,,,,,2026-06-30,,9900023205
603168,莎普爱思,2026-08-31,,,,,2026-06-30,,9900023242
603169,兰石重装,2026-08-29,,,,,2026-06-30,,9900023006
603170,宝立食品,2026-08-29,,,,,2026-06-30,,9900047410
603171,税友股份,2026-08-21,,,,,2026-06-30,,9900041900
603172,万丰股份,2026-08-31,,,,,2026-06-30,,nssc1000266
603173,福斯达,2026-08-27,,,,,2026-06-30,,nssc1000390
603175,超颖电子,2026-08-31,,,,,2026-06-30,,9900060343
603176,汇通集团,2026-08-27,,,,,2026-06-30,,nssc1000792
603177,德创环保,2026-08-28,,,,,2026-06-30,,9900029825
603178,圣龙股份,2026-08-25,,,,,2026-06-30,,9900030583
603179,新泉股份,2026-08-04,,,,,2026-06-30,,9900030577
603180,金牌家居,2026-08-26,,,,,2026-06-30,,9900030658
603181,皇马科技,2026-08-17,,,,,2026-06-30,,9900033001
603182,嘉华股份,2026-08-19,,,,,2026-06-30,,gfbj0838891
603183,建研院,2026-08-22,,,,,2026-06-30,,9900033006
603185,弘元绿能,2026-08-31,,,,,2026-06-30,,9900022495
603186,华正新材,2026-08-31,,,,,2026-06-30,,9900023472
603187,海容冷链,2026-08-15,,,,,2026-06-30,,gfbj0830822
603188,亚邦股份,2026-08-31,,,,,2026-06-30,,9900029308
603189,*ST网达,2026-08-18,,,,,2026-06-30,,9900026063
603190,亚通精工,2026-08-28,,,,,2026-06-30,,nssc1000524
603191,望变电气,2026-08-27,,,,,2026-06-30,,gfbj0832960
603192,汇得科技,2026-08-29,,,,,2026-06-30,,9900035551
603193,润本股份,2026-08-21,,,,,2026-06-30,,9900048636
603194,中力股份,2026-08-26,,,,,2026-06-30,,9900056200
603195,公牛集团,2026-08-28,,,,,2026-06-30,,9900037723
603196,璞源材料,2026-08-18,,,,,2026-06-30,,9900031491
603197,保隆科技,2026-08-27,,,,,2026-06-30,,9900023976
603198,迎驾贡酒,2026-08-26,,,,,2026-06-30,,9900023736
603199,九华旅游,2026-08-20,,,,,2026-06-30,,9900030172
603200,上海洗霸,2026-08-28,,,,,2026-06-30,,9900030775
603201,常润股份,2026-08-29,,,,,2026-06-30,,9900051404
603202,天有为,2026-08-25,,,,,2026-06-30,,9900059219
603203,快克智能,2026-08-27,,,,,2026-06-30,,9900029518
603205,健尔康,2026-08-28,,,,,2026-06-30,,9900048063
603206,嘉环科技,2026-08-04,,,,,2026-06-30,,9900046627
603207,小方制药,2026-08-27,,,,,2026-06-30,,9900056294
603208,江山欧派,2026-08-17,,,,,2026-06-30,,9900030087
603209,兴通股份,2026-08-19,,,,,2026-06-30,,9900046958
603210,泰鸿万立,2026-08-26,,,,,2026-06-30,,9900041926
603211,晋拓股份,2026-08-29,,,,,2026-06-30,,9900046957
603212,赛伍技术,2026-08-28,,,,,2026-06-30,,9900036558
603213,镇洋发展,2026-08-31,,,,,2026-06-30,,nssc1000627
603214,爱婴室,2026-08-25,,,,,2026-06-30,,9900023309
603215,比依股份,2026-08-27,,,,,2026-06-30,,nssc1000801
603216,梦天家居,2026-08-27,,,,,2026-06-30,,nssc1000205
603217,元利科技,2026-08-27,,,,,2026-06-30,,9900030368
603218,日月股份,2026-08-28,,,,,2026-06-30,,9900029743
603219,富佳股份,2026-08-28,,,,,2026-06-30,,9900041674
603220,中贝通信,2026-08-27,,,,,2026-06-30,,9900035549
603221,爱丽家居,2026-08-26,,,,,2026-06-30,,9900038307
603222,济民健康,2026-08-26,,,,,2026-06-30,,9900023635
603223,恒通股份,2026-08-26,,,,,2026-06-30,,9900024369
603225,新凤鸣,2026-08-28,,,,,2026-06-30,,9900023641
603226,菲林格尔,2026-08-28,,,,,2026-06-30,,9900031772
603227,雪峰科技,2026-08-18,,,,,2026-06-30,,9900024503
603228,景旺电子,2026-08-22,,,,,2026-06-30,,9900029802
603229,奥翔药业,2026-08-29,,,,,2026-06-30,,9900030694
603230,内蒙新华,2026-08-26,,,,,2026-06-30,,9900041654
603231,索宝蛋白,2026-08-28,,,,,2026-06-30,,nssc1000418
603232,格尔软件,2026-08-29,,,,,2026-06-30,,9900033857
603233,大参林,2026-08-25,,,,,2026-06-30,,9900031701
603235,天新药业,2026-08-29,,,,,2026-06-30,,9900048166
603236,移远通信,2026-08-13,,,,,2026-06-30,,gfbj0836430
603237,五芳斋,2026-08-27,,,,,2026-06-30,,9900041915
603238,诺邦股份,2026-08-26,,,,,2026-06-30,,9900030370
603239,浙江仙通,2026-08-26,,,,,2026-06-30,,9900029048
603248,锡华科技,2026-08-26,,,,,2026-06-30,,9900058764
603255,鼎际得,2026-08-25,,,,,2026-06-30,,9900046841
603256,宏和科技,2026-08-14,,,,,2026-06-30,,9900035335
603257,中国瑞林,2026-08-28,,,,,2026-06-30,,9900041620
603258,电魂网络,2026-08-28,,,,,2026-06-30,,9900028871
603259,药明康德,2026-08-04,,,,,2026-06-30,,9900035584
603260,合盛硅业,2026-08-26,,,,,2026-06-30,,9900031901
603261,立航科技,2026-08-25,,,,,2026-06-30,,9900039859
603262,技源集团,2026-08-28,,,,,2026-06-30,,9900057474
603266,天龙股份,2026-08-29,,,,,2026-06-30,,9900026565
603267,鸿远电子,2026-08-29,,,,,2026-06-30,,9900035340
603268,松发股份,2026-08-25,,,,,2026-06-30,,9900023730
603269,海鸥股份,2026-08-28,,,,,2026-06-30,,9900030693
603270,金帝股份,2026-08-29,,,,,2026-06-30,,9900049007
603271,永杰新材,2026-08-27,,,,,2026-06-30,,9900023650
603272,*ST联翔,2026-08-28,,,,,2026-06-30,,nssc1000337
603273,天元智能,2026-08-27,,,,,2026-06-30,,gfbj0837134
603275,众辰科技,2026-08-26,,,,,2026-06-30,,9900047327
603276,恒兴新材,2026-08-27,,,,,2026-06-30,,9900047855
603277,银都股份,2026-08-26,,,,,2026-06-30,,gfbj0832772
603278,大业股份,2026-08-25,,,,,2026-06-30,,9900024931
603279,景津装备,2026-08-26,,,,,2026-06-30,,gfbj0832899
603280,南方路机,2026-08-25,,,,,2026-06-30,,nssc1000815
603281,江瀚新材,2026-08-18,,,,,2026-06-30,,9900052001
603282,亚光股份,2026-08-28,,,,,2026-06-30,,gfbj0870791
603283,赛腾股份,2026-08-25,,,,,2026-06-30,,9900033060
603284,林平发展,2026-08-18,,,,,2026-06-30,,9900063190
603285,键邦股份,2026-08-26,,,,,2026-06-30,,9900053438
603286,日盈电子,2026-08-28,,,,,2026-06-30,,9900031811
603288,海天味业,2026-08-27,,,,,2026-06-30,,9900023228
603289,泰瑞机器,2026-08-29,,,,,2026-06-30,,9900031734
603290,斯达半导,2026-08-25,,,,,2026-06-30,,9900023794
603291,联合水务,2026-08-27,,,,,2026-06-30,,9900047645
603293,埃泰克,2026-08-18,,,,,2026-06-30,,9900063176
603296,华勤技术,2026-08-26,,,,,2026-06-30,,9900047877
603297,永新光学,2026-08-27,,,,,2026-06-30,,9900035546
603298,杭叉集团,2026-08-26,,,,,2026-06-30,,9900029596
603299,苏盐井神,2026-08-25,,,,,2026-06-30,,9900024627
603300,海南华铁,2026-08-21,,,,,2026-06-30,,9900023468
603301,振德医疗,2026-08-28,,,,,2026-06-30,,9900035299
603303,得邦照明,2026-08-21,,,,,2026-06-30,,9900029979
603305,旭升集团,2026-08-28,,,,,2026-06-30,,9900032571
603306,华懋科技,2026-08-26,,,,,2026-06-30,,9900029307
603307,扬州金泉,2026-08-26,,,,,2026-06-30,,9900046649
603308,应流股份,2026-08-29,,,,,2026-06-30,,9900023247
603309,维力医疗,2026-07-31,,,,,2026-06-30,,9900023697
603310,巍华新材,2026-08-26,,,,,2026-06-30,,9900053185
603311,金海高科,2026-08-27,,,,,2026-06-30,,9900023522
603312,西典新能,2026-08-15,,,,,2026-06-30,,9900057483
603313,梦百合,2026-08-29,,,,,2026-06-30,,9900027665
603315,福鞍股份,2026-08-28,,,,,2026-06-30,,9900023761
603316,诚邦股份,2026-08-31,,,,,2026-06-30,,9900030890
603317,天味食品,2026-08-26,,,,,2026-06-30,,9900023519
603318,水发燃气,2026-08-26,,,,,2026-06-30,,9900023720
603319,美湖股份,2026-08-31,,,,,2026-06-30,,9900028874
603320,迪贝电气,2026-08-26,,,,,2026-06-30,,9900023759
603321,梅轮电梯,2026-08-28,,,,,2026-06-30,,9900032995
603322,超讯科技,2026-08-18,,,,,2026-06-30,,9900024954
603323,苏农银行,2026-08-26,,,,,2026-06-30,,9900022945
603324,盛剑科技,2026-08-28,,,,,2026-06-30,,9900041728
603325,博隆技术,2026-08-22,,,,,2026-06-30,,9900048087
603326,我乐家居,2026-08-31,,,,,2026-06-30,,9900031905
603327,福蓉科技,2026-08-29,,,,,2026-06-30,,fzqy1026752
603328,依顿电子,2026-08-29,,,,,2026-06-30,,9900023118
603329,上海雅仕,2026-08-26,,,,,2026-06-30,,9900031812
603330,天洋新材,2026-08-26,,,,,2026-06-30,,9900030398
603331,百达精工,2026-08-28,,,,,2026-06-30,,9900030898
603332,苏州龙杰,2026-08-18,,,,,2026-06-30,,9900023657
603333,福华尚纬,2026-08-29,,,,,2026-06-30,,9900022575
603334,丰倍生物,2026-08-24,,,,,2026-06-30,,9900059043
603335,迪生力,2026-08-25,,,,,2026-06-30,,9900030897
603336,宏辉果蔬,2026-08-28,,,,,2026-06-30,,9900023771
603337,杰克科技,2026-08-25,,,,,2026-06-30,,9900030371
603338,浙江鼎力,2026-08-28,,,,,2026-06-30,,9900023741
603339,四方科技,2026-07-29,,,,,2026-06-30,,9900024935
603341,龙旗科技,2026-08-28,,,,,2026-06-30,,9900031780
603344,星德胜,2026-08-29,,,,,2026-06-30,,9900056295
603345,安井食品,2026-08-25,,,,,2026-06-30,,9900028960
603348,文灿股份,2026-08-21,,,,,2026-06-30,,gfbj0832154
603350,安乃达,2026-08-31,,,,,2026-06-30,,gfbj0839807
603351,威尔药业,2026-08-22,,,,,2026-06-30,,9900036282
603352,至信股份,2026-08-22,,,,,2026-06-30,,9900063089
603353,和顺石油,2026-08-29,,,,,2026-06-30,,9900035533
603355,莱克电气,2026-08-27,,,,,2026-06-30,,9900023608
603356,华菱精工,2026-08-26,,,,,2026-06-30,,9900034349
603357,设计总院,2026-08-25,,,,,2026-06-30,,9900031485
603358,华达科技,2026-08-27,,,,,2026-06-30,,9900029980
603359,*ST东珠,2026-08-29,,,,,2026-06-30,,9900023958
603360,百傲化学,2026-08-26,,,,,2026-06-30,,9900030005
603363,傲农生物,2026-08-31,,,,,2026-06-30,,9900033003
603365,水星家纺,2026-08-26,,,,,2026-06-30,,9900026420
603366,日出东方,2026-08-19,,,,,2026-06-30,,9900022648
603367,辰欣药业,2026-08-25,,,,,2026-06-30,,9900024437
603368,柳药集团,2026-08-28,,,,,2026-06-30,,9900022939
603369,今世缘,2026-08-18,,,,,2026-06-30,,9900023168
603370,华新精科,2026-08-25,,,,,2026-06-30,,gfbj0871300
603373,安邦护卫,2026-08-28,,,,,2026-06-30,,9900052523
603375,盛景微,2026-08-22,,,,,2026-06-30,,9900051392
603376,大明电子,2026-08-25,,,,,2026-06-30,,9900057471
603377,ST东时,2026-08-29,,,,,2026-06-30,,9900023616
603378,*ST亚士,2026-08-26,,,,,2026-06-30,,9900030399
603379,三美股份,2026-08-25,,,,,2026-06-30,,GD061916
603380,易德龙,2026-08-22,,,,,2026-06-30,,9900032569
603381,永臻股份,2026-08-28,,,,,2026-06-30,,9900058333
603382,海阳科技,2026-08-20,,,,,2026-06-30,,9900059222
603383,顶点软件,2026-08-20,,,,,2026-06-30,,9900023072
603385,惠达卫浴,2026-08-28,,,,,2026-06-30,,9900030578
603386,骏亚科技,2026-08-26,,,,,2026-06-30,,9900033000
603387,基蛋生物,2026-08-27,,,,,2026-06-30,,9900031490
603389,亚振家居,2026-08-29,,,,,2026-06-30,,9900026793
603390,通达电气,2026-08-25,,,,,2026-06-30,,gfbj0870399
603391,力聚热能,2026-08-21,,,,,2026-06-30,,9900056301
603392,万泰生物,2026-08-20,,,,,2026-06-30,,9900033181
603393,新天然气,2026-08-12,,,,,2026-06-30,,9900030440
603395,红四方,2026-08-26,,,,,2026-06-30,,9900054184
603396,金辰股份,2026-08-26,,,,,2026-06-30,,9900030574
603398,*ST沐邦,2026-08-18,,,,,2026-06-30,,9900024444
603399,永杉锂业,2026-08-31,,,,,2026-06-30,,9900023227
603400,华之杰,2026-08-03,,,,,2026-06-30,,nssc1000461
603402,陕西旅游,2026-08-14,,,,,2026-06-30,,gfbj0870432
603406,天富龙,2026-08-31,,2026-08-18,,,2026-06-30,,9900059053
603407,长裕集团,2026-08-24,,,,,2026-06-30,,9900062968
603408,建霖家居,2026-08-22,,,,,2026-06-30,,9900039735
603409,汇通控股,2026-08-26,,,,,2026-06-30,,gfbj0831204
603416,信捷电气,2026-08-27,,,,,2026-06-30,,9900029045
603418,友升股份,2026-08-25,,,,,2026-06-30,,9900046966
603421,鼎信通讯,2026-08-26,,,,,2026-06-30,,9900026642
603429,*ST集友,2026-08-31,,,,,2026-06-30,,9900033051
603435,嘉德利,2026-08-29,,,,,2026-06-30,,9900063567
603439,三力制药,2026-08-28,,,,,2026-06-30,,gfbj0832708
603444,吉比特,2026-08-14,,,,,2026-06-30,,9900028872
603456,九洲药业,2026-08-04,,,,,2026-06-30,,9900022935
603458,勘设股份,2026-08-25,,,,,2026-06-30,,9900031907
603459,红板科技,2026-08-26,,,,,2026-06-30,,9900063205
603466,风语筑,2026-08-27,,,,,2026-06-30,,9900033216
603477,巨星农牧,2026-08-28,,,,,2026-06-30,,9900035087
603486,科沃斯,2026-08-22,,,,,2026-06-30,,GD134549
603488,展鹏科技,2026-08-22,,,,,2026-06-30,,9900030895
603489,八方股份,2026-08-28,,,,,2026-06-30,,9900037309
603496,恒为科技,2026-08-31,,,,,2026-06-30,,9900030822
603499,翔港科技,2026-08-25,,,,,2026-06-30,,9900032988
603500,祥和实业,2026-08-28,,,,,2026-06-30,,9900032885
603501,豪威集团,2026-08-25,,,,,2026-06-30,,9900030772
603505,金石资源,2026-08-21,,,,,2026-06-30,,9900029041
603506,南都物业,2026-08-28,,,,,2026-06-30,,9900033208
603507,振江股份,2026-08-26,,,,,2026-06-30,,9900033205
603508,思维列控,2026-08-08,,,,,2026-06-30,,9900024628
603511,爱慕股份,2026-08-28,,,,,2026-06-30,,GD183129
603515,欧普照明,2026-08-28,,,,,2026-06-30,,9900026533
603516,淳中科技,2026-08-26,,,,,2026-06-30,,gfbj0834801
603517,ST绝味,2026-08-21,,,,,2026-06-30,,9900029519
603518,锦泓集团,2026-08-25,,,,,2026-06-30,,9900023765
603519,立霸股份,2026-08-20,,,,,2026-06-30,,9900023752
603520,司太立,2026-08-31,,,,,2026-06-30,,9900024955
603527,众源新材,2026-08-27,,,,,2026-06-30,,gfbj0832582
603528,多伦科技,2026-08-26,,,,,2026-06-30,,9900026209
603529,爱玛科技,2026-08-25,,,,,2026-06-30,,9900037312
603530,神马电力,2026-08-13,,,,,2026-06-30,,9900036545
603533,掌阅科技,2026-08-27,,,,,2026-06-30,,9900033063
603535,嘉诚国际,2026-08-22,,,,,2026-06-30,,9900023643
603536,惠发食品,2026-08-25,,,,,2026-06-30,,9900024760
603538,美诺华,2026-08-12,,,,,2026-06-30,,9900029824
603551,奥普科技,2026-08-25,,,,,2026-06-30,,9900037166
603556,海兴电力,2026-08-18,,,,,2026-06-30,,9900026786
603557,*ST起步,2026-08-31,,,,,2026-06-30,,9900032999
603558,健盛集团,2026-08-04,,,,,2026-06-30,,GD040373
603559,中通国脉,2026-08-26,,,,,2026-06-30,,9900029037
603565,中谷物流,2026-08-27,,,,,2026-06-30,,gfbj0836283
603566,普莱柯,2026-08-25,,,,,2026-06-30,,9900023152
603567,珍宝岛,2026-08-28,,,,,2026-06-30,,9900023465
603568,伟明环保,2026-08-15,,,,,2026-06-30,,9900023680
603569,长久物流,2026-08-27,,,,,2026-06-30,,9900026446
603577,汇金通,2026-08-29,,,,,2026-06-30,,9900029595
603578,三星新材,2026-08-29,,,,,2026-06-30,,gfbj0831645
603579,荣泰健康,2026-08-20,,,,,2026-06-30,,9900029801
603580,艾艾精工,2026-08-31,,,,,2026-06-30,,gfbj0430599
603583,捷昌驱动,2026-08-27,,,,,2026-06-30,,gfbj0830948
603585,苏利股份,2026-08-14,,,,,2026-06-30,,9900029469
603586,金麒麟,2026-08-07,,,,,2026-06-30,,9900030773
603587,地素时尚,2026-08-28,,,,,2026-06-30,,9900031496
603588,高能环境,2026-08-18,,,,,2026-06-30,,9900023766
603589,口子窖,2026-08-28,,,,,2026-06-30,,9900023518
603590,康辰药业,2026-08-26,,,,,2026-06-30,,9900034526
603595,ST东尼,2026-08-26,,,,,2026-06-30,,9900032656
603596,伯特利,2026-08-28,,,,,2026-06-30,,gfbj0835470
603598,引力传媒,2026-08-29,,,,,2026-06-30,,9900024134
603599,广信股份,2026-08-25,,,,,2026-06-30,,9900023967
603600,永艺股份,2026-08-27,,,,,2026-06-30,,9900023653
603601,再升科技,2026-08-25,,,,,2026-06-30,,9900023779
603602,纵横通信,2026-08-22,,,,,2026-06-30,,9900024449
603605,珀莱雅,2026-08-25,,,,,2026-06-30,,9900032985
603606,东方电缆,2026-08-05,,,,,2026-06-30,,9900023122
603607,京华激光,2026-08-25,,,,,2026-06-30,,9900034181
603608,天创时尚,2026-08-22,,,,,2026-06-30,,9900024757
603609,禾丰股份,2026-08-31,,,,,2026-06-30,,9900022976
603610,麒盛科技,2026-08-27,,,,,2026-06-30,,9900037346
603611,诺力股份,2026-08-27,,,,,2026-06-30,,9900023659
603612,索通发展,2026-08-22,,,,,2026-06-30,,9900023754
603613,国联股份,2026-08-31,,,,,2026-06-30,,GD082689
603615,茶花股份,2026-08-14,,,,,2026-06-30,,9900030397
603616,韩建河山,2026-08-28,,,,,2026-06-30,,9900023517
603617,君禾股份,2026-08-27,,,,,2026-06-30,,9900023354
603618,杭电股份,2026-08-26,,,,,2026-06-30,,9900023676
603619,中曼石油,2026-08-28,,,,,2026-06-30,,9900031498
603626,科森科技,2026-08-25,,,,,2026-06-30,,9900029914
603628,清源股份,2026-08-31,,,,,2026-06-30,,9900023615
603629,利通电子,2026-08-29,,,,,2026-06-30,,9900035548
603630,拉芳家化,2026-08-25,,,,,2026-06-30,,9900030439
603633,徕木股份,2026-08-26,,,,,2026-06-30,,9900029035
603636,南威软件,2026-08-27,,,,,2026-06-30,,9900023642
603637,镇海股份,2026-08-21,,,,,2026-06-30,,9900029746
603638,艾迪精密,2026-08-31,,,,,2026-06-30,,9900029803
603639,海利尔,2026-08-29,,,,,2026-06-30,,9900026804
603648,畅联股份,2026-08-27,,,,,2026-06-30,,9900031813
603650,彤程新材,2026-08-20,,,,,2026-06-30,,9900035570
603655,朗博科技,2026-08-20,,,,,2026-06-30,,9900033184
603656,泰禾智能,2026-08-22,,,,,2026-06-30,,9900030419
603657,春光科技,2026-08-29,,,,,2026-06-30,,9900035542
603658,安图生物,2026-08-25,,,,,2026-06-30,,9900026792
603659,璞泰来,2026-08-20,,,,,2026-06-30,,9900033054
603660,苏州科达,2026-08-29,,,,,2026-06-30,,9900026447
603661,恒林股份,2026-08-27,,,,,2026-06-30,,9900022987
603662,柯力传感,2026-08-28,,,,,2026-06-30,,9900035557
603663,三祥新材,2026-08-22,,,,,2026-06-30,,9900024948
603665,康隆达,2026-08-25,,,,,2026-06-30,,9900030088
603666,亿嘉和,2026-08-22,,,,,2026-06-30,,9900034945
603667,五洲新春,2026-08-28,,,,,2026-06-30,,9900027666
603668,天马科技,2026-08-31,,,,,2026-06-30,,9900029592
603669,灵康药业,2026-07-31,,,,,2026-06-30,,9900029033
603676,卫信康,2026-08-28,,,,,2026-06-30,,9900034348
603677,奇精机械,2026-08-21,,,,,2026-06-30,,9900029823
603678,火炬电子,2026-08-22,,,,,2026-06-30,,9900023660
603679,华体科技,2026-08-25,,,,,2026-06-30,,9900030893
603680,今创集团,2026-08-26,,,,,2026-06-30,,9900030697
603681,永冠新材,2026-08-27,,,,,2026-06-30,,gfbj0831135
603682,锦和商管,2026-08-25,,,,,2026-06-30,,9900024645
603683,晶华新材,2026-08-22,,,,,2026-06-30,,9900031815
603685,晨丰科技,2026-08-28,,,,,2026-06-30,,9900034224
603686,福龙马,2026-08-29,,,,,2026-06-30,,9900023655
603687,大胜达,2026-08-26,,,,,2026-06-30,,9900036561
603688,石英股份,2026-08-22,,,,,2026-06-30,,9900023189
603689,皖天然气,2026-08-27,,,,,2026-06-30,,9900026998
603690,至纯科技,2026-08-25,,,,,2026-06-30,,9900023872
603693,江苏新能,2026-08-27,,,,,2026-06-30,,gfbj0833368
603696,安记食品,2026-08-25,,,,,2026-06-30,,9900023456
603697,有友食品,2026-08-15,,,,,2026-06-30,,gfbj0831377
603698,航天工程,2026-08-27,,,,,2026-06-30,,9900023661
603699,纽威股份,2026-08-22,,,,,2026-06-30,,9900022929
603700,宁水集团,2026-08-27,,,,,2026-06-30,,gfbj0834980
603701,德宏股份,2026-08-12,,,,,2026-06-30,,9900023037
603703,盛洋科技,2026-08-26,,,,,2026-06-30,,9900023745
603706,东方环宇,2026-08-27,,,,,2026-06-30,,9900035562
603707,健友股份,2026-08-29,,,,,2026-06-30,,9900022971
603708,家家悦,2026-08-21,,,,,2026-06-30,,9900029040
603709,中源家居,2026-08-29,,,,,2026-06-30,,9900033232
603711,香飘飘,2026-08-29,,,,,2026-06-30,,9900031497
603712,七一二,2026-08-29,,,,,2026-06-30,,9900034448
603713,密尔克卫,2026-08-21,,,,,2026-06-30,,9900035585
603716,塞力医疗,2026-08-28,,,,,2026-06-30,,9900029439
603717,天域生物,2026-08-29,,,,,2026-06-30,,9900030817
603718,*ST海利,2026-08-25,,2026-08-29,,,2026-06-30,,9900023467
603719,良品铺子,2026-08-25,,,,,2026-06-30,,9900037310
603721,中广天择,2026-08-27,,,,,2026-06-30,,9900030820
603722,阿科力,2026-08-27,,,,,2026-06-30,,gfbj0430605
603725,天安新材,2026-08-29,,,,,2026-06-30,,9900030420
603726,朗迪集团,2026-08-29,,,,,2026-06-30,,9900024447
603727,博迈科,2026-07-25,,,,,2026-06-30,,9900029043
603728,鸣志电器,2026-08-26,,,,,2026-06-30,,9900030819
603729,ST龙韵,2026-08-29,,,,,2026-06-30,,9900023473
603730,岱美股份,2026-08-29,,,,,2026-06-30,,9900023136
603733,仙鹤股份,2026-08-31,,,,,2026-06-30,,9900034849
603737,三棵树,2026-08-29,,,,,2026-06-30,,9900032852
603738,泰晶科技,2026-08-29,,,,,2026-06-30,,9900026775
603739,蔚蓝生物,2026-08-28,,,,,2026-06-30,,9900035525
603755,日辰股份,2026-08-29,,,,,2026-06-30,,9900035535
603757,大元泵业,2026-08-27,,,,,2026-06-30,,9900031903
603758,秦安股份,2026-08-22,,,,,2026-06-30,,9900030635
603759,海天股份,2026-08-27,,,,,2026-06-30,,9900041834
603766,隆鑫通用,2026-08-22,,,,,2026-06-30,,9900023200
603767,中马传动,2026-08-22,,,,,2026-06-30,,9900023196
603768,常青股份,2026-08-28,,,,,2026-06-30,,9900030531
603773,沃格光电,2026-08-26,,,,,2026-06-30,,gfbj0832766
603776,永安行,2026-08-29,,,,,2026-06-30,,9900030823
603777,来伊份,2026-08-27,,,,,2026-06-30,,9900023222
603778,国晟科技,2026-08-28,,,,,2026-06-30,,9900024942
603779,威龙股份,2026-08-26,,,,,2026-06-30,,9900024531
603786,科博达,2026-08-28,,,,,2026-06-30,,DR0000117
603787,新日股份,2026-08-27,,,,,2026-06-30,,9900024502
603788,宁波高发,2026-08-26,,,,,2026-06-30,,9900023639
603789,ST星农,2026-08-29,,,,,2026-06-30,,9900023454
603790,雅运股份,2026-08-26,,,,,2026-06-30,,9900035564
603797,联泰环保,2026-08-25,,,,,2026-06-30,,9900029385
603798,康普顿,2026-08-29,,,,,2026-06-30,,9900024539
603799,华友钴业,2026-08-19,,,,,2026-06-30,,9900023781
603800,洪田股份,2026-08-31,,,,,2026-06-30,,9900024532
603801,志邦家居,2026-08-28,,,,,2026-06-30,,9900032419
603803,瑞斯康达,2026-08-26,,,,,2026-06-30,,9900030603
603806,福斯特,2026-08-20,,,,,2026-06-30,,9900023130
603808,歌力思,2026-08-28,,,,,2026-06-30,,9900023747
603809,豪能股份,2026-08-15,,,,,2026-06-30,,9900023062
603810,丰山集团,2026-08-28,,,,,2026-06-30,,9900035509
603811,诚意药业,2026-08-27,,,,,2026-06-30,,9900029864
603813,原尚股份,2026-08-27,,,,,2026-06-30,,9900031908
603815,交建股份,2026-08-29,,,,,2026-06-30,,9900037165
603816,顾家家居,2026-08-28,,,,,2026-06-30,,9900027317
603817,海峡环保,2026-08-28,,,,,2026-06-30,,9900030369
603818,曲美家居,2026-08-27,,,,,2026-06-30,,9900023523
603819,神力股份,2026-08-29,,,,,2026-06-30,,9900028909
603822,ST嘉澳,2026-08-08,,,,,2026-06-30,,9900023474
603823,百合花,2026-08-25,,,,,2026-06-30,,9900029800
603825,ST华扬,2026-08-25,,,,,2026-06-30,,9900024448
603826,坤彩科技,2026-08-26,,,,,2026-06-30,,9900030692
603828,*ST利达,2026-08-31,,,,,2026-06-30,,9900023713
603829,洛凯股份,2026-08-27,,,,,2026-06-30,,9900033203
603833,欧派家居,2026-08-29,,,,,2026-06-30,,9900029667
603836,海程邦达,2026-08-26,,,,,2026-06-30,,9900041685
603838,*ST四通,2026-08-28,,,,,2026-06-30,,9900024445
603839,安正时尚,2026-08-29,,,,,2026-06-30,,9900030003
603843,*ST正平,2026-08-29,,,,,2026-06-30,,9900027728
603848,好太太,2026-08-18,,,,,2026-06-30,,9900033913
603855,华荣股份,2026-08-27,,,,,2026-06-30,,9900030785
603856,东宏股份,2026-08-25,,,,,2026-06-30,,9900030896
603858,步长制药,2026-08-28,,,,,2026-06-30,,9900028961
603859,能科科技,2026-08-26,,,,,2026-06-30,,9900028822
603860,中公高科,2026-08-29,,,,,2026-06-30,,9900023798
603861,白云电器,2026-08-25,,,,,2026-06-30,,9900032270
603863,松炀资源,2026-08-29,,,,,2026-06-30,,gfbj0831543
603866,桃李面包,2026-08-25,,,,,2026-06-30,,9900024533
603867,新化股份,2026-08-21,,,,,2026-06-30,,gfbj0839128
603868,飞科电器,2026-08-27,,,,,2026-06-30,,9900026668
603869,ST智知,2026-08-22,,,,,2026-06-30,,9900023784
603871,嘉友国际,2026-08-26,,,,,2026-06-30,,9900034449
603876,鼎胜新材,2026-08-29,,,,,2026-06-30,,9900035545
603877,太平鸟,2026-08-21,,,,,2026-06-30,,9900029744
603878,武进不锈,2026-08-26,,,,,2026-06-30,,9900028821
603879,永悦科技,2026-08-28,,,,,2026-06-30,,9900030816
603880,南卫股份,2026-08-31,,,,,2026-06-30,,9900031500
603881,数据港,2026-08-22,,,,,2026-06-30,,9900029913
603882,金域医学,2026-08-26,,2026-08-25,,,2026-06-30,,9900035075
603883,老百姓,2026-08-28,,,,,2026-06-30,,9900023762
603885,吉祥航空,2026-08-31,,,,,2026-06-30,,9900023633
603886,元祖股份,2026-08-26,,,,,2026-06-30,,9900028959
603887,城地香江,2026-08-25,,,,,2026-06-30,,9900027318
603888,新华网,2026-08-26,,,,,2026-06-30,,9900024951
603889,新澳股份,2026-08-26,,,,,2026-06-30,,9900023162
603890,春秋电子,2026-08-26,,,,,2026-06-30,,9900034947
603893,瑞芯微,2026-08-18,,,,,2026-06-30,,9900033186
603895,天永智能,2026-08-27,,,,,2026-06-30,,9900033669
603896,寿仙谷,2026-08-26,,,,,2026-06-30,,9900030535
603897,长城科技,2026-08-12,,,,,2026-06-30,,9900034846
603898,好莱客,2026-08-27,,,,,2026-06-30,,9900023664
603899,晨光股份,2026-08-29,,,,,2026-06-30,,9900023662
603900,莱绅通灵,2026-08-27,,,,,2026-06-30,,9900028736
603901,永创智能,2026-08-28,,,,,2026-06-30,,9900023686
603903,中持股份,2026-08-29,,,,,2026-06-30,,9900030530
603906,龙蟠科技,2026-08-27,,,,,2026-06-30,,9900030660
603908,牧高笛,2026-08-27,,,,,2026-06-30,,9900030089
603909,建发合诚,2026-08-20,,,,,2026-06-30,,9900024646
603912,佳力图,2026-08-26,,,,,2026-06-30,,9900033668
603915,国茂股份,2026-08-28,,,,,2026-06-30,,9900035565
603916,苏博特,2026-08-20,,,,,2026-06-30,,9900031814
603917,合力科技,2026-08-27,,,,,2026-06-30,,9900024681
603918,金桥信息,2026-08-27,,,,,2026-06-30,,9900023739
603919,金徽酒,2026-08-20,,,,,2026-06-30,,9900026772
603920,世运电路,2026-08-14,,,,,2026-06-30,,9900030580
603922,ST金鸿顺,2026-08-25,,,,,2026-06-30,,9900032570
603926,铁流股份,2026-08-26,,,,,2026-06-30,,9900030777
603927,中科软,2026-08-26,,,,,2026-06-30,,gfbj0430002
603928,兴业股份,2026-08-26,,,,,2026-06-30,,9900023749
603929,亚翔集成,2026-08-25,,2026-07-31,,,2026-06-30,,9900024759
603931,格林达,2026-08-26,,,,,2026-06-30,,9900039864
603933,睿能科技,2026-08-20,,,,,2026-06-30,,9900031816
603936,博敏电子,2026-08-25,,,,,2026-06-30,,9900024943
603937,丽岛新材,2026-08-28,,,,,2026-06-30,,gfbj0832374
603938,三孚股份,2026-08-21,,,,,2026-06-30,,9900031499
603939,益丰药房,2026-08-28,,,,,2026-06-30,,9900023775
603948,建业股份,2026-08-27,,,,,2026-06-30,,9900037778
603949,雪龙集团,2026-08-31,,,,,2026-06-30,,9900034647
603950,长源东谷,2026-08-27,,,,,2026-06-30,,9900037311
603955,大千生态,2026-08-27,,,,,2026-06-30,,9900023665
603956,威派格,2026-08-15,,,,,2026-06-30,,gfbj0837354
603958,哈森股份,2026-08-29,,,,,2026-06-30,,9900023619
603959,ST百利,2026-08-31,,,,,2026-06-30,,9900024644
603960,克来机电,2026-08-27,,,,,2026-06-30,,9900030536
603966,法兰泰克,2026-08-29,,,,,2026-06-30,,9900029598
603967,中创物流,2026-08-28,,,,,2026-06-30,,9900033064
603968,醋化股份,2026-08-27,,,,,2026-06-30,,9900023704
603969,银龙股份,2026-08-20,,,,,2026-06-30,,9900023685
603970,中农立华,2026-08-27,,,,,2026-06-30,,9900031484
603976,正川股份,2026-08-29,,,,,2026-06-30,,9900032884
603977,国泰集团,2026-08-25,,,,,2026-06-30,,9900026669
603978,深圳新星,2026-08-27,,,,,2026-06-30,,9900031492
603979,金诚信,2026-08-26,,,,,2026-06-30,,9900024796
603980,吉华集团,2026-08-28,,,,,2026-06-30,,GD095172
603982,泉峰汽车,2026-08-28,,,,,2026-06-30,,9900036555
603983,丸美生物,2026-08-29,,,,,2026-06-30,,9900029039
603985,恒润股份,2026-08-31,,2026-08-25,,,2026-06-30,,9900023733
603986,兆易创新,2026-08-19,,,,,2026-06-30,,9900026561
603987,康德莱,2026-08-26,,,,,2026-06-30,,9900024932
603988,中电电机,2026-08-22,,,,,2026-06-30,,9900023768
603989,艾华集团,2026-08-29,,,,,2026-06-30,,9900023223
603990,麦迪科技,2026-08-27,,,,,2026-06-30,,9900029594
603991,领先股份,2026-08-27,,,,,2026-06-30,,9900030532
603992,松霖科技,2026-08-27,,,,,2026-06-30,,9900036921
603993,洛阳钼业,2026-08-20,,,,,2026-06-30,,gshk0003993
603995,甬金股份,2026-08-12,,,,,2026-06-30,,9900037183
603997,继峰股份,2026-08-15,,,,,2026-06-30,,9900023694
603998,方盛制药,2026-08-29,,,,,2026-06-30,,9900023772
603999,读者传媒,2026-08-27,,,,,2026-06-30,,9900026062
605001,威奥股份,2026-08-26,,,,,2026-06-30,,9900039785
605003,众望布艺,2026-08-19,,,,,2026-06-30,,9900039803
605005,合兴股份,2026-08-25,,,,,2026-06-30,,9900039817
605006,山东玻纤,2026-08-19,,,,,2026-06-30,,9900033212
605007,五洲特纸,2026-08-08,,,,,2026-06-30,,9900039805
605008,长鸿高科,2026-08-29,,,,,2026-06-30,,9900039739
605009,豪悦护理,2026-08-22,,,,,2026-06-30,,9900039806
605011,杭州热电,2026-08-22,,,,,2026-06-30,,9900039850
605016,百龙创园,2026-08-25,,,,,2026-06-30,,9900041707
605018,长华集团,2026-08-28,,,,,2026-06-30,,9900039843
605020,永和股份,2026-08-17,,,,,2026-06-30,,9900041940
605028,世茂能源,2026-08-29,,,,,2026-06-30,,9900041666
605033,美邦股份,2026-07-30,,,,,2026-06-30,,9900047435
605050,福然德,2026-08-28,,,,,2026-06-30,,9900039818
605055,迎丰股份,2026-08-26,,,,,2026-06-30,,9900039766
605056,咸亨国际,2026-08-25,,,,,2026-06-30,,9900041878
605058,澳弘电子,2026-08-28,,,,,2026-06-30,,9900039836
605060,联德股份,2026-08-21,,,,,2026-06-30,,9900039810
605066,天正电气,2026-08-22,,,,,2026-06-30,,9900039721
605068,明新旭腾,2026-08-27,,,,,2026-06-30,,9900039848
605069,正和生态,2026-08-31,,,,,2026-06-30,,9900027354
605077,华康股份,2026-08-21,,,,,2026-06-30,,9900039807
605080,浙江自然,2026-08-25,,,,,2026-06-30,,9900041946
605086,龙高股份,2026-08-21,,,,,2026-06-30,,9900041409
605088,冠盛股份,2026-08-25,,,,,2026-06-30,,gfbj0834175
605089,味知香,2026-08-27,,,,,2026-06-30,,9900043037
605090,九丰能源,2026-08-19,,,,,2026-06-30,,9900037724
605098,行动教育,2026-08-12,,,,,2026-06-30,,gfbj0831891
605099,共创草坪,2026-08-25,,,,,2026-06-30,,9900039858
605100,华丰股份,2026-08-31,,,,,2026-06-30,,gfbj0837398
605108,同庆楼,2026-08-29,,,,,2026-06-30,,9900033223
605111,新洁能,2026-08-25,,,,,2026-06-30,,gfbj0838147
605116,奥锐特,2026-08-29,,,,,2026-06-30,,9900039801
605117,德业股份,2026-08-20,,,,,2026-06-30,,9900039788
605118,力鼎光电,2026-08-27,,,,,2026-06-30,,9900039790
605122,四方新材,2026-08-29,,,,,2026-06-30,,9900039751
605123,派克新材,2026-08-31,,,,,2026-06-30,,9900039842
605128,上海沿浦,2026-08-18,,,,,2026-06-30,,9900037900
605133,嵘泰股份,2026-08-29,,,,,2026-06-30,,9900039741
605136,丽人丽妆,2026-08-14,,,,,2026-06-30,,9900033670
605138,盛泰集团,2026-08-25,,,,,2026-06-30,,9900041910
605151,西上海,2026-08-27,,,,,2026-06-30,,9900032989
605155,西大门,2026-08-28,,,,,2026-06-30,,9900039759
605158,华达新材,2026-08-28,,,,,2026-06-30,,9900034523
605162,新中港,2026-08-25,,,,,2026-06-30,,9900039948
605166,聚合顺,2026-08-14,,,,,2026-06-30,,gfbj0870755
605167,利柏特,2026-08-26,,,,,2026-06-30,,nssc1000345
605168,三人行,2026-08-31,,,,,2026-06-30,,gfbj0832288
605169,洪通燃气,2026-08-26,,,,,2026-06-30,,9900039840
605177,东亚药业,2026-08-31,,,,,2026-06-30,,9900039857
605178,时空科技,2026-08-31,,,,,2026-06-30,,9900035580
605179,一鸣食品,2026-08-25,,,,,2026-06-30,,9900039760
605180,华生科技,2026-08-28,,,,,2026-06-30,,9900039860
605183,确成股份,2026-08-26,,,,,2026-06-30,,gfbj0833656
605186,健麾信息,2026-08-28,,,,,2026-06-30,,9900039753
605188,国光连锁,2026-08-25,,,,,2026-06-30,,9900039746
605189,富春染织,2026-08-28,,,,,2026-06-30,,gfbj0870898
605196,华通线缆,2026-08-26,,,,,2026-06-30,,gfbj0837020
605198,安德利,2026-08-25,,,,,2026-06-30,,gshk0008259
605199,ST葫芦娃,2026-08-27,,,,,2026-06-30,,9900039731
605208,永茂泰,2026-08-21,,,,,2026-06-30,,9900039946
605218,伟时电子,2026-08-28,,,,,2026-06-30,,9900039725
605222,起帆电缆,2026-08-25,,,,,2026-06-30,,9900039833
605228,神通科技,2026-07-23,,,,,2026-06-30,,9900039800
605255,天普股份,2026-08-29,,,,,2026-06-30,,9900039799
605258,协和电子,2026-08-22,,,,,2026-06-30,,gfbj0870554
605259,绿田机械,2026-08-21,,,,,2026-06-30,,9900041944
605266,健之佳,2026-08-27,,,,,2026-06-30,,9900035301
605268,王力安防,2026-08-31,,,,,2026-06-30,,9900039804
605277,新亚电子,2026-08-26,,,,,2026-06-30,,9900039816
605286,同力天启,2026-08-26,,,,,2026-06-30,,9900040546
605287,德才股份,2026-08-29,,,,,2026-06-30,,9900041678
605288,凯迪股份,2026-08-25,,,,,2026-06-30,,9900038386
605289,罗曼股份,2026-08-27,,,,,2026-06-30,,gfbj0430662
605296,神农集团,2026-08-25,,,,,2026-06-30,,9900033227
605298,必得科技,2026-08-27,,,,,2026-06-30,,gfbj0833643
605299,舒华体育,2026-08-18,,,,,2026-06-30,,gfbj0839064
605300,佳禾食品,2026-08-27,,,,,2026-06-30,,9900041607
605303,园林股份,2026-08-31,,,,,2026-06-30,,9900031489
605305,中际联合,2026-08-26,,,,,2026-06-30,,gfbj0831344
605318,法狮龙,2026-08-25,,,,,2026-06-30,,9900039809
605319,无锡振华,2026-08-21,,,,,2026-06-30,,9900039945
605333,沪光股份,2026-08-26,,,,,2026-06-30,,9900038389
605336,*ST帅电,2026-08-31,,,,,2026-06-30,,9900039798
605337,李子园,2026-08-21,,,,,2026-06-30,,9900039750
605338,巴比食品,2026-08-21,,,,,2026-06-30,,9900039853
605339,南侨食品,2026-08-13,,,,,2026-06-30,,9900037308
605358,立昂微,2026-08-25,,2026-08-08,,,2026-06-30,,9900038308
605365,立达信,2026-08-22,,,,,2026-06-30,,nssc1000221
605366,宏柏新材,2026-08-31,,,,,2026-06-30,,9900039786
605368,蓝天燃气,2026-08-31,,,,,2026-06-30,,9900023971
605369,拱东医疗,2026-08-25,,,,,2026-06-30,,9900039863
605376,博迁新材,2026-08-29,,,,,2026-06-30,,gfbj0871363
605377,华旺科技,2026-08-27,,,,,2026-06-30,,gfbj0832514
605378,野马电池,2026-08-27,,,,,2026-06-30,,9900039787
605388,均瑶健康,2026-08-27,,,,,2026-06-30,,9900039814
605389,长龄液压,2026-08-26,,,,,2026-06-30,,9900039835
605398,新炬网络,2026-08-31,,,,,2026-06-30,,9900039824
605399,晨光新材,2026-08-27,,,,,2026-06-30,,9900039742
605488,福莱新材,2026-08-26,,,,,2026-06-30,,nssc1000227
605499,东鹏饮料,2026-07-31,,,,,2026-06-30,,9900041766
605500,森林包装,2026-08-25,,,,,2026-06-30,,9900039734
605507,国邦医药,2026-08-01,,,,,2026-06-30,,nssc1000172
605555,德昌股份,2026-08-22,,,,,2026-06-30,,nssc1000733
605566,福莱蒽特,2026-08-29,,,,,2026-06-30,,nssc1000534
605567,春雪食品,2026-08-27,,,,,2026-06-30,,nssc1000786
605577,龙版传媒,2026-08-26,,,,,2026-06-30,,nssc1000394
605580,恒盛能源,2026-08-27,,,,,2026-06-30,,gfbj0872062
605588,冠石科技,2026-08-31,,,,,2026-06-30,,nssc1000573
605589,圣泉集团,2026-08-15,,,,,2026-06-30,,9900028008
605598,上海港湾,2026-08-29,,,,,2026-06-30,,nssc1000167
605599,菜百股份,2026-08-26,,,,,2026-06-30,,nssc1000538
688001,华兴源创,2026-08-29,,,,,2026-06-30,,9900038969
688002,睿创微纳,2026-08-18,,,,,2026-06-30,,9900038939
688003,天准科技,2026-08-26,,,,,2026-06-30,,gfbj0833231
688004,博汇科技,2026-08-24,,,,,2026-06-30,,gfbj0871038
688005,容百科技,2026-08-01,,2026-08-25,,,2026-06-30,,9900038937
688006,杭可科技,2026-08-27,,,,,2026-06-30,,9900037551
688007,光峰科技,2026-08-22,,,,,2026-06-30,,9900038970
688008,澜起科技,2026-08-29,,,,,2026-06-30,,9900039002
688009,中国通号,2026-08-25,,,,,2026-06-30,,9900030958
688010,福光股份,2026-08-29,,,,,2026-06-30,,9900038992
688011,新光光电,2026-08-26,,,,,2026-06-30,,9900038995
688012,中微公司,2026-08-20,,,,,2026-06-30,,9900038991
688013,天臣医疗,2026-08-27,,,,,2026-06-30,,nssc1000493
688015,交控科技,2026-08-29,,,,,2026-06-30,,9900038993
688016,心脉医疗,2026-08-27,,,,,2026-06-30,,9900039142
688017,绿的谐波,2026-08-27,,,,,2026-06-30,,9900041602
688018,乐鑫科技,2026-07-31,,,,,2026-06-30,,9900039017
688019,安集科技,2026-08-27,,,,,2026-06-30,,9900038987
688020,方邦股份,2026-08-31,,2026-08-28,,,2026-06-30,,9900033190
688021,奥福科技,2026-08-22,,,,,2026-06-30,,9900039287
688022,ST瀚川,2026-08-21,,,,,2026-06-30,,9900039049
688023,安恒信息,2026-08-26,,,,,2026-06-30,,9900039124
688025,杰普特,2026-08-26,,,,,2026-06-30,,gfbj0870105
688026,洁特生物,2026-08-27,,,,,2026-06-30,,gfbj0834589
688027,国盾量子,2026-08-21,,,,,2026-06-30,,9900038967
688028,沃尔德,2026-08-28,,,,,2026-06-30,,9900039154
688029,南微医学,2026-08-27,,,,,2026-06-30,,gfbj0834229
688030,山石网科,2026-08-28,,,,,2026-06-30,,9900039126
688031,星环科技,2026-08-27,,,,,2026-06-30,,9900048105
688032,禾迈股份,2026-08-29,,,,,2026-06-30,,9900046513
688033,*ST天宜,2026-08-29,,,,,2026-06-30,,9900039155
688035,德邦科技,2026-08-11,,,,,2026-06-30,,9900047879
688036,传音控股,2026-08-18,,,,,2026-06-30,,9900038988
688037,芯源微,2026-08-26,,,,,2026-06-30,,9900039964
688038,中科通达,2026-08-27,,,,,2026-06-30,,9900024458
688039,当虹科技,2026-08-26,,,,,2026-06-30,,9900038989
688041,海光信息,2026-08-20,,,,,2026-06-30,,9900048365
688045,必易微,2026-08-22,,,,,2026-06-30,,9900047235
688046,药康生物,2026-08-20,,,,,2026-06-30,,9900051414
688047,龙芯中科,2026-08-29,,,,,2026-06-30,,9900048052
688048,长光华芯,2026-08-31,,,,,2026-06-30,,9900048112
688049,炬芯科技,2026-08-25,,,,,2026-06-30,,9900046620
688050,爱博医疗,2026-08-26,,,,,2026-06-30,,9900042736
688051,佳华科技,2026-08-29,,,,,2026-06-30,,9900039347
688052,纳芯微,2026-08-28,,,,,2026-06-30,,gfbj0838551
688053,ST思科瑞,2026-08-27,,,,,2026-06-30,,9900046510
688055,龙腾光电,2026-08-26,,,,,2026-06-30,,fzqy1056458
688056,莱伯泰科,2026-08-28,,,,,2026-06-30,,9900031826
688057,金达莱,2026-08-29,,,,,2026-06-30,,gfbj0830777
688058,宝兰德,2026-08-28,,,,,2026-06-30,,9900032882
688059,华锐精密,2026-08-15,,,,,2026-06-30,,9900041578
688060,云涌科技,2026-08-28,,,,,2026-06-30,,9900033204
688061,灿瑞科技,2026-08-26,,,,,2026-06-30,,nssc1000405
688062,迈威生物,2026-08-31,,,,,2026-06-30,,nssc1000843
688063,派能科技,2026-08-22,,,,,2026-06-30,,fzqy1027385
688065,凯赛生物,2026-08-20,,,,,2026-06-30,,9900042737
688066,*ST航图,2026-08-27,,,,,2026-06-30,,fzqy1026111
688067,爱威科技,2026-08-28,,,,,2026-06-30,,gfbj0831895
688068,热景生物,2026-08-27,,,,,2026-06-30,,9900039048
688069,德林海,2026-08-26,,,,,2026-06-30,,9900039471
688070,纵横股份,2026-08-27,,,,,2026-06-30,,9900041841
688071,华依科技,2026-08-29,,,,,2026-06-30,,nssc1000336
688072,拓荆科技,2026-08-29,,2026-08-21,,,2026-06-30,,9900048695
688073,毕得医药,2026-08-28,,,,,2026-06-30,,9900048184
688075,安旭生物,2026-08-28,,,,,2026-06-30,,nssc1000391
688076,ST诺泰,2026-08-26,,,,,2026-06-30,,gfbj0835572
688077,大地熊,2026-08-18,,,,,2026-06-30,,9900035313
688078,龙软科技,2026-07-23,,,,,2026-06-30,,9900024805
688079,美迪凯,2026-08-25,,,,,2026-06-30,,nssc1000423
688080,映翰通,2026-08-26,,,,,2026-06-30,,gfbj0430642
688081,兴图新科,2026-08-29,,,,,2026-06-30,,9900039664
688082,盛美上海,2026-08-08,,,,,2026-06-30,,nssc1000455
688083,中望软件,2026-08-15,,,,,2026-06-30,,gfbj0871544
688084,晶品特装,2026-08-25,,,,,2026-06-30,,9900047316
688085,三友医疗,2026-08-25,,,,,2026-06-30,,9900039654
688087,英科再生,2026-08-26,,,,,2026-06-30,,9900023481
688088,虹软科技,2026-08-25,,,,,2026-06-30,,9900038968
688089,嘉必优,2026-08-22,,,,,2026-06-30,,9900033197
688090,瑞松科技,2026-08-28,,,,,2026-06-30,,9900039482
688091,上海谊众,2026-08-26,,,,,2026-06-30,,nssc1000714
688092,爱科科技,2026-08-29,,,,,2026-06-30,,9900041941
688093,世华科技,2026-08-25,,,,,2026-06-30,,nssc1000353
688095,福昕软件,2026-08-28,,,,,2026-06-30,,gfbj0832422
688096,京源环保,2026-08-29,,,,,2026-06-30,,gfbj0831540
688097,博众精工,2026-08-25,,,,,2026-06-30,,9900039003
688098,申联生物,2026-08-31,,,,,2026-06-30,,9900034444
688099,晶晨股份,2026-08-20,,,,,2026-06-30,,9900038936
688100,威胜信息,2026-08-17,,,,,2026-06-30,,9900039047
688101,三达膜,2026-08-21,,,,,2026-06-30,,9900026794
688102,斯瑞新材,2026-08-26,,,,,2026-06-30,,9900041727
688103,国力电子,2026-08-27,,,,,2026-06-30,,9900035534
688105,诺唯赞,2026-08-29,,,,,2026-06-30,,9900046657
688106,金宏气体,2026-08-26,,,,,2026-06-30,,9900023702
688107,安路科技,2026-08-29,,,,,2026-06-30,,9900048391
688108,赛诺医疗,2026-08-27,,,,,2026-06-30,,9900038990
688109,品茗科技,2026-08-21,,,,,2026-06-30,,gfbj0836188
688110,东芯股份,2026-08-22,,,,,2026-06-30,,nssc1000767
688111,金山办公,2026-08-20,,,,,2026-06-30,,9900035303
688112,鼎阳科技,2026-08-18,,,,,2026-06-30,,nssc1000555
688113,联测科技,2026-08-28,,,,,2026-06-30,,nssc1000186
688114,华大智造,2026-08-22,,,,,2026-06-30,,9900046518
688115,思林杰,2026-08-28,,,,,2026-06-30,,9900047403
688116,天奈科技,2026-08-25,,,,,2026-06-30,,9900038935
688117,圣诺生物,2026-08-20,,,,,2026-06-30,,9900041828
688118,普元信息,2026-08-20,,,,,2026-06-30,,9900023069
688119,中钢洛耐,2026-08-27,,,,,2026-06-30,,9900046765
688120,华海清科,2026-08-29,,,,,2026-06-30,,9900044315
688121,*ST卓然,2026-08-31,,,,,2026-06-30,,9900041733
688122,西部超导,2026-08-27,,,,,2026-06-30,,9900026771
688123,聚辰股份,2026-08-15,,,,,2026-06-30,,9900039009
688125,安达智能,2026-08-28,,,,,2026-06-30,,9900047318
688126,沪硅产业,2026-08-20,,,,,2026-06-30,,9900039304
688127,蓝特光学,2026-08-21,,,,,2026-06-30,,gfbj0836383
688128,中国电研,2026-08-25,,,,,2026-06-30,,GD087820
688129,东来技术,2026-08-29,,,,,2026-06-30,,nssc1000433
688130,晶华微,2026-08-08,,,,,2026-06-30,,9900048061
688131,皓元医药,2026-08-27,,,,,2026-06-30,,gfbj0837278
688132,邦彦技术,2026-08-29,,,,,2026-06-30,,9900041778
688133,泰坦科技,2026-08-29,,,,,2026-06-30,,gfbj0835124
688135,利扬芯片,2026-08-28,,,,,2026-06-30,,gfbj0833474
688136,科兴制药,2026-08-22,,,,,2026-06-30,,nssc1000087
688137,近岸蛋白,2026-08-28,,,,,2026-06-30,,9900052713
688138,清溢光电,2026-08-26,,,,,2026-06-30,,9900031655
688139,海尔生物,2026-08-26,,2026-08-20,,,2026-06-30,,9900039010
688141,杰华特,2026-08-27,,,,,2026-06-30,,9900052528
688143,长盈通,2026-08-25,,,,,2026-06-30,,9900052407
688146,中船特气,2026-07-18,,,,,2026-06-30,,9900056077
688147,微导纳米,2026-08-29,,,,,2026-06-30,,nssc1000585
688148,芳源股份,2026-08-11,,,,,2026-06-30,,gfbj0839247
688150,莱特光电,2026-08-25,,,,,2026-06-30,,gfbj0835249
688151,华强科技,2026-08-21,,,,,2026-06-30,,9900047919
688152,麒麟信安,2026-08-27,,,,,2026-06-30,,9900048785
688153,唯捷创芯,2026-08-25,,,,,2026-06-30,,gfbj0834550
688155,先惠技术,2026-08-27,,,,,2026-06-30,,9900042938
688156,路德科技,2026-08-14,,,,,2026-06-30,,gfbj0833601
688157,松井股份,2026-08-29,,,,,2026-06-30,,9900041580
688158,优刻得,2026-08-22,,,,,2026-06-30,,9900039004
688159,有方科技,2026-08-29,,,,,2026-06-30,,gfbj0835770
688160,步科股份,2026-08-26,,,,,2026-06-30,,9900032778
688161,威高骨科,2026-08-26,,,,,2026-06-30,,nssc1000274
688162,巨一科技,2026-08-25,,,,,2026-06-30,,9900047935
688163,赛伦生物,2026-08-22,,,,,2026-06-30,,gfbj0835716
688165,埃夫特,2026-08-27,,,,,2026-06-30,,9900039655
688166,博瑞医药,2026-08-31,,,,,2026-06-30,,9900039105
688167,炬光科技,2026-08-08,,,,,2026-06-30,,gfbj0835243
688168,安博通,2026-08-26,,,,,2026-06-30,,gfbj0839570
688169,石头科技,2026-08-31,,,,,2026-06-30,,9900039123
688170,德龙激光,2026-08-31,,,,,2026-06-30,,9900031473
688171,纬德信息,2026-08-31,,,,,2026-06-30,,nssc1000503
688172,燕东微,2026-08-25,,,,,2026-06-30,,9900053758
688173,希荻微,2026-08-29,,,,,2026-06-30,,9900048175
688175,高凌信息,2026-08-26,,,,,2026-06-30,,9900046848
688176,亚虹医药,2026-08-29,,,,,2026-06-30,,9900048081
688177,百奥泰,2026-08-26,,,,,2026-06-30,,9900039904
688178,万德斯,2026-08-31,,,,,2026-06-30,,9900039218
688179,阿拉丁,2026-08-20,,,,,2026-06-30,,gfbj0830793
688180,君实生物,2026-08-27,,,,,2026-06-30,,gfbj0833330
688181,八亿时空,2026-08-15,,,,,2026-06-30,,gfbj0430581
688182,灿勤科技,2026-08-18,,,,,2026-06-30,,nssc1000567
688183,生益电子,2026-08-15,,,,,2026-06-30,,nssc1000615
688184,ST帕瓦,2026-08-29,,,,,2026-06-30,,9900041894
688185,康希诺,2026-08-29,,,,,2026-06-30,,9900038913
688186,广大特材,2026-08-25,,,,,2026-06-30,,9900039136
688187,时代电气,2026-08-20,,,,,2026-06-30,,gshk0003898
688188,柏楚电子,2026-08-18,,,,,2026-06-30,,9900039134
688189,ST南新,2026-08-31,,,,,2026-06-30,,9900039656
688190,云路股份,2026-08-29,,,,,2026-06-30,,9900041682
688191,智洋创新,2026-08-28,,,,,2026-06-30,,gfbj0831681
688192,迪哲医药,2026-08-21,,,,,2026-06-30,,9900046766
688193,仁度生物,2026-08-29,,,,,2026-06-30,,9900047411
688195,腾景科技,2026-08-29,,,,,2026-06-30,,nssc1000637
688196,卓越新能,2026-08-26,,,,,2026-06-30,,9900029007
688197,首药控股,2026-08-29,,,,,2026-06-30,,9900047638
688198,佰仁医疗,2026-08-27,,,,,2026-06-30,,9900039164
688199,久日新材,2026-08-26,,,,,2026-06-30,,9900024207
688200,华峰测控,2026-08-31,,,,,2026-06-30,,9900040164
688201,ST信安,2026-08-27,,,,,2026-06-30,,9900041393
688202,美迪西,2026-08-25,,,,,2026-06-30,,9900035560
688203,海正生材,2026-08-25,,,,,2026-06-30,,9900048188
688205,德科立,2026-08-31,,,,,2026-06-30,,9900051420
688206,概伦电子,2026-08-27,,,,,2026-06-30,,9900048370
688207,格灵深瞳,2026-08-22,,,,,2026-06-30,,9900047656
688208,道通科技,2026-08-25,,,,,2026-06-30,,9900031482
688209,英集芯,2026-08-28,,,,,2026-06-30,,9900048776
688210,统联精密,2026-08-28,,,,,2026-06-30,,9900046542
688211,中科微至,2026-08-31,,,,,2026-06-30,,nssc1000716
688212,澳华内镜,2026-08-20,,,,,2026-06-30,,9900047918
688213,思特威,2026-08-22,,,,,2026-06-30,,9900048605
688215,瑞晟智能,2026-08-25,,,,,2026-06-30,,gfbj0832884
688216,气派科技,2026-08-05,,,,,2026-06-30,,9900029867
688217,睿昂基因,2026-08-28,,,,,2026-06-30,,9900041746
688218,江苏北人,2026-08-29,,,,,2026-06-30,,gfbj0836084
688219,会通股份,2026-08-22,,,,,2026-06-30,,9900041353
688220,翱捷科技,2026-08-29,,,,,2026-06-30,,9900046396
688221,前沿生物,2026-08-31,,,,,2026-06-30,,fzqy1026860
688222,成都先导,2026-08-27,,,,,2026-06-30,,9900039916
688223,晶科能源,2026-08-27,,,,,2026-06-30,,9900017709
688225,亚信安全,2026-08-25,,,,,2026-06-30,,9900047311
688226,威腾电气,2026-08-28,,,,,2026-06-30,,gfbj0836970
688227,品高股份,2026-08-15,,,,,2026-06-30,,9900044736
688228,开普云,2026-08-29,,,,,2026-06-30,,gfbj0870863
688229,博睿数据,2026-08-29,,,,,2026-06-30,,9900034679
688230,芯导科技,2026-08-28,,,,,2026-06-30,,nssc1000829
688231,隆达股份,2026-08-26,,,,,2026-06-30,,9900048065
688232,新点软件,2026-08-27,,,,,2026-06-30,,nssc1000623
688233,神工股份,2026-08-27,,,,,2026-06-30,,9900039220
688234,天岳先进,2026-08-20,,,,,2026-06-30,,9900047650
688235,百济神州,2026-08-27,,,,,2026-06-30,,9900037454
688236,春立医疗,2026-08-29,,,,,2026-06-30,,9900024363
688237,超卓航科,2026-08-28,,,,,2026-06-30,,gfbj0839971
688238,和元生物,2026-08-25,,,,,2026-06-30,,gfbj0839702
688239,航宇科技,2026-08-25,,,,,2026-06-30,,gfbj0834635
688244,永信至诚,2026-08-29,,,,,2026-06-30,,9900032737
688246,嘉和美康,2026-08-29,,,,,2026-06-30,,nssc1000020
688247,宣泰医药,2026-08-28,,,,,2026-06-30,,9900046770
688248,南网科技,2026-08-29,,,,,2026-06-30,,9900048083
688249,晶合集成,2026-08-25,,,,,2026-06-30,,9900048182
688251,井松智能,2026-08-26,,,,,2026-06-30,,9900052695
688252,天德钰,2026-08-12,,,,,2026-06-30,,9900049001
688253,英诺特,2026-08-27,,,,,2026-06-30,,9900048398
688255,凯尔达,2026-08-28,,,,,2026-06-30,,gfbj0835780
688256,寒武纪,2026-08-08,,,,,2026-06-30,,nssc1000595
688257,新锐股份,2026-08-26,,,,,2026-06-30,,gfbj0834859
688258,卓易信息,2026-08-27,,,,,2026-06-30,,9900039137
688259,创耀科技,2026-08-25,,,,,2026-06-30,,9900046651
688260,昀冢科技,2026-07-31,,,,,2026-06-30,,nssc1000568
688261,东微半导,2026-08-20,,,,,2026-06-30,,9900048069
688262,国芯科技,2026-08-28,,,,,2026-06-30,,9900041592
688265,南模生物,2026-08-29,,,,,2026-06-30,,gfbj0839728
688266,泽璟制药,2026-08-01,,,,,2026-06-30,,9900039488
688267,中触媒,2026-08-20,,,,,2026-06-30,,gfbj0836546
688268,华特气体,2026-08-26,,,,,2026-06-30,,gfbj0870865
688269,凯立新材,2026-08-27,,,,,2026-06-30,,gfbj0834893
688270,ST臻镭,2026-08-27,,,,,2026-06-30,,9900052539
688271,联影医疗,2026-08-20,,,,,2026-06-30,,9900048090
688272,富吉瑞,2026-08-27,,,,,2026-06-30,,9900046529
688273,麦澜德,2026-08-29,,,,,2026-06-30,,9900047239
688275,万润新能,2026-08-29,,,,,2026-06-30,,9900052406
688276,百克生物,2026-08-21,,,,,2026-06-30,,nssc1000784
688277,天智航,2026-08-26,,,,,2026-06-30,,gfbj0834360
688278,特宝生物,2026-08-19,,,,,2026-06-30,,9900038966
688279,峰岹科技,2026-08-28,,,,,2026-06-30,,9900046501
688280,精进电动,2026-08-28,,,,,2026-06-30,,nssc1000348
688281,华秦科技,2026-08-20,,,,,2026-06-30,,9900051575
688282,理工导航,2026-08-28,,,,,2026-06-30,,nssc1000849
688283,坤恒顺维,2026-08-29,,,,,2026-06-30,,gfbj0838580
688285,高铁电气,2026-08-27,,,,,2026-06-30,,gfbj0873023
688286,敏芯股份,2026-08-15,,,,,2026-06-30,,gfbj0836736
688288,鸿泉技术,2026-08-28,,,,,2026-06-30,,9900038986
688289,圣湘生物,2026-08-27,,,,,2026-06-30,,nssc1000305
688290,景业智能,2026-08-20,,,,,2026-06-30,,9900048388
688291,金橙子,2026-08-27,,,,,2026-06-30,,gfbj0839562
688292,浩瀚深度,2026-08-26,,,,,2026-06-30,,gfbj0833175
688293,奥浦迈,2026-08-31,,,,,2026-06-30,,9900048799
688295,中复神鹰,2026-08-27,,,,,2026-06-30,,9900051393
688296,和达科技,2026-08-28,,,,,2026-06-30,,gfbj0831762
688297,中无人机,2026-08-19,,,,,2026-06-30,,9900048646
688298,东方生物,2026-08-29,,,,,2026-06-30,,9900039348
688299,长阳科技,2026-08-27,,,,,2026-06-30,,gfbj0839162
688300,联瑞新材,2026-08-15,,,,,2026-06-30,,gfbj0831647
688301,奕瑞科技,2026-08-14,,,,,2026-06-30,,9900037040
688302,海创药业,2026-08-27,,,,,2026-06-30,,9900047618
688303,大全能源,2026-08-21,,,,,2026-06-30,,gfbj0837316
688305,科德数控,2026-08-28,,,,,2026-06-30,,nssc1000529
688306,均普智能,2026-08-27,,,,,2026-06-30,,nssc1000543
688307,中润光学,2026-08-28,,,,,2026-06-30,,9900048080
688308,欧科亿,2026-08-26,,,,,2026-06-30,,9900041574
688309,恒誉环保,2026-08-11,,,,,2026-06-30,,gfbj0837414
688310,迈得医疗,2026-08-26,,,,,2026-06-30,,gfbj0833990
688311,盟升电子,2026-08-26,,,,,2026-06-30,,9900041819
688312,燕麦科技,2026-08-27,,,,,2026-06-30,,9900041798
688313,仕佳光子,2026-08-01,,,,,2026-06-30,,9900041526
688314,康拓医疗,2026-08-28,,,,,2026-06-30,,9900044536
688315,诺禾致源,2026-08-14,,,,,2026-06-30,,9900038309
688316,青云科技,2026-08-28,,,,,2026-06-30,,nssc1000259
688317,之江生物,2026-08-28,,,,,2026-06-30,,gfbj0834839
688318,财富趋势,2026-08-28,,,,,2026-06-30,,9900022732
688319,欧林生物,2026-08-27,,,,,2026-06-30,,gfbj0833577
688320,禾川科技,2026-08-28,,,,,2026-06-30,,9900041893
688321,微芯生物,2026-08-20,,,,,2026-06-30,,9900038965
688322,奥比中光,2026-08-22,,,,,2026-06-30,,9900048777
688323,瑞华泰,2026-08-22,,,,,2026-06-30,,9900041792
688325,赛微微电,2026-08-31,,,,,2026-06-30,,9900048060
688326,经纬恒润,2026-08-26,,,,,2026-06-30,,9900048779
688327,云从科技,2026-08-22,,,,,2026-06-30,,9900046632
688328,深科达,2026-08-18,,,,,2026-06-30,,gfbj0831314
688329,艾隆科技,2026-08-25,,,,,2026-06-30,,9900039722
688330,宏力达,2026-08-29,,,,,2026-06-30,,9900041745
688331,荣昌生物,2026-08-25,,,,,2026-06-30,,9900047137
688332,中科蓝讯,2026-08-19,,,,,2026-06-30,,9900051695
688333,铂力特,2026-08-25,,,,,2026-06-30,,9900039046
688334,西高院,2026-08-20,,,,,2026-06-30,,9900056273
688335,复洁科技,2026-08-29,,,,,2026-06-30,,gfbj0836304
688336,三生国健,2026-08-21,,,,,2026-06-30,,9900041739
688337,普源精电,2026-08-26,,,,,2026-06-30,,9900046628
688338,赛科希德,2026-08-22,,,,,2026-06-30,,9900041384
688339,亿华通,2026-08-31,,,,,2026-06-30,,gfbj0834613
688343,云天励飞,2026-08-27,,,,,2026-06-30,,9900047695
688345,博力威,2026-08-08,,,,,2026-06-30,,nssc1000127
688347,华虹宏力,2026-08-27,,,,,2026-06-30,,9900029531
688348,昱能科技,2026-08-31,,,,,2026-06-30,,9900052521
688349,三一重能,2026-08-31,,,,,2026-06-30,,9900047297
688350,富淼科技,2026-08-27,,,,,2026-06-30,,9900035517
688351,微电生理,2026-08-28,,,,,2026-06-30,,gfbj0871960
688352,颀中科技,2026-08-15,,,,,2026-06-30,,9900055631
688353,华盛锂电,2026-08-20,,,,,2026-06-30,,9900047233
688355,明志科技,2026-08-29,,,,,2026-06-30,,9900044737
688356,键凯科技,2026-08-26,,,,,2026-06-30,,9900042296
688357,建龙微纳,2026-08-25,,,,,2026-06-30,,gfbj0833540
688358,祥生医疗,2026-08-28,,,,,2026-06-30,,9900039303
688359,三孚新科,2026-08-26,,,,,2026-06-30,,gfbj0836367
688360,德马科技,2026-08-25,,,,,2026-06-30,,gfbj0830805
688361,中科飞测,2026-08-26,,,,,2026-06-30,,9900048792
688362,甬矽电子,2026-08-26,,,,,2026-06-30,,9900047769
688363,华熙生物,2026-08-28,,,,,2026-06-30,,9900039135
688365,光云科技,2026-08-22,,,,,2026-06-30,,9900039491
688366,昊海生科,2026-08-22,,,,,2026-06-30,,9900023042
688367,工大高科,2026-08-28,,,,,2026-06-30,,gfbj0834182
688368,晶丰明源,2026-08-31,,,,,2026-06-30,,9900036061
688369,致远互联,2026-08-26,,,,,2026-06-30,,9900039219
688370,丛麟科技,2026-08-22,,,,,2026-06-30,,9900048185
688371,菲沃泰,2026-08-29,,,,,2026-06-30,,9900048903
688372,伟测科技,2026-08-29,,,,,2026-06-30,,9900048401
688373,盟科药业,2026-08-26,,,,,2026-06-30,,9900048168
688375,国博电子,2026-08-20,,,,,2026-06-30,,9900048583
688376,美埃科技,2026-08-29,,,,,2026-06-30,,nssc1000717
688377,迪威尔,2026-08-22,,,,,2026-06-30,,9900029817
688378,奥来德,2026-08-20,,,,,2026-06-30,,gfbj0871531
688379,华光新材,2026-08-27,,,,,2026-06-30,,9900023922
688380,中微半导,2026-08-17,,,,,2026-06-30,,9900047331
688381,帝奥微,2026-08-31,,2026-08-22,,,2026-06-30,,9900051388
688382,益方生物,2026-08-21,,,,,2026-06-30,,9900047884
688383,新益昌,2026-08-21,,,,,2026-06-30,,nssc1000129
688385,复旦微电,2026-08-18,,,,,2026-06-30,,gshk0008102
688386,泛亚微透,2026-08-29,,,,,2026-06-30,,9900041594
688387,信科移动,2026-08-27,,,,,2026-06-30,,9900052408
688388,嘉元科技,2026-08-25,,,,,2026-06-30,,gfbj0833790
688389,普门科技,2026-08-22,,,,,2026-06-30,,9900039187
688390,固德威,2026-08-28,,,,,2026-06-30,,gfbj0835209
688391,钜泉科技,2026-08-29,,,,,2026-06-30,,9900023098
688392,骄成超声,2026-08-29,,,,,2026-06-30,,9900053044
688393,安必平,2026-08-28,,,,,2026-06-30,,9900030277
688395,正弦电气,2026-08-22,,,,,2026-06-30,,gfbj0834933
688396,华润微,2026-08-25,,,,,2026-06-30,,gshk0000597
688398,赛特新材,2026-08-22,,,,,2026-06-30,,9900030638
688399,硕世生物,2026-08-28,,,,,2026-06-30,,9900039223
688400,凌云光,2026-08-28,,,,,2026-06-30,,9900048361
688401,路维光电,2026-08-26,,,,,2026-06-30,,gfbj0833550
688403,汇成股份,2026-08-13,,,,,2026-06-30,,9900052003
688408,中信博,2026-08-31,,,,,2026-06-30,,9900039737
688409,富创精密,2026-08-31,,,,,2026-06-30,,9900048393
688410,山外山,2026-08-28,,,,,2026-06-30,,gfbj0838057
688411,海博思创,2026-08-28,,,,,2026-06-30,,9900059116
688416,恒烁股份,2026-08-26,,,,,2026-06-30,,9900052004
688418,震有科技,2026-08-25,,,,,2026-06-30,,9900035556
688419,耐科装备,2026-08-22,,,,,2026-06-30,,9900048179
688420,美腾科技,2026-08-27,,,,,2026-06-30,,nssc1000863
688425,铁建重工,2026-08-20,,,,,2026-06-30,,nssc1000602
688426,康为世纪,2026-08-28,,,,,2026-06-30,,9900048405
688428,诺诚健华,2026-08-25,,,,,2026-06-30,,9900043455
688429,时创能源,2026-08-28,,,,,2026-06-30,,9900056080
688432,有研硅,2026-08-14,,,,,2026-06-30,,9900053027
688433,华曙高科,2026-08-05,,,,,2026-06-30,,9900056217
688435,英方软件,2026-08-25,,,,,2026-06-30,,gfbj0837417
688439,振华风光,2026-08-27,,,,,2026-06-30,,9900053041
688443,智翔金泰,2026-08-31,,,,,2026-06-30,,9900056031
688448,磁谷科技,2026-08-18,,,,,2026-06-30,,9900046626
688449,联芸科技,2026-08-26,,,,,2026-06-30,,9900057421
688450,光格科技,2026-08-28,,,,,2026-06-30,,9900051380
688455,科捷智能,2026-08-29,,,,,2026-06-30,,9900048050
688456,有研粉材,2026-08-31,,,,,2026-06-30,,nssc1000134
688458,美芯晟,2026-08-31,,,,,2026-06-30,,9900055791
688459,哈铁科技,2026-08-14,,,,,2026-06-30,,9900052789
688466,金科环境,2026-08-21,,,,,2026-06-30,,9900039436
688468,科美诊断,2026-08-28,,,,,2026-06-30,,nssc1000313
688469,芯联集成,2026-08-11,,,,,2026-06-30,,9900053045
688472,阿特斯,2026-08-28,,,,,2026-06-30,,9900032673
688475,萤石网络,2026-07-25,,,,,2026-06-30,,9900052782
688478,晶升股份,2026-08-28,,,,,2026-06-30,,9900053817
688479,友车科技,2026-08-22,,,,,2026-06-30,,gfbj0839951
688480,赛恩斯,2026-08-25,,,,,2026-06-30,,nssc1000725
688484,南芯科技,2026-08-31,,,,,2026-06-30,,9900056052
688485,九州一轨,2026-08-31,,,,,2026-06-30,,9900048106
688486,龙迅股份,2026-08-26,,,,,2026-06-30,,nssc1000599
688488,艾迪药业,2026-08-29,,,,,2026-06-30,,9900041599
688489,三未信安,2026-08-29,,,,,2026-06-30,,9900047309
688496,*ST清越,2026-08-31,,,,,2026-06-30,,9900051401
688498,源杰科技,2026-08-29,,,,,2026-06-30,,9900052124
688499,利元亨,2026-08-15,,,,,2026-06-30,,9900038933
688500,慧辰股份,2026-08-27,,,,,2026-06-30,,gfbj0833309
688501,青达环保,2026-08-27,,,,,2026-06-30,,9900041684
688502,茂莱光学,2026-08-29,,,,,2026-06-30,,gfbj0833673
688503,聚和材料,2026-08-28,,,,,2026-06-30,,9900046635
688505,复旦张江,2026-08-15,,,,,2026-06-30,,gshk0008231
688506,百利天恒,2026-08-27,,,,,2026-06-30,,9900024957
688507,索辰科技,2026-08-26,,,,,2026-06-30,,nssc1000827
688508,芯朋微,2026-08-15,,,,,2026-06-30,,gfbj0430512
688509,正元地信,2026-08-28,,,,,2026-06-30,,9900041382
688510,航亚科技,2026-08-18,,,,,2026-06-30,,gfbj0870269
688511,天微电子,2026-08-29,,,,,2026-06-30,,nssc1000625
688512,慧智微,2026-08-27,,,,,2026-06-30,,9900053938
688513,苑东生物,2026-08-21,,,,,2026-06-30,,gfbj0837374
688515,裕太微,2026-08-29,,,,,2026-06-30,,9900056245
688516,奥特维,2026-08-25,,,,,2026-06-30,,gfbj0836288
688517,金冠电气,2026-08-26,,,,,2026-06-30,,9900041524
688518,联赢激光,2026-08-26,,,,,2026-06-30,,gfbj0833684
688519,南亚新材,2026-08-29,,,,,2026-06-30,,9900038620
688520,神州细胞,2026-08-29,,,,,2026-06-30,,9900040621
688521,芯原股份,2026-08-22,,,,,2026-06-30,,9900040648
688522,纳睿雷达,2026-08-26,,,,,2026-06-30,,9900048075
688523,航天环宇,2026-08-21,,,,,2026-06-30,,nssc1000474
688525,佰维存储,2026-08-25,,,,,2026-06-30,,9900047412
688526,科前生物,2026-08-27,,,,,2026-06-30,,9900038938
688528,秦川物联,2026-08-28,,,,,2026-06-30,,9900039483
688529,豪森智能,2026-08-26,,,,,2026-06-30,,nssc1000041
688530,欧莱新材,2026-08-22,,,,,2026-06-30,,9900048076
688531,日联科技,2026-08-15,,,,,2026-06-30,,gfbj0834204
688533,上声电子,2026-08-28,,,,,2026-06-30,,9900041606
688535,华海诚科,2026-08-29,,,,,2026-06-30,,9900032633
688536,思瑞浦,2026-08-20,,,,,2026-06-30,,9900032795
688538,和辉光电,2026-08-26,,,,,2026-06-30,,nssc1000734
688539,高华科技,2026-08-27,,,,,2026-06-30,,gfbj0833425
688543,国科军工,2026-08-25,,,,,2026-06-30,,9900035514
688545,兴福电子,2026-08-18,,,,,2026-06-30,,9900058649
688548,广钢气体,2026-08-31,,,,,2026-06-30,,9900057373
688549,中巨芯,2026-08-08,,,,,2026-06-30,,9900052780
688550,瑞联新材,2026-08-21,,,,,2026-06-30,,gfbj0835406
688551,科威尔,2026-08-22,,,,,2026-06-30,,nssc1000154
688552,航天南湖,2026-08-27,,,,,2026-06-30,,nssc1000225
688553,汇宇制药,2026-08-22,,,,,2026-06-30,,nssc1000740
688556,高测股份,2026-08-28,,,,,2026-06-30,,gfbj0834278
688557,兰剑智能,2026-08-21,,,,,2026-06-30,,9900041688
688558,国盛智科,2026-08-28,,,,,2026-06-30,,9900035083
688559,海目星,2026-08-31,,,,,2026-06-30,,9900041799
688560,明冠新材,2026-08-27,,,,,2026-06-30,,9900037841
688561,奇安信,2026-08-28,,,,,2026-06-30,,9900041361
688562,航天软件,2026-08-31,,,,,2026-06-30,,9900055792
688563,航材股份,2026-08-26,,,,,2026-06-30,,9900056081
688565,力源科技,2026-08-29,,,,,2026-06-30,,gfbj0831353
688566,吉贝尔,2026-08-28,,,,,2026-06-30,,9900039624
688567,孚能科技,2026-08-29,,,,,2026-06-30,,9900040620
688568,中科星图,2026-08-29,,,,,2026-06-30,,9900038994
688569,铁科轨道,2026-08-19,,,,,2026-06-30,,9900041365
688570,天玛智控,2026-08-31,,,,,2026-06-30,,9900056072
688571,杭华股份,2026-08-27,,,,,2026-06-30,,9900034180
688573,信宇人,2026-08-27,,,,,2026-06-30,,9900041756
688575,亚辉龙,2026-08-27,,,,,2026-06-30,,nssc1000247
688576,西山科技,2026-08-29,,,,,2026-06-30,,gfbj0834788
688577,浙海德曼,2026-08-20,,,,,2026-06-30,,gfbj0837244
688578,艾力斯,2026-08-20,,,,,2026-06-30,,nssc1000445
688579,地纬智能,2026-08-22,,,,,2026-06-30,,gfbj0831688
688580,伟思医疗,2026-08-26,,,,,2026-06-30,,gfbj0836154
688581,安杰思,2026-08-07,,,,,2026-06-30,,nssc1000268
688582,芯动联科,2026-08-18,,,,,2026-06-30,,9900047780
688583,思看科技,2026-08-26,,,,,2026-06-30,,9900059081
688584,上海合晶,2026-08-29,,,,,2026-06-30,,nssc1000610
688585,上纬新材,2026-08-25,,,,,2026-06-30,,9900042956
688586,江航装备,2026-08-27,,,,,2026-06-30,,9900041351
688588,凌志软件,2026-08-31,,,,,2026-06-30,,gfbj0830866
688589,力合微,2026-08-21,,,,,2026-06-30,,9900031454
688590,新致软件,2026-08-28,,,,,2026-06-30,,9900031487
688591,泰凌微,2026-08-25,,,,,2026-06-30,,9900048793
688592,司南导航,2026-08-28,,,,,2026-06-30,,gfbj0833972
688593,新相微,2026-08-22,,,,,2026-06-30,,9900053760
688595,芯海科技,2026-08-28,,,,,2026-06-30,,gfbj0837517
688596,正帆科技,2026-08-27,,,,,2026-06-30,,gfbj0834317
688597,煜邦电力,2026-08-25,,,,,2026-06-30,,9900035311
688598,金博股份,2026-08-26,,,,,2026-06-30,,9900041577
688599,天合光能,2026-08-27,,,,,2026-06-30,,GD155612
688600,皖仪科技,2026-08-11,,,,,2026-06-30,,9900041342
688601,力芯微,2026-08-29,,,,,2026-06-30,,9900033358
688602,康鹏科技,2026-08-22,,,,,2026-06-30,,9900041744
688603,天承科技,2026-08-29,,,,,2026-06-30,,9900048047
688605,先锋精科,2026-08-31,,,,,2026-06-30,,9900059045
688606,奥泰生物,2026-08-29,,,,,2026-06-30,,9900039769
688607,康众医疗,2026-08-28,,,,,2026-06-30,,9900041595
688608,恒玄科技,2026-08-20,,,,,2026-06-30,,nssc1000367
688609,九联科技,2026-08-12,,,,,2026-06-30,,9900023226
688610,埃科光电,2026-08-19,,,,,2026-06-30,,9900056071
688611,杭州柯林,2026-08-29,,,,,2026-06-30,,gfbj0836844
688612,威迈斯,2026-08-11,,,,,2026-06-30,,9900039720
688613,奥精医疗,2026-08-29,,,,,2026-06-30,,nssc1000537
688615,合合信息,2026-08-20,,,,,2026-06-30,,9900046400
688616,西力科技,2026-08-27,,,,,2026-06-30,,9900035300
688617,惠泰医疗,2026-08-20,,,,,2026-06-30,,nssc1000047
688618,三旺通信,2026-08-28,,,,,2026-06-30,,nssc1000604
688619,罗普特,2026-08-31,,2026-08-22,,,2026-06-30,,9900041860
688620,安凯微,2026-08-28,,,,,2026-06-30,,9900047635
688621,阳光诺和,2026-08-29,,,,,2026-06-30,,9900046415
688622,*ST禾信,2026-08-26,,,,,2026-06-30,,gfbj0871079
688623,双元科技,2026-08-15,,,,,2026-06-30,,9900048999
688625,呈和科技,2026-08-31,,,,,2026-06-30,,gfbj0838731
688626,翔宇医疗,2026-08-29,,,,,2026-06-30,,9900041530
688627,精智达,2026-08-29,,,,,2026-06-30,,gfbj0836990
688628,优利德,2026-08-15,,,,,2026-06-30,,nssc1000176
688629,华丰科技,2026-08-29,,,,,2026-06-30,,9900048587
688630,芯碁微装,2026-08-27,,,,,2026-06-30,,nssc1000289
688631,莱斯信息,2026-08-27,,,,,2026-06-30,,9900023202
688633,星球石墨,2026-08-29,,,,,2026-06-30,,9900044435
688635,长进光子,2026-08-28,,,,,2026-06-30,,9900063337
688636,智明达,2026-08-20,,,,,2026-06-30,,9900041815
688638,誉辰智能,2026-08-26,,,,,2026-06-30,,9900038835
688639,华恒生物,2026-08-25,,,,,2026-06-30,,gfbj0831088
688646,ST逸飞,2026-08-27,,,,,2026-06-30,,9900047763
688648,中邮科技,2026-08-27,,,,,2026-06-30,,9900053181
688651,盛邦安全,2026-08-29,,,,,2026-06-30,,gfbj0836731
688652,京仪装备,2026-08-29,,,,,2026-06-30,,9900053046
688653,康希通信,2026-08-25,,,,,2026-06-30,,9900057354
688655,迅捷兴,2026-08-25,,,,,2026-06-30,,nssc1000359
688656,浩欧博,2026-08-18,,,,,2026-06-30,,9900039221
688657,浩辰软件,2026-08-15,,,,,2026-06-30,,gfbj0832097
688658,悦康药业,2026-08-21,,,,,2026-06-30,,9900041389
688659,元琛科技,2026-08-28,,,,,2026-06-30,,9900041346
688660,电气风电,2026-08-18,,,,,2026-06-30,,nssc1000609
688661,和林微纳,2026-08-25,,,,,2026-06-30,,nssc1000577
688662,富信科技,2026-08-19,,,,,2026-06-30,,nssc1000012
688663,新风光,2026-08-27,,,,,2026-06-30,,gfbj0833152
688665,四方光电,2026-08-20,,,,,2026-06-30,,nssc1000466
688667,菱电电控,2026-08-22,,,,,2026-06-30,,9900041562
688668,鼎通科技,2026-08-25,,,,,2026-06-30,,9900041452
688669,聚石化学,2026-08-25,,,,,2026-06-30,,gfbj0833817
688670,金迪克,2026-08-21,,,,,2026-06-30,,9900046653
688671,碧兴物联,2026-08-29,,,,,2026-06-30,,9900048797
688676,金盘科技,2026-08-21,,,,,2026-06-30,,9900044215
688677,海泰新光,2026-08-21,,,,,2026-06-30,,gfbj0836412
688678,福立旺,2026-08-28,,,,,2026-06-30,,gfbj0839734
688679,通源环境,2026-08-26,,,,,2026-06-30,,gfbj0834778
688680,海优新材,2026-08-28,,,,,2026-06-30,,gfbj0831697
688681,科汇股份,2026-08-29,,,,,2026-06-30,,gfbj0830912
688682,霍莱沃,2026-08-26,,,,,2026-06-30,,nssc1000563
688683,莱尔科技,2026-08-19,,,,,2026-06-30,,9900041447
688685,迈信林,2026-08-22,,,,,2026-06-30,,nssc1000499
688686,奥普特,2026-08-20,,,,,2026-06-30,,9900041449
688687,凯因科技,2026-08-22,,,,,2026-06-30,,9900023505
688689,银河微电,2026-08-10,,,,,2026-06-30,,9900035558
688690,纳微科技,2026-08-27,,,,,2026-06-30,,nssc1000188
688691,灿芯股份,2026-08-28,,,,,2026-06-30,,9900050044
688692,达梦数据,2026-08-26,,,,,2026-06-30,,9900048178
688693,锴威特,2026-08-27,,,,,2026-06-30,,9900055875
688695,中创股份,2026-08-28,,,,,2026-06-30,,gfbj0831413
688696,极米科技,2026-08-29,,,,,2026-06-30,,9900041814
688697,纽威数控,2026-08-28,,,,,2026-06-30,,nssc1000650
688698,伟创电气,2026-08-26,,,,,2026-06-30,,nssc1000507
688699,明微电子,2026-08-15,,,,,2026-06-30,,9900023024
688700,东威科技,2026-08-25,,2026-08-08,,,2026-06-30,,9900044715
688701,卓锦股份,2026-08-31,,,,,2026-06-30,,gfbj0833149
688702,盛科通信,2026-08-27,,,,,2026-06-30,,9900053025
688707,振华新材,2026-08-22,,,,,2026-06-30,,gfbj0870341
688708,佳驰科技,2026-08-27,,,,,2026-06-30,,9900055992
688709,成都华微,2026-08-29,,,,,2026-06-30,,9900053939
688710,益诺思,2026-08-25,,,,,2026-06-30,,9900057434
688711,宏微科技,2026-08-29,,,,,2026-06-30,,gfbj0831872
688712,北芯生命,2026-08-25,,,,,2026-06-30,,9900058275
688716,中研股份,2026-08-29,,,,,2026-06-30,,gfbj0835017
688717,艾罗能源,2026-08-25,,,,,2026-06-30,,9900048907
688718,唯赛勃,2026-08-27,,,,,2026-06-30,,9900023614
688719,爱科赛博,2026-08-26,,,,,2026-06-30,,9900031471
688720,艾森股份,2026-08-26,,,,,2026-06-30,,9900046652
688721,龙图光罩,2026-08-20,,,,,2026-06-30,,9900058968
688722,同益中,2026-08-29,,,,,2026-06-30,,nssc1000851
688726,拉普拉斯,2026-08-25,,,,,2026-06-30,,9900059088
688727,恒坤新材,2026-08-26,,,,,2026-06-30,,gfbj0832456
688728,格科微,2026-08-28,,,,,2026-06-30,,nssc1000731
688729,屹唐股份,2026-08-29,,,,,2026-06-30,,9900052123
688733,壹石通,2026-08-27,,,,,2026-06-30,,gfbj0833598
688737,中自科技,2026-08-29,,,,,2026-06-30,,gfbj0836497
688739,成大生物,2026-08-25,,,,,2026-06-30,,gfbj0831550
688750,金天钛业,2026-08-31,,,,,2026-06-30,,9900059188
688755,汉邦科技,2026-08-20,,,,,2026-06-30,,9900060336
688757,胜科纳米,2026-08-27,,,,,2026-06-30,,9900058815
688758,赛分科技,2026-08-28,,,,,2026-06-30,,9900057459
688759,必贝特,2026-08-25,,,,,2026-06-30,,9900056244
688765,禾元生物,2026-08-27,,,,,2026-06-30,,gfbj0833101
688766,普冉股份,2026-08-19,,,,,2026-06-30,,nssc1000720
688767,博拓生物,2026-08-29,,,,,2026-06-30,,9900041934
688768,容知日新,2026-08-26,,,,,2026-06-30,,9900041350
688772,珠海冠宇,2026-08-26,,,,,2026-06-30,,9900046634
688775,影石创新,2026-08-28,,,,,2026-06-30,,9900046494
688776,国光电气,2026-08-27,,,,,2026-06-30,,GD005988
688777,中控技术,2026-08-29,,,,,2026-06-30,,9900041899
688778,厦钨新能,2026-08-20,,,,,2026-06-30,,9900046057
688779,五矿新能,2026-08-18,,,,,2026-06-30,,9900041575
688781,视涯科技,2026-08-21,,,,,2026-06-30,,9900063194
688783,西安奕材,2026-08-26,,,,,2026-06-30,,9900061680
688785,恒运昌,2026-08-31,,,,,2026-06-30,,9900063107
688786,悦安新材,2026-08-25,,,,,2026-06-30,,9900041628
688787,海天瑞声,2026-08-27,,,,,2026-06-30,,9900039125
688788,科思科技,2026-08-20,,,,,2026-06-30,,9900041758
688789,宏华数科,2026-08-27,,,,,2026-06-30,,9900023013
688790,昂瑞微,2026-08-27,,,,,2026-06-30,,9900062620
688793,倍轻松,2026-08-28,,,,,2026-06-30,,gfbj0837027
688795,摩尔线程,2026-08-10,,,,,2026-06-30,,9900063221
688796,百奥赛图,2026-08-28,,,,,2026-06-30,,9900048815
688797,臻宝科技,2026-08-25,,,,,2026-06-30,,9900063195
688798,艾为电子,2026-08-20,,,,,2026-06-30,,gfbj0833221
688799,华纳药厂,2026-08-25,,,,,2026-06-30,,9900033718
688800,瑞可达,2026-08-25,,,,,2026-06-30,,gfbj0831274
688802,沐曦股份,2026-08-31,,,,,2026-06-30,,9900063219
688805,健信超导,2026-08-25,,,,,2026-06-30,,9900062848
688807,优迅股份,2026-08-25,,,,,2026-06-30,,9900063196
688808,联讯仪器,2026-08-27,,,,,2026-06-30,,9900063334
688809,强一股份,2026-08-31,,,,,2026-06-30,,9900062000
688811,有研复材,2026-08-27,,,,,2026-06-30,,9900063220
688813,泰金新能,2026-08-26,,,,,2026-06-30,,9900061070
688816,易思维,2026-08-29,,,,,2026-06-30,,9900063087
688818,电科蓝天,2026-08-28,,,,,2026-06-30,,GD192810
688819,天能股份,2026-08-27,,,,,2026-06-30,,9900041888
688820,盛合晶微,2026-08-20,,,,,2026-06-30,,9900063550
688981,中芯国际,2026-08-28,,,,,2026-06-30,,gshk0000981
689009,九号公司,2026-08-11,,,,,2026-06-30,,9900039199
900929,锦旅Ｂ股,2026-08-26,,,,,2026-06-30,,gssh0900929
900939,汇丽B,2026-08-15,,,,,2026-06-30,,gssh0900939
900948,伊泰Ｂ股,2026-08-29,,,,,2026-06-30,,gssh0900948
920000,安徽凤凰,2026-08-24,,,,,2026-06-30,,gfbj0832000
920001,纬达光电,2026-08-24,,2026-08-27,,,2026-06-30,,9900037542
920002,万达轴承,2026-08-20,,,,,2026-06-30,,gfbj0873843
920003,中诚咨询,2026-08-20,,,,,2026-06-30,,gfbj0839962
920005,鼎佳精密,2026-08-18,,,,,2026-06-30,,9900057482
920006,晟楠科技,2026-08-25,,,,,2026-06-30,,gfbj0837006
920007,酉立智能,2026-08-07,,,,,2026-06-30,,gfbj0874325
920008,成电光信,2026-08-27,,,,,2026-06-30,,gfbj0831490
920009,丹娜生物,2026-08-26,,,,,2026-06-30,,nssc1000841
920010,凯添燃气,2026-08-20,,,,,2026-06-30,,gfbj0831010
920011,晨光电机,2026-08-28,,,,,2026-06-30,,gfbj0874468
920012,创达新材,2026-08-20,,,,,2026-06-30,,gfbj0832990
920014,特瑞斯,2026-08-25,,,,,2026-06-30,,gfbj0834014
920015,锦华新材,2026-08-14,,,,,2026-06-30,,gfbj0874085
920016,中草香料,2026-08-21,,,,,2026-06-30,,gfbj0870800
920017,星昊医药,2026-08-10,,,,,2026-06-30,,9900003482
920018,宏远股份,2026-08-26,,,,,2026-06-30,,9900048068
920019,铜冠矿建,2026-08-26,,,,,2026-06-30,,nssc1000257
920020,泰凯英,2026-08-26,,,,,2026-06-30,,gfbj0874194
920021,流金科技,2026-08-21,,,,,2026-06-30,,gfbj0834021
920022,世昌股份,2026-08-26,,,,,2026-06-30,,gfbj0873702
920023,*ST田野,2026-08-28,,2026-08-21,,,2026-06-30,,gfbj0832023
920026,卓兆点胶,2026-08-18,,,,,2026-06-30,,gfbj0873726
920027,交大铁发,2026-08-21,,,,,2026-06-30,,9900034037
920028,新恒泰,2026-08-27,,,,,2026-06-30,,gfbj0874502
920029,开发科技,2026-08-25,,,,,2026-06-30,,gfbj0873879
920030,德众汽车,2026-08-24,,,,,2026-06-30,,gfbj0838030
920033,康普化学,2026-08-25,,,,,2026-06-30,,gfbj0834033
920035,精创电气,2026-08-17,,,,,2026-06-30,,gfbj0874096
920036,觅睿科技,2026-08-20,,,,,2026-06-30,,gfbj0873697
920037,广信科技,2026-08-26,,,,,2026-06-30,,gfbj0430447
920039,国义招标,2026-08-28,,,,,2026-06-30,,gfbj0831039
920045,蘅东光,2026-08-21,,,,,2026-06-30,,gfbj0874084
920046,亿能电力,2026-08-25,,,,,2026-06-30,,gfbj0837046
920047,诺思兰德,2026-08-26,,,,,2026-06-30,,9900006121
920050,爱伦医疗,2026-08-24,,,,,2026-06-30,,gfbj0874105
920055,隆源股份,2026-08-26,,,,,2026-06-30,,gfbj0874546
920056,能之光,2026-08-27,,,,,2026-06-30,,gfbj0871532
920057,百甲科技,2026-08-25,,,,,2026-06-30,,gfbj0835857
920058,华洋赛车,2026-08-26,,,,,2026-06-30,,gfbj0834058
920060,万源通,2026-08-27,,,,,2026-06-30,,9900048400
920061,西磁科技,2026-08-21,,,,,2026-06-30,,gfbj0836961
920062,科润智控,2026-08-25,,,,,2026-06-30,,gfbj0834062
920066,科拜尔,2026-08-19,,,,,2026-06-30,,gfbj0873664
920068,天工股份,2026-08-28,,,,,2026-06-30,,gfbj0834549
920069,普昂医疗,2026-08-26,,,,,2026-06-30,,gfbj0874572
920072,科莱瑞迪,2026-08-26,,,,,2026-06-30,,gfbj0839744
920075,柏星龙,2026-08-25,,,,,2026-06-30,,gfbj0833075
920076,国亮新材,2026-08-26,,,,,2026-06-30,,9900040466
920077,吉林碳谷,2026-08-18,,,,,2026-06-30,,gfbj0836077
920078,族兴新材,2026-08-26,,,,,2026-06-30,,gfbj0830854
920080,奥美森,2026-08-20,,,,,2026-06-30,,gfbj0833340
920081,欧伦电气,2026-08-26,,,,,2026-06-30,,gfbj0874628
920082,方正阀门,2026-08-24,,,,,2026-06-30,,9900046486
920083,金戈新材,2026-08-28,,,,,2026-06-30,,gfbj0873524
920086,科马材料,2026-08-20,,,,,2026-06-30,,gfbj0831178
920087,秋乐种业,2026-08-18,,,,,2026-06-30,,gfbj0831087
920088,科力股份,2026-08-28,,,,,2026-06-30,,9900041869
920089,禾昌聚合,2026-08-10,,,,,2026-06-30,,gfbj0832089
920090,*ST同辉,2026-08-27,,,,,2026-06-30,,9900020567
920091,大鹏工业,2026-08-26,,,,,2026-06-30,,9900041536
920092,汉鑫科技,2026-08-28,,,,,2026-06-30,,gfbj0837092
920096,嘉晨智能,2026-08-12,,,,,2026-06-30,,9900056215
920098,科隆新材,2026-08-28,,,,,2026-06-30,,gfbj0834351
920099,瑞华技术,2026-08-21,,,,,2026-06-30,,gfbj0872869
920100,三协电机,2026-08-24,,,,,2026-06-30,,gfbj0873669
920101,志高机械,2026-08-27,,,,,2026-06-30,,gfbj0836517
920106,林泰新材,2026-08-24,,,,,2026-06-30,,gfbj0873682
920108,宏海科技,2026-08-26,,,,,2026-06-30,,gfbj0831075
920110,雷特科技,2026-08-18,,,,,2026-06-30,,gfbj0832110
920111,聚星科技,2026-08-20,,,,,2026-06-30,,nssc1000327
920112,巴兰仕,2026-08-26,,,,,2026-06-30,,gfbj0430674
920116,星图测控,2026-08-28,,,,,2026-06-30,,gfbj0874016
920118,太湖远大,2026-08-20,,,,,2026-06-30,,9900041895
920119,美德乐,2026-08-28,,,,,2026-06-30,,gfbj0874489
920121,江天科技,2026-08-26,,,,,2026-06-30,,gfbj0874560
920122,中纺标,2026-08-28,,,,,2026-06-30,,gfbj0873122
920123,芭薇股份,2026-08-25,,,,,2026-06-30,,gfbj0837023
920124,南特科技,2026-08-28,,,,,2026-06-30,,gfbj0838401
920125,鸿仕达,2026-08-17,,,,,2026-06-30,,gfbj0874538
920126,永大股份,2026-08-28,,,,,2026-06-30,,gfbj0874495
920128,胜业电气,2026-08-26,,,,,2026-06-30,,gfbj0873783
920130,立方控股,2026-08-27,,,,,2026-06-30,,gfbj0833030
920132,泰鹏智能,2026-08-28,,,,,2026-06-30,,gfbj0873132
920139,华岭股份,2026-08-17,,,,,2026-06-30,,9900024205
920145,恒合股份,2026-08-21,,,,,2026-06-30,,gfbj0832145
920146,华阳变速,2026-08-28,,,,,2026-06-30,,gfbj0839946
920149,旭杰科技,2026-08-26,,,,,2026-06-30,,gfbj0836149
920152,昆工科技,2026-08-28,,2026-08-20,,,2026-06-30,,gfbj0831152
920156,海昌智能,2026-08-26,,,,,2026-06-30,,gfbj0874519
920158,长江能科,2026-08-28,,,,,2026-06-30,,fzqy1030036
920159,农大科技,2026-08-24,,,,,2026-06-30,,gfbj0874513
920160,北矿检测,2026-08-25,,,,,2026-06-30,,gfbj0873694
920161,龙辰科技,2026-08-25,,,,,2026-06-30,,9900023061
920163,方大新材,2026-08-24,,,,,2026-06-30,,gfbj0838163
920166,海圣医疗,2026-08-24,,,,,2026-06-30,,gfbj0873794
920167,同享科技,2026-08-27,,,,,2026-06-30,,gfbj0839167
920168,通宝光电,2026-08-26,,,,,2026-06-30,,gfbj0833137
920169,七丰精工,2026-08-26,,,,,2026-06-30,,gfbj0873169
920171,志晟信息,2026-08-24,,,,,2026-06-30,,9900030337
920174,五新智能,2026-08-28,,,,,2026-06-30,,gfbj0835174
920175,东方碳素,2026-08-28,,,,,2026-06-30,,gfbj0832175
920177,恒道科技,2026-08-26,,,,,2026-06-30,,gfbj0874202
920178,锐翔智能,2026-08-25,,,,,2026-06-30,,gfbj0874580
920179,凯德石英,2026-08-27,,,,,2026-06-30,,gfbj0835179
920180,爱得科技,2026-08-24,,,,,2026-06-30,,gfbj0834286
920181,赛英电子,2026-08-28,,,,,2026-06-30,,gfbj0837559
920183,海菲曼,2026-08-26,,,,,2026-06-30,,gfbj0874481
920184,国源科技,2026-08-26,,,,,2026-06-30,,gfbj0835184
920185,贝特瑞,2026-08-28,,,,,2026-06-30,,gfbj0835185
920186,中科仪,2026-08-26,,,,,2026-06-30,,gfbj0830852
920187,通领科技,2026-08-26,,,,,2026-06-30,,gfbj0834081
920188,悦龙科技,2026-08-17,,,,,2026-06-30,,gfbj0874157
920189,康美特,2026-08-21,,,,,2026-06-30,,9900034066
920190,雷神科技,2026-08-10,,,,,2026-06-30,,9900035891
920191,瑞尔竞达,2026-08-18,,,,,2026-06-30,,gfbj0874327
920193,吉和昌,2026-08-12,,,,,2026-06-30,,gfbj0832073
920195,三祥科技,2026-08-26,,,,,2026-06-30,,gfbj0831195
920198,微创光电,2026-07-31,,2026-08-06,,,2026-06-30,,9900024889
920199,倍益康,2026-08-25,,,,,2026-06-30,,gfbj0870199
920200,振宏股份,2026-08-20,,,,,2026-06-30,,gfbj0874492
920204,沪江材料,2026-08-26,,,,,2026-06-30,,gfbj0870204
920206,彩客科技,2026-08-18,,,,,2026-06-30,,gfbj0873772
920207,众诚科技,2026-07-31,,2026-08-06,,,2026-06-30,,gfbj0835207
920208,青矩技术,2026-08-17,,,,,2026-06-30,,gfbj0836208
920211,新睿电子,2026-08-27,,,,,2026-06-30,,gfbj0874510
920212,智新电子,2026-08-18,,,,,2026-06-30,,gfbj0837212
920218,新天力,2026-08-27,,,,,2026-06-30,,gfbj0874555
920220,朗信电气,2026-08-26,,,,,2026-06-30,,gfbj0874326
920221,易实精密,2026-08-24,,,,,2026-06-30,,gfbj0836221
920222,益坤电气,2026-08-27,,,,,2026-06-30,,nssc1000269
920223,荣亿精密,2026-08-25,,,,,2026-06-30,,gfbj0873223
920225,利通科技,2026-08-27,,,,,2026-06-30,,gfbj0832225
920227,美登科技,2026-08-25,,,,,2026-06-30,,gfbj0838227
920230,欧康医药,2026-08-27,,,,,2026-06-30,,gfbj0833230
920237,力佳科技,2026-08-25,,,,,2026-06-30,,gfbj0835237
920239,长虹能源,2026-08-28,,,,,2026-06-30,,gfbj0836239
920242,建邦科技,2026-08-26,,,,,2026-06-30,,gfbj0837242
920245,威博液压,2026-08-27,,,,,2026-06-30,,gfbj0871245
920247,华密新材,2026-08-07,,,,,2026-06-30,,gfbj0836247
920249,利尔达,2026-08-19,,,,,2026-06-30,,gfbj0832149
920252,天宏锂电,2026-08-25,,,,,2026-06-30,,gfbj0873152
920260,中寰股份,2026-08-26,,,,,2026-06-30,,gfbj0836260
920261,一诺威,2026-08-20,,,,,2026-06-30,,gfbj0834261
920262,太湖雪,2026-07-31,,,,,2026-06-30,,gfbj0838262
920263,中航泰达,2026-08-25,,,,,2026-06-30,,gfbj0836263
920266,生物谷,2026-08-28,,2026-08-21,,,2026-06-30,,gfbj0833266
920267,鑫汇科,2026-08-26,,,,,2026-06-30,,gfbj0831167
920270,天铭科技,2026-08-27,,,,,2026-06-30,,gfbj0836270
920271,邦德股份,2026-08-27,,2026-08-24,,,2026-06-30,,gfbj0838171
920273,一致魔芋,2026-08-25,,,,,2026-06-30,,gfbj0839273
920274,宏裕包材,2026-08-14,,,,,2026-06-30,,gfbj0837174
920275,驱动力,2026-08-28,,,,,2026-06-30,,9900033375
920278,鹿得医疗,2026-08-25,,,,,2026-06-30,,gfbj0832278
920284,灵鸽科技,2026-08-21,,,,,2026-06-30,,gfbj0833284
920299,灿能电力,2026-08-21,,,,,2026-06-30,,gfbj0870299
920300,辰光医疗,2026-08-26,,,,,2026-06-30,,9900023934
920304,迪尔化工,2026-08-10,,,,,2026-06-30,,gfbj0831304
920339,恒太照明,2026-08-24,,,,,2026-06-30,,gfbj0873339
920344,三元基因,2026-08-28,,,,,2026-06-30,,gfbj0837344
920346,威贸电子,2026-08-27,,,,,2026-06-30,,gfbj0833346
920351,华光源海,2026-08-24,,,,,2026-06-30,,gfbj0872351
920357,雅葆轩,2026-08-28,,,,,2026-06-30,,gfbj0870357
920363,莱赛激光,2026-08-25,,,,,2026-06-30,,gfbj0871263
920367,新赣江,2026-08-27,,,,,2026-06-30,,gfbj0873167
920368,连城数控,2026-08-25,,,,,2026-06-30,,9900023723
920370,新安洁,2026-08-26,,,,,2026-06-30,,gfbj0831370
920371,欧福蛋业,2026-08-21,,,,,2026-06-30,,gfbj0839371
920374,云里物里,2026-08-25,,,,,2026-06-30,,gfbj0872374
920375,派诺科技,2026-08-28,,,,,2026-06-30,,gfbj0831175
920378,泰德股份,2026-08-24,,,,,2026-06-30,,gfbj0831278
920392,佳合科技,2026-08-28,,,,,2026-06-30,,gfbj0872392
920394,民士达,2026-08-20,,,,,2026-06-30,,gfbj0833394
920395,朗鸿科技,2026-08-26,,,,,2026-06-30,,gfbj0836395
920396,常辅股份,2026-08-18,,,,,2026-06-30,,9900034929
920402,硅烷科技,2026-08-28,,,,,2026-06-30,,gfbj0838402
920403,康农种业,2026-08-26,,,,,2026-06-30,,gfbj0837403
920405,海希通讯,2026-08-28,,,,,2026-06-30,,gfbj0831305
920407,驰诚股份,2026-08-06,,,,,2026-06-30,,gfbj0834407
920414,欧普泰,2026-08-24,,,,,2026-06-30,,gfbj0836414
920415,恒拓开源,2026-08-28,,,,,2026-06-30,,gfbj0834415
920418,苏轴股份,2026-08-17,,,,,2026-06-30,,gfbj0430418
920419,路斯股份,2026-08-25,,,,,2026-06-30,,gfbj0832419
920422,润普食品,2026-08-26,,,,,2026-06-30,,gfbj0836422
920425,乐创技术,2026-08-20,,,,,2026-06-30,,gfbj0430425
920427,华维设计,2026-08-28,,,,,2026-06-30,,gfbj0833427
920429,康比特,2026-08-14,,,,,2026-06-30,,gfbj0833429
920433,大唐药业,2026-08-27,,,,,2026-06-30,,gfbj0836433
920436,大地电气,2026-08-26,,,,,2026-06-30,,gfbj0870436
920438,戈碧迦,2026-08-26,,,,,2026-06-30,,gfbj0835438
920445,龙竹科技,2026-08-26,,,,,2026-06-30,,gfbj0831445
920454,同心传动,2026-08-03,,,,,2026-06-30,,gfbj0833454
920455,汇隆活塞,2026-08-28,,,,,2026-06-30,,gfbj0833455
920469,富恒新材,2026-08-24,,2026-08-21,,,2026-06-30,,gfbj0832469
920471,美邦科技,2026-08-21,,,,,2026-06-30,,gfbj0832471
920475,三友科技,2026-08-07,,,,,2026-06-30,,gfbj0834475
920476,海能技术,2026-08-17,,,,,2026-06-30,,gfbj0430476
920478,峆一药业,2026-08-28,,,,,2026-06-30,,gfbj0430478
920489,佳先股份,2026-08-28,,,,,2026-06-30,,9900028040
920491,奥迪威,2026-08-27,,,,,2026-06-30,,gfbj0832491
920493,并行科技,2026-08-28,,,,,2026-06-30,,gfbj0839493
920496,许昌智能,2026-08-28,,,,,2026-06-30,,gfbj0831396
920504,博迅生物,2026-08-25,,,,,2026-06-30,,gfbj0836504
920505,九菱科技,2026-08-27,,,,,2026-06-30,,gfbj0873305
920508,殷图网联,2026-08-26,,,,,2026-06-30,,gfbj0835508
920509,同惠电子,2026-08-11,,,,,2026-06-30,,gfbj0833509
920510,丰光精密,2026-08-14,,,,,2026-06-30,,gfbj0430510
920519,万德股份,2026-08-26,,,,,2026-06-30,,gfbj0836419
920522,纳科诺尔,2026-08-26,,,,,2026-06-30,,gfbj0832522
920523,德瑞锂电,2026-08-25,,,,,2026-06-30,,gfbj0833523
920526,凯华材料,2026-08-21,,,,,2026-06-30,,gfbj0831526
920527,夜光明,2026-08-26,,,,,2026-06-30,,gfbj0833841
920533,骏创科技,2026-08-20,,,,,2026-06-30,,gfbj0833533
920541,铁大科技,2026-08-25,,,,,2026-06-30,,gfbj0872541
920547,无锡晶海,2026-08-24,,,,,2026-06-30,,gfbj0836547
920553,凯腾精工,2026-08-27,,,,,2026-06-30,,gfbj0871553
920556,雅达股份,2026-08-27,,,,,2026-06-30,,9900023057
920564,天润科技,2026-08-27,,,,,2026-06-30,,gfbj0430564
920566,梓橦宫,2026-08-26,,,,,2026-06-30,,gfbj0832566
920570,坤博精工,2026-08-27,,,,,2026-06-30,,gfbj0873570
920571,国航远洋,2026-08-10,,,,,2026-06-30,,9900022904
920575,*ST康乐,2026-08-28,,2026-08-21,,,2026-06-30,,gfbj0833575
920576,天力复合,2026-08-10,,,,,2026-06-30,,gfbj0873576
920578,巨能股份,2026-08-25,,,,,2026-06-30,,gfbj0871478
920579,机科股份,2026-08-28,,,,,2026-06-30,,gfbj0835579
920580,科创新材,2026-08-26,,,,,2026-06-30,,gfbj0833580
920592,华信永道,2026-08-18,,,,,2026-06-30,,gfbj0837592
920593,鼎智科技,2026-08-28,,,,,2026-06-30,,gfbj0873593
920599,同力股份,2026-08-25,,,,,2026-06-30,,9900021933
920608,丰安股份,2026-08-27,,,,,2026-06-30,,9900034486
920627,力王股份,2026-08-26,,,,,2026-06-30,,gfbj0831627
920634,新威凌,2026-08-28,,,,,2026-06-30,,gfbj0871634
920639,晨光电缆,2026-08-26,,,,,2026-06-30,,gfbj0834639
920640,富士达,2026-08-26,,,,,2026-06-30,,gfbj0835640
920641,格利尔,2026-08-25,,,,,2026-06-30,,gfbj0831641
920642,通易航天,2026-08-27,,,,,2026-06-30,,gfbj0871642
920651,天罡股份,2026-08-26,,,,,2026-06-30,,gfbj0832651
920656,海昇药业,2026-08-20,,,,,2026-06-30,,gfbj0870656
920662,方盛股份,2026-08-25,,,,,2026-06-30,,gfbj0832662
920663,明阳科技,2026-08-12,,,,,2026-06-30,,gfbj0837663
920665,科强股份,2026-08-21,,,,,2026-06-30,,gfbj0872059
920670,数字人,2026-08-21,,,,,2026-06-30,,gfbj0835670
920675,秉扬科技,2026-08-27,,,,,2026-06-30,,gfbj0836675
920679,前进科技,2026-08-28,,,,,2026-06-30,,nssc1000287
920682,球冠电缆,2026-08-21,,,,,2026-06-30,,gfbj0834682
920685,新芝生物,2026-08-26,,,,,2026-06-30,,gfbj0430685
920689,克莱特,2026-08-25,,,,,2026-06-30,,gfbj0831689
920690,捷众科技,2026-08-25,,,,,2026-06-30,,9900035089
920693,阿为特,2026-08-25,,,,,2026-06-30,,nssc1000029
920694,中裕科技,2026-08-20,,,,,2026-06-30,,9900035499
920699,海达尔,2026-08-24,,,,,2026-06-30,,gfbj0836699
920701,豪声电子,2026-08-25,,,,,2026-06-30,,gfbj0838701
920703,广厦环能,2026-08-11,,,,,2026-06-30,,gfbj0833747
920706,铁拓机械,2026-08-24,,,,,2026-06-30,,nssc1000632
920717,瑞星股份,2026-08-26,,,,,2026-06-30,,gfbj0836717
920718,合肥高科,2026-08-28,,,,,2026-06-30,,gfbj0430718
920719,宁新新材,2026-08-27,,2026-08-19,,,2026-06-30,,gfbj0839719
920720,吉冈精密,2026-08-26,,,,,2026-06-30,,gfbj0836720
920725,惠丰钻石,2026-08-26,,,,,2026-06-30,,gfbj0839725
920726,朱老六,2026-08-20,,,,,2026-06-30,,gfbj0831726
920729,永顺生物,2026-08-26,,,,,2026-06-30,,gfbj0839729
920735,德源药业,2026-08-25,,,,,2026-06-30,,gfbj0832735
920748,路桥信息,2026-08-26,,,,,2026-06-30,,gfbj0837748
920751,惠同新材,2026-08-10,,,,,2026-06-30,,gfbj0833751
920753,天纺标,2026-08-27,,,,,2026-06-30,,gfbj0871753
920765,美之高,2026-08-28,,,,,2026-06-30,,gfbj0834765
920768,拾比佰,2026-08-25,,,,,2026-06-30,,gfbj0831768
920770,艾能聚,2026-08-27,,,,,2026-06-30,,gfbj0834770
920779,武汉蓝电,2026-08-20,,,,,2026-06-30,,gfbj0830779
920781,瑞奇智造,2026-08-26,,,,,2026-06-30,,gfbj0833781
920786,骑士乳业,2026-08-20,,,,,2026-06-30,,gfbj0832786
920790,联迪信息,2026-08-28,,,,,2026-06-30,,gfbj0839790
920792,东和新材,2026-08-26,,,,,2026-06-30,,gfbj0839792
920799,艾融软件,2026-08-21,,,,,2026-06-30,,gfbj0830799
920802,保丽洁,2026-08-20,,,,,2026-06-30,,gfbj0832802
920806,云星宇,2026-08-25,,,,,2026-06-30,,9900030903
920807,奔朗新材,2026-08-26,,,,,2026-06-30,,gfbj0836807
920808,曙光数创,2026-08-25,,,,,2026-06-30,,gfbj0872808
920809,安达科技,2026-08-18,,,,,2026-06-30,,gfbj0830809
920810,春光智能,2026-08-28,,,,,2026-06-30,,gfbj0838810
920819,颖泰生物,2026-08-14,,,,,2026-06-30,,gfbj0833819
920821,则成电子,2026-08-20,,,,,2026-06-30,,gfbj0837821
920826,盖世食品,2026-08-21,,,,,2026-06-30,,gfbj0836826
920832,齐鲁华信,2026-08-18,,,,,2026-06-30,,gqtg0100030
920833,美心翼申,2026-08-28,,,,,2026-06-30,,gfbj0833959
920834,三维装备,2026-08-27,,,,,2026-06-30,,gfbj0831834
920837,华原股份,2026-08-26,,,,,2026-06-30,,gfbj0838837
920839,万通液压,2026-08-20,,,,,2026-06-30,,gfbj0830839
920855,浙江大农,2026-08-25,,,,,2026-06-30,,gfbj0831855
920856,浩淼科技,2026-08-25,,,,,2026-06-30,,gfbj0831856
920857,泓禧科技,2026-08-27,,,,,2026-06-30,,gfbj0871857
920866,绿亨科技,2026-08-24,,,,,2026-06-30,,gfbj0870866
920870,恒进感应,2026-08-25,,,,,2026-06-30,,gfbj0838670
920871,派特尔,2026-08-17,,,,,2026-06-30,,gfbj0836871
920873,中设咨询,2026-08-24,,,,,2026-06-30,,gqtg0900033
920876,慧为智能,2026-08-28,,,,,2026-06-30,,gfbj0832876
920879,基康技术,2026-08-25,,,,,2026-06-30,,gfbj0830879
920885,星辰科技,2026-08-21,,,,,2026-06-30,,gfbj0832885
920892,广咨国际,2026-08-27,,,,,2026-06-30,,gfbj0836892
920895,花溪科技,2026-08-21,,2026-07-24,2026-08-24,,2026-06-30,,gfbj0872895
920896,旺成科技,2026-08-26,,,,,2026-06-30,,gqtg0900028
920906,舜宇精工,2026-08-27,,,,,2026-06-30,,gfbj0831906
920914,远航精密,2026-08-21,,,,,2026-06-30,,gfbj0833914
920924,广脉科技,2026-08-25,,,,,2026-06-30,,gfbj0838924
920925,锦好医疗,2026-08-25,,,,,2026-06-30,,gfbj0872925
920926,鸿智科技,2026-08-24,,,,,2026-06-30,,gfbj0870726
920931,无锡鼎邦,2026-08-20,,,,,2026-06-30,,gfbj0872931
920932,科达自控,2026-08-26,,2026-08-20,,,2026-06-30,,gfbj0831832
920942,恒立钻具,2026-08-24,,,,,2026-06-30,,gfbj0836942
920943,优机股份,2026-08-26,,,,,2026-06-30,,9900013373
920946,森萱医药,2026-08-26,,,,,2026-06-30,,gfbj0830946
920950,迅安科技,2026-08-25,,,,,2026-06-30,,gfbj0834950
920953,国子软件,2026-08-20,,,,,2026-06-30,,gfbj0872953
920957,汉维科技,2026-08-24,,,,,2026-06-30,,gfbj0836957
920961,创远信科,2026-08-28,,,,,2026-06-30,,gfbj0831961
920964,润农节水,2026-08-27,,,,,2026-06-30,,gfbj0830964
920970,大禹生物,2026-08-24,,,,,2026-06-30,,gfbj0871970
920971,天马新材,2026-08-25,,,,,2026-06-30,,gfbj0838971
920974,凯大催化,2026-08-20,,2026-08-19,,,2026-06-30,,gfbj0830974
920976,视声智能,2026-08-24,,,,,2026-06-30,,gfbj0870976
920978,开特股份,2026-08-26,,,,,2026-06-30,,gfbj0832978
920981,晶赛科技,2026-08-07,,,,,2026-06-30,,gfbj0871981
920982,锦波生物,2026-08-28,,,,,2026-06-30,,gfbj0832982
920985,海泰新能,2026-08-27,,2026-08-18,,,2026-06-30,,gfbj0835985
920992,中科美菱,2026-08-14,,,,,2026-06-30,,gfbj0835892
